2009/08/17,19.73,19.73,19.1,19.15,13940410.0
2009/08/18,19.0,19.22,18.73,18.84,24006459.0
2009/08/19,19.03,19.16,18.74,18.8,14397240.0
2009/08/20,18.7,18.75,18.32,18.56,19576200.0
2009/08/21,18.8,18.89,18.35,18.35,13551010.0
2009/08/24,18.56,18.75,18.56,18.65,5166450.0
2009/08/25,18.7,18.71,18.3,18.31,6608748.0
2009/08/26,18.31,18.4,18.14,18.4,7779550.0
2009/08/27,18.2,18.38,18.09,18.09,4249000.0
2009/08/28,18.09,18.25,17.78,17.78,8246080.0
2009/08/31,17.99,18.04,17.23,17.29,12741129.0
2009/09/01,17.3,17.79,17.21,17.77,18353020.0
2009/09/02,17.7,17.91,17.56,17.6,16331998.0
2009/09/03,17.76,18.22,17.72,18.21,18567120.0
2009/09/04,18.4,18.62,18.35,18.41,16508312.0
2009/09/07,18.7,18.95,18.7,18.95,15650160.0
2009/09/08,18.95,19.0,18.77,18.92,9720500.0
2009/09/09,19.1,19.12,18.83,18.83,9461500.0
2009/09/10,19.0,19.06,18.79,18.85,7322009.0
2009/09/11,18.8,18.98,18.8,18.98,8012100.0
2009/09/14,19.0,19.0,18.82,18.93,5881000.0
2009/09/15,18.98,19.03,18.92,18.97,4852598.0
2009/09/16,19.0,19.03,18.79,18.9,6212510.0
2009/09/17,18.98,19.11,18.89,19.05,7498200.0
2009/09/18,19.0,19.1,18.95,18.98,4219627.0
2009/09/21,18.88,18.88,18.52,18.67,11478077.0
2009/09/22,18.68,18.77,18.6,18.75,5434817.0
2009/09/23,18.7,18.7,18.47,18.54,8929200.0
2009/09/24,18.35,18.37,18.05,18.2,11639166.0
2009/09/25,18.3,18.3,18.08,18.18,5600345.0
2009/09/28,18.0,18.25,18.0,18.13,3937100.0
2009/09/29,18.0,18.17,17.99,18.01,13246999.0
2009/09/30,18.1,18.3,18.07,18.21,10532555.0
2009/10/01,18.2,18.25,18.15,18.23,3443600.0
2009/10/02,18.03,18.19,17.92,17.95,8442940.0
2009/10/05,17.99,18.06,17.94,18.06,4363300.0
2009/10/06,18.1,18.24,18.1,18.2,3943400.0
2009/10/07,18.3,18.47,18.3,18.44,7995949.0
2009/10/08,18.55,18.76,18.54,18.67,10992130.0
2009/10/09,18.8,18.85,18.6,18.7,9294260.0
2009/10/12,18.9,18.9,18.71,18.75,4310300.0
2009/10/13,18.6,18.71,18.55,18.66,3444000.0
2009/10/14,18.72,18.99,18.7,18.99,8528914.0
2009/10/15,19.05,19.09,18.81,18.88,9660777.0
2009/10/16,18.9,18.95,18.76,18.77,3742200.0
2009/10/19,18.8,19.03,18.75,19.0,5996015.0
2009/10/20,19.2,19.5,19.2,19.46,11222500.0
2009/10/21,19.6,19.68,19.42,19.68,8766566.0
2009/10/22,19.65,19.66,19.44,19.49,9060300.0
2009/10/23,19.61,20.0,19.56,20.0,9520503.0
2009/10/26,20.05,20.09,19.91,19.95,10012015.0
2009/10/27,19.9,19.9,19.57,19.65,8740600.0
2009/10/28,19.45,19.6,19.15,19.25,8269634.0
2009/10/29,19.05,19.1,18.89,19.04,8673450.0
2009/10/30,19.1,19.56,19.1,19.42,7766270.0
2009/11/02,19.04,19.34,18.98,19.34,5466533.0
2009/11/03,19.61,19.86,19.59,19.76,8285091.0
2009/11/04,19.85,19.93,19.71,19.9,6170750.0
2009/11/05,19.9,19.95,19.75,19.77,4710950.0
2009/11/06,20.0,20.05,19.9,19.94,8836750.0
2009/11/09,20.0,20.04,19.92,19.96,5732770.0
2009/11/10,20.05,20.17,20.02,20.08,11670250.0
2009/11/11,20.05,20.13,19.96,20.03,5100180.0
2009/11/12,20.03,20.13,20.03,20.09,4777750.0
2009/11/13,19.99,20.03,19.84,19.91,4699750.0
2009/11/16,20.03,20.39,20.02,20.39,12248950.0
2009/11/17,20.49,20.49,20.2,20.2,7985291.0
2009/11/18,20.26,20.42,20.16,20.25,8580329.0
2009/11/19,20.25,20.35,20.2,20.27,5758999.0
2009/11/20,20.18,20.28,20.13,20.27,6262999.0
2009/11/23,20.27,20.42,20.17,20.31,4349949.0
2009/11/24,20.39,20.62,20.36,20.5,9996865.0
2009/11/25,19.96,20.13,19.96,20.01,14291270.0
2009/11/26,20.24,20.35,20.03,20.06,7221196.0
2009/11/27,19.71,19.71,19.17,19.17,16884500.0
2009/11/30,19.37,19.64,19.37,19.58,7950750.0
2009/12/01,19.62,19.7,19.5,19.66,3697370.0
2009/12/02,19.91,20.06,19.87,20.03,6218750.0
2009/12/03,20.09,20.1,19.86,19.9,4098750.0
2009/12/04,19.97,20.22,19.85,19.89,6285750.0
2009/12/07,20.2,20.26,20.07,20.09,7815750.0
2009/12/08,20.13,20.19,20.03,20.05,4524850.0
2009/12/09,20.0,20.07,19.95,20.01,7580000.0
2009/12/10,19.95,20.0,19.74,19.8,3148500.0
2009/12/11,19.88,20.02,19.88,19.92,2358750.0
2009/12/14,19.92,19.92,19.6,19.76,4408150.0
2009/12/16,19.88,19.95,19.82,19.9,1739429.0
2009/12/17,19.85,19.85,19.58,19.6,4345550.0
2009/12/18,19.5,19.5,19.23,19.39,6081370.0
2009/12/21,19.29,19.31,19.09,19.12,8099170.0
2009/12/22,19.29,19.31,19.1,19.2,5455850.0
2009/12/23,19.12,19.2,19.0,19.14,9750950.0
2009/12/24,19.23,19.45,19.18,19.45,8102050.0
2009/12/25,19.49,19.49,19.35,19.42,2199250.0
2009/12/28,19.4,19.61,19.4,19.56,4490053.0
2009/12/29,19.52,19.52,19.36,19.39,3426999.0
2009/12/30,19.4,19.56,19.4,19.56,3986256.0
2009/12/31,0.0,0.0,0.0,19.7,0.0
2010/01/04,19.7,19.73,19.5,19.52,3788607.0
2010/01/05,19.53,19.6,19.41,19.52,3890500.0
2010/01/06,19.6,19.7,19.55,19.56,3792750.0
2010/01/07,19.56,19.56,19.37,19.39,2765951.0
2010/01/08,19.35,19.37,19.15,19.19,4870151.0
2010/01/11,19.25,19.65,19.21,19.45,4647399.0
2010/01/12,19.33,19.39,19.05,19.24,8221000.0
2010/01/13,19.01,19.06,18.94,18.98,6646749.0
2010/01/14,19.0,19.06,18.96,19.01,4313741.0
2010/01/15,19.04,19.1,19.0,19.05,2045251.0
2010/01/18,19.05,19.17,19.01,19.15,2178740.0
2010/01/19,19.1,19.21,19.1,19.12,2239460.0
2010/01/20,19.21,19.22,19.0,19.15,4322800.0
2010/01/21,18.92,18.94,18.73,18.82,5298000.0
2010/01/22,18.7,18.7,18.35,18.37,5998500.0
2010/01/25,18.31,18.55,18.3,18.39,2226591.0
2010/01/26,18.39,18.45,18.0,18.04,5138816.0
2010/01/27,18.04,18.06,17.84,17.92,3805290.0
2010/01/28,17.92,18.18,17.9,18.15,3870326.0
2010/01/29,18.0,18.17,17.9,18.11,2664672.0
2010/02/01,18.14,18.14,17.6,17.72,5970828.0
2010/02/02,17.96,17.97,17.72,17.73,2505825.0
2010/02/03,17.8,17.9,17.53,17.77,2735483.0
2010/02/04,17.9,18.03,17.81,17.95,2017158.0
2010/02/05,17.7,17.7,17.5,17.51,3756014.0
2010/02/08,17.5,17.57,17.46,17.57,1418150.0
2010/02/09,17.6,17.72,17.5,17.63,1667550.0
2010/02/10,0.0,0.0,0.0,17.8,0.0
2010/02/22,18.0,18.04,17.85,17.99,2171610.0
2010/02/23,17.97,17.97,17.64,17.81,2030099.0
2010/02/24,17.75,17.88,17.68,17.83,1639570.0
2010/02/25,17.93,18.11,17.88,17.92,3651609.0
2010/02/26,18.0,18.09,17.98,18.09,1166830.0
2010/03/01,18.1,18.4,18.09,18.4,1761550.0
2010/03/02,18.42,18.44,18.28,18.28,1331250.0
2010/03/03,18.25,18.3,18.2,18.29,979050.0
2010/03/04,18.29,18.34,18.12,18.15,1882250.0
2010/03/05,18.17,18.2,18.04,18.15,2204150.0
2010/03/08,18.21,18.25,18.18,18.24,1240050.0
2010/03/09,18.26,18.33,18.17,18.33,1057150.0
2010/03/10,18.33,18.35,18.25,18.28,803250.0
2010/03/11,18.36,18.36,18.15,18.2,1257550.0
2010/03/12,18.26,18.26,18.1,18.13,1243331.0
2010/03/15,18.1,18.12,17.8,17.8,3050857.0
2010/03/16,17.8,17.91,17.79,17.79,3349637.0
2010/03/17,17.91,17.98,17.86,17.96,3648000.0
2010/03/18,18.15,18.17,18.07,18.16,3482710.0
2010/03/19,18.1,18.18,18.07,18.18,2009280.0
2010/03/22,18.18,18.41,18.1,18.4,5067765.0
2010/03/23,18.4,18.4,18.19,18.28,2472000.0
2010/03/24,18.28,18.28,18.1,18.14,2456000.0
2010/03/25,18.11,18.13,17.99,18.0,2672020.0
2010/03/26,18.04,18.17,17.97,18.16,1673450.0
2010/03/29,18.2,18.55,18.2,18.55,5029200.0
2010/03/30,18.6,18.71,18.58,18.65,10160900.0
2010/03/31,18.67,18.75,18.58,18.58,9060645.0
2010/04/01,18.6,18.96,18.6,18.96,5199199.0
2010/04/02,0.0,0.0,0.0,19.1,0.0
2010/04/06,19.15,19.2,19.01,19.09,2609750.0
2010/04/07,19.07,19.15,19.0,19.08,1985850.0
2010/04/08,19.05,19.05,18.8,18.8,3823155.0
2010/04/09,18.74,18.96,18.72,18.93,1823521.0
2010/04/12,19.02,19.07,18.89,18.95,3417800.0
2010/04/13,18.95,19.0,18.56,18.7,5769156.0
2010/04/14,18.79,18.83,18.72,18.82,2664750.0
2010/04/15,18.85,18.92,18.74,18.76,2650870.0
2010/04/16,18.77,18.82,18.6,18.66,2992850.0
2010/04/19,18.56,18.59,18.01,18.04,8619922.0
2010/04/20,18.0,18.15,17.9,17.95,9359199.0
2010/04/21,18.05,18.15,18.02,18.15,5427998.0
2010/04/22,18.13,18.19,17.95,18.11,1891353.0
2010/04/23,18.17,18.17,17.99,17.99,2555020.0
2010/04/26,18.1,18.2,18.05,18.13,4828200.0
2010/04/27,18.13,18.13,17.81,17.85,8031500.0
2010/04/28,17.7,17.86,17.66,17.76,6356128.0
2010/04/29,17.8,18.0,17.8,18.0,2861391.0
2010/04/30,17.89,17.95,17.7,17.83,10025390.0
2010/05/03,17.77,17.86,17.54,17.83,7484849.0
2010/05/04,17.71,17.75,17.55,17.61,7911740.0
2010/05/05,17.43,17.48,17.15,17.37,8540748.0
2010/05/06,17.47,17.47,17.21,17.21,3907774.0
2010/05/07,16.98,17.05,16.88,17.05,8998038.0
2010/05/10,17.07,17.13,16.9,17.08,6040431.0
2010/05/11,17.17,17.37,17.16,17.19,4300314.0
2010/05/12,17.18,17.33,17.01,17.21,6059838.0
2010/05/13,17.3,17.4,17.25,17.39,6635726.0
2010/05/14,17.43,17.51,17.37,17.5,3532298.0
2010/05/17,17.31,17.37,17.09,17.15,5342901.0
2010/05/18,17.01,17.18,17.01,17.18,5165500.0
2010/05/19,17.15,17.3,17.05,17.3,4280600.0
2010/05/20,17.23,17.29,17.07,17.13,2766271.0
2010/05/21,16.95,17.05,16.76,17.05,4932723.0
2010/05/24,17.2,17.53,17.17,17.52,8786480.0
2010/05/25,17.5,17.5,17.1,17.21,6289421.0
2010/05/26,17.28,17.34,17.22,17.27,2565231.0
2010/05/27,17.27,17.33,17.15,17.27,2031818.0
2010/05/28,17.43,17.46,17.28,17.33,2958500.0
2010/05/31,17.33,17.4,17.28,17.4,1853976.0
2010/06/01,17.25,17.31,17.23,17.25,1776500.0
2010/06/02,17.19,17.29,17.13,17.13,1712120.0
2010/06/03,17.21,17.35,17.21,17.33,2086181.0
2010/06/04,17.27,17.33,17.26,17.28,1943100.0
2010/06/07,17.17,17.17,17.05,17.12,2743612.0
2010/06/08,17.12,17.25,17.12,17.21,1320400.0
2010/06/09,17.25,17.25,17.01,17.06,3130999.0
2010/06/10,17.2,17.24,17.05,17.18,3901500.0
2010/06/11,17.2,17.28,17.1,17.22,4829999.0
2010/06/14,17.25,17.25,17.07,17.12,4773514.0
2010/06/15,0.0,0.0,0.0,17.12,0.0
2010/06/17,17.21,17.23,17.08,17.12,6138999.0
2010/06/18,17.1,17.13,17.05,17.1,2518500.0
2010/06/21,17.28,17.55,17.14,17.54,12380500.0
2010/06/22,17.5,17.57,17.37,17.57,7324580.0
2010/06/23,17.41,17.55,17.41,17.46,5968280.0
2010/06/24,17.5,17.6,17.41,17.6,7396300.0
2010/06/25,17.45,17.5,17.28,17.36,9237820.0
2010/06/28,17.4,17.48,17.2,17.2,6033538.0
2010/06/29,17.33,17.33,16.97,16.97,7662568.0
2010/06/30,16.76,16.76,16.4,16.4,16658960.0
2010/07/01,16.42,16.61,16.42,16.47,3947847.0
2010/07/02,16.47,16.52,16.23,16.23,11855809.0
2010/07/05,16.3,16.38,16.14,16.21,9826339.0
2010/07/06,16.25,16.61,16.25,16.51,14206655.0
2010/07/07,16.6,16.61,16.36,16.4,8324846.0
2010/07/08,16.6,16.73,16.51,16.56,10143644.0
2010/07/09,16.57,17.12,16.57,17.12,17974235.0
2010/07/12,17.21,17.51,17.14,17.43,22131170.0
2010/07/13,17.34,17.47,17.12,17.18,14559690.0
2010/07/14,17.28,17.45,17.28,17.41,11691980.0
2010/07/15,17.31,17.42,17.19,17.31,7096802.0
2010/07/16,17.11,17.17,16.98,17.04,13210090.0
2010/07/19,17.01,17.16,16.95,17.16,9326131.0
2010/07/20,17.24,17.62,17.24,17.62,18155962.0
2010/07/21,17.68,17.82,17.62,17.69,18078979.0
2010/07/22,17.75,17.77,17.63,17.71,10214700.0
2010/07/23,17.8,18.03,17.8,18.0,14940970.0
2010/07/26,18.01,18.07,17.9,17.95,7896050.0
2010/07/27,17.98,18.01,17.85,17.86,5977490.0
2010/07/28,17.8,17.99,17.67,17.99,7415770.0
2010/07/29,18.05,18.14,18.01,18.02,8589501.0
2010/07/30,18.02,18.02,17.8,17.82,7652411.0
2010/08/02,17.87,18.15,17.87,18.14,10609718.0
2010/08/03,18.14,18.14,17.94,18.0,7234826.0
2010/08/04,17.89,17.93,17.81,17.85,6647800.0
2010/08/05,17.95,18.0,17.78,17.78,7173725.0
2010/08/06,17.78,17.88,17.62,17.82,7526595.0
2010/08/09,17.9,18.03,17.86,17.94,8905500.0
2010/08/10,18.0,18.08,17.7,17.75,11045362.0
2010/08/11,17.61,17.75,17.51,17.56,9054300.0
2010/08/12,17.49,17.52,17.36,17.4,12030093.0
2010/08/13,17.4,17.48,17.33,17.47,6279200.0
2010/08/16,17.47,17.72,17.45,17.7,5317994.0
2010/08/17,17.7,17.76,17.67,17.69,6080200.0
2010/08/18,17.74,17.84,17.67,17.7,4800770.0
2010/08/19,17.7,17.82,17.66,17.82,3973120.0
2010/08/20,17.77,17.77,17.56,17.63,4004548.0
2010/08/23,17.56,17.62,17.48,17.49,5986700.0
2010/08/24,17.49,17.64,17.4,17.58,3758200.0
2010/08/25,17.5,17.5,17.35,17.35,4654550.0
2010/08/26,17.35,17.46,17.31,17.4,3741450.0
2010/08/27,17.35,17.4,17.27,17.33,4065551.0
2010/08/30,17.33,17.5,17.33,17.41,3450325.0
2010/08/31,17.4,17.43,17.31,17.32,4541626.0
2010/09/01,17.32,17.5,17.32,17.43,2042423.0
2010/09/02,17.5,17.61,17.5,17.61,5651200.0
2010/09/03,17.7,17.7,17.55,17.55,4532200.0
2010/09/06,17.6,17.71,17.6,17.69,5455267.0
2010/09/07,17.73,17.8,17.68,17.7,5545293.0
2010/09/08,17.7,17.71,17.54,17.55,2821260.0
2010/09/09,17.6,17.65,17.52,17.52,2255304.0
2010/09/10,17.52,17.58,17.4,17.4,4481300.0
2010/09/13,17.45,17.77,17.45,17.76,4732200.0
2010/09/14,17.81,17.81,17.63,17.65,3672300.0
2010/09/15,17.66,17.69,17.62,17.65,2094010.0
2010/09/16,17.65,17.65,17.39,17.39,5838306.0
2010/09/17,17.4,17.58,17.4,17.55,2392670.0
2010/09/20,17.54,17.54,17.4,17.48,2390450.0
2010/09/21,0.0,0.0,0.0,17.48,0.0
2010/09/23,17.52,17.58,17.47,17.58,2284017.0
2010/09/24,17.55,17.55,17.44,17.45,1486072.0
2010/09/27,17.55,17.65,17.55,17.63,3296420.0
2010/09/28,17.66,17.75,17.65,17.68,5263370.0
2010/09/29,17.68,17.74,17.63,17.71,3438900.0
2010/09/30,17.76,17.8,17.61,17.76,6510400.0
2010/10/01,17.78,17.8,17.74,17.78,2880683.0
2010/10/04,17.78,17.95,17.74,17.92,6650445.0
2010/10/05,18.02,18.14,17.94,18.03,12764450.0
2010/10/06,18.1,18.25,18.1,18.23,9102273.0
2010/10/07,18.24,18.25,18.09,18.16,6431693.0
2010/10/08,18.19,18.42,18.11,18.39,10678000.0
2010/10/11,18.51,18.98,18.48,18.9,17438467.0
2010/10/12,18.85,19.0,18.73,18.83,15015550.0
2010/10/13,18.89,19.09,18.87,18.98,19302601.0
2010/10/14,19.1,19.49,19.1,19.27,22330253.0
2010/10/15,19.26,19.56,19.16,19.5,21286958.0
2010/10/18,19.69,19.71,19.27,19.38,22038125.0
2010/10/19,19.41,19.68,19.28,19.41,17121766.0
2010/10/20,19.35,19.85,19.31,19.83,25485535.0
2010/10/21,19.8,19.91,19.6,19.68,19490321.0
2010/10/22,19.7,19.87,19.59,19.82,12357697.0
2010/10/25,19.8,20.06,19.72,20.06,16480850.0
2010/10/26,20.1,20.31,20.07,20.1,13778432.0
2010/10/27,20.14,20.29,19.9,19.9,15628300.0
2010/10/28,19.78,19.87,19.62,19.66,8067610.0
2010/10/29,19.6,19.65,19.24,19.39,11900030.0
2010/11/01,19.48,19.99,19.47,19.99,11541886.0
2010/11/02,20.1,20.35,19.99,20.35,19312289.0
2010/11/03,20.33,20.33,20.01,20.06,14266018.0
2010/11/04,20.06,20.27,20.06,20.25,10209095.0
2010/11/05,20.5,20.9,20.5,20.8,20404886.0
2010/11/08,20.8,20.85,20.6,20.71,9301073.0
2010/11/09,20.9,20.9,20.71,20.72,10969050.0
2010/11/10,20.78,20.88,20.66,20.66,11071003.0
2010/11/11,20.65,21.12,20.6,21.12,12370547.0
2010/11/12,20.99,20.99,20.43,20.45,22972100.0
2010/11/15,20.1,20.31,20.03,20.29,15595704.0
2010/11/16,20.27,20.44,20.16,20.19,8932095.0
2010/11/17,19.69,19.79,19.61,19.7,24069807.0
2010/11/18,19.69,19.84,19.64,19.78,13110950.0
2010/11/19,19.9,19.98,19.41,19.48,20110176.0
2010/11/22,19.68,19.75,19.55,19.65,13076999.0
2010/11/23,19.65,19.69,19.33,19.34,12872660.0
2010/11/24,19.25,19.57,19.25,19.55,5680965.0
2010/11/25,19.69,19.85,19.67,19.85,5264510.0
2010/11/26,19.94,19.94,19.51,19.55,10726790.0
2010/11/29,19.6,19.65,19.46,19.53,4388500.0
2010/11/30,19.6,19.75,19.27,19.34,11066500.0
2010/12/01,19.4,19.49,19.31,19.4,7713234.0
2010/12/02,19.7,19.98,19.65,19.98,9033324.0
2010/12/03,19.94,19.94,19.75,19.78,8035400.0
2010/12/06,19.8,19.91,19.59,19.66,9439426.0
2010/12/07,19.66,19.67,19.42,19.52,10827500.0
2010/12/08,19.56,19.64,19.48,19.58,4423705.0
2010/12/09,19.58,19.6,19.36,19.48,10992650.0
2010/12/10,19.32,19.45,19.32,19.38,11807003.0
2010/12/13,19.46,19.96,19.46,19.95,10654425.0
2010/12/14,20.0,20.15,19.82,19.88,13839885.0
2010/12/15,19.9,19.92,19.68,19.8,5658040.0
2010/12/16,19.69,19.74,19.56,19.58,7071240.0
2010/12/17,19.58,19.62,19.46,19.5,9778600.0
2010/12/20,19.6,19.65,19.25,19.3,14496192.0
2010/12/21,19.4,19.6,19.35,19.6,7765305.0
2010/12/22,19.7,19.71,19.57,19.68,7142425.0
2010/12/23,19.68,19.68,19.49,19.56,5378125.0
2010/12/24,19.43,19.46,19.29,19.4,9110255.0
2010/12/27,19.38,19.66,19.35,19.6,7309675.0
2010/12/28,19.35,19.38,19.23,19.34,12925492.0
2010/12/29,19.21,19.38,19.1,19.2,15715613.0
2010/12/30,19.2,19.31,19.13,19.24,8638200.0
2010/12/31,19.27,19.47,19.24,19.47,8119365.0
2011/01/03,19.51,19.65,19.49,19.63,9034046.0
2011/01/04,19.7,19.76,19.61,19.74,9839200.0
2011/01/05,19.71,19.74,19.61,19.66,6148250.0
2011/01/06,19.5,19.67,19.46,19.57,7556883.0
2011/01/07,19.57,19.71,19.51,19.55,6363500.0
2011/01/10,19.53,19.55,19.24,19.3,9180046.0
2011/01/11,19.2,19.33,19.1,19.33,12052999.0
2011/01/12,19.33,19.4,19.18,19.2,12881499.0
2011/01/13,19.22,19.34,19.16,19.22,5436055.0
2011/01/14,19.22,19.24,19.05,19.13,6722784.0
2011/01/17,19.12,19.18,18.78,18.78,15112839.0
2011/01/18,18.7,18.7,18.53,18.66,19039133.0
2011/01/19,18.6,18.79,18.55,18.79,14688166.0
2011/01/20,18.8,18.83,18.45,18.45,15598653.0
2011/01/21,18.41,18.59,18.33,18.55,15210499.0
2011/01/24,18.4,18.48,18.34,18.4,14490324.0
2011/01/25,18.3,18.41,18.26,18.28,19047464.0
2011/01/26,18.24,18.26,18.11,18.18,27079061.0
2011/01/27,18.18,18.29,18.06,18.29,21498964.0
2011/01/28,0.0,0.0,0.0,18.2,0.0
2011/02/08,18.22,18.22,18.1,18.11,10100471.0
2011/02/09,18.2,18.21,18.01,18.01,12943295.0
2011/02/10,17.99,17.99,17.78,17.87,18417398.0
2011/02/11,17.97,18.04,17.8,17.82,13429000.0
2011/02/14,18.0,18.46,17.95,18.46,20961000.0
2011/02/15,18.5,18.76,18.46,18.76,21698418.0
2011/02/16,18.75,18.76,18.57,18.71,10508850.0
2011/02/17,18.8,18.91,18.74,18.82,13098242.0
2011/02/18,18.95,18.99,18.73,18.79,11338120.0
2011/02/21,18.7,18.84,18.62,18.69,5969295.0
2011/02/22,18.61,18.72,18.33,18.42,16482220.0
2011/02/23,18.3,18.45,18.29,18.4,6588410.0
2011/02/24,18.4,18.55,18.32,18.32,5120070.0
2011/02/25,0.0,0.0,0.0,18.52,0.0
2011/03/01,18.86,19.03,18.83,19.03,12260403.0
2011/03/02,18.95,19.02,18.78,18.86,8200526.0
2011/03/03,19.12,19.3,19.01,19.28,18355670.0
2011/03/04,19.3,19.3,19.14,19.19,8211390.0
2011/03/07,19.27,19.43,19.23,19.39,12605398.0
2011/03/08,19.4,19.4,19.26,19.27,5193005.0
2011/03/09,19.31,19.41,19.2,19.29,7784410.0
2011/03/10,19.29,19.36,19.02,19.05,6956700.0
2011/03/11,18.87,19.15,18.82,19.08,6952104.0
2011/03/14,18.91,19.0,18.8,18.96,11531092.0
2011/03/15,18.96,19.06,18.12,18.48,21052900.0
2011/03/16,18.57,18.66,18.5,18.63,10780400.0
2011/03/17,18.5,18.59,18.32,18.49,7788200.0
2011/03/18,18.44,18.64,18.41,18.6,5199640.0
2011/03/21,18.59,18.76,18.53,18.68,5318299.0
2011/03/22,18.7,18.86,18.62,18.74,4060285.0
2011/03/23,18.72,18.87,18.6,18.6,21698007.0
2011/03/24,18.7,18.79,18.67,18.76,4192181.0
2011/03/25,18.8,18.93,18.61,18.93,7553160.0
2011/03/28,18.91,19.02,18.82,18.93,6499310.0
2011/03/29,18.93,19.01,18.76,18.85,5783000.0
2011/03/30,18.76,18.8,18.67,18.76,7151350.0
2011/03/31,18.86,18.89,18.66,18.74,4873450.0
2011/04/01,0.0,0.0,0.0,18.79,0.0
2011/04/06,18.92,19.11,18.88,19.11,9746377.0
2011/04/07,19.18,19.18,18.96,19.17,9032600.0
2011/04/08,19.16,19.27,19.02,19.24,10696510.0
2011/04/11,19.24,19.32,19.21,19.3,8943862.0
2011/04/12,19.21,19.24,18.92,19.05,7591200.0
2011/04/13,19.05,19.14,18.92,18.99,5068150.0
2011/04/14,19.11,19.15,19.06,19.1,4418000.0
2011/04/15,19.12,19.15,18.93,19.1,6160105.0
2011/04/18,19.05,19.14,18.97,19.01,3686730.0
2011/04/19,19.0,19.0,18.69,18.75,6739400.0
2011/04/20,18.85,18.88,18.66,18.66,7251180.0
2011/04/21,18.85,18.92,18.8,18.92,6302055.0
2011/04/22,18.9,18.99,18.84,18.91,3138363.0
2011/04/25,18.96,18.96,18.75,18.9,4783300.0
2011/04/26,18.82,18.87,18.63,18.66,9118560.0
2011/04/27,18.66,18.78,18.63,18.71,8108014.0
2011/04/28,18.64,18.65,18.38,18.38,20351009.0
2011/04/29,0.0,0.0,0.0,18.34,0.0
2011/05/03,18.4,18.47,18.29,18.47,4708066.0
2011/05/04,18.35,18.45,18.3,18.3,3620100.0
2011/05/05,18.15,18.23,18.1,18.22,8344671.0
2011/05/06,18.18,18.22,18.01,18.18,12731160.0
2011/05/09,18.2,18.43,18.18,18.4,7617420.0
2011/05/10,18.45,18.57,18.38,18.55,5075300.0
2011/05/11,18.55,18.6,18.39,18.51,4359440.0
2011/05/12,18.5,18.54,18.34,18.49,8535010.0
2011/05/13,18.38,18.5,18.32,18.33,7890500.0
2011/05/16,18.47,18.6,18.4,18.46,8561165.0
2011/05/17,18.42,18.54,18.2,18.44,10695200.0
2011/05/18,18.39,18.49,18.3,18.48,9541280.0
2011/05/19,18.45,18.53,18.41,18.46,6807250.0
2011/05/20,18.48,18.48,18.31,18.31,5164558.0
2011/05/23,18.31,18.32,18.07,18.1,8342922.0
2011/05/24,18.0,18.15,18.0,18.13,9972112.0
2011/05/25,18.13,18.23,18.11,18.2,9692300.0
2011/05/26,18.18,18.25,18.08,18.24,11852450.0
2011/05/27,18.13,18.27,18.1,18.25,10457664.0
2011/05/30,18.12,18.21,18.05,18.16,10127500.0
2011/05/31,18.08,18.22,18.04,18.2,15459530.0
2011/06/01,18.21,18.26,18.14,18.16,12956480.0
2011/06/02,18.08,18.09,17.91,17.91,20302000.0
2011/06/03,0.0,0.0,0.0,18.03,0.0
2011/06/07,17.9,18.1,17.82,17.92,15118600.0
2011/06/08,17.95,17.95,17.7,17.86,23602830.0
2011/06/09,17.82,17.87,17.7,17.73,18402779.0
2011/06/10,17.78,17.9,17.74,17.74,9387561.0
2011/06/13,17.74,17.74,17.54,17.55,13439792.0
2011/06/14,17.6,17.77,17.57,17.76,9209400.0
2011/06/15,17.71,17.84,17.6,17.66,10196073.0
2011/06/16,17.58,17.58,17.25,17.25,16271999.0
2011/06/17,17.26,17.29,17.21,17.21,4800851.0
2011/06/20,17.2,17.2,16.98,16.99,9379755.0
2011/06/21,17.0,17.03,16.86,16.89,8756932.0
2011/06/22,17.0,17.09,16.98,17.0,5900923.0
2011/06/23,17.0,17.0,16.82,16.93,5377276.0
2011/06/24,17.1,17.59,17.09,17.58,18155873.0
2011/06/27,17.55,17.59,17.43,17.58,11233405.0
2011/06/28,17.6,17.68,17.52,17.62,6485120.0
2011/06/29,17.69,17.77,17.6,17.67,3737310.0
2011/06/30,17.6,17.84,17.58,17.8,6697172.0
2011/07/01,17.84,17.91,17.72,17.91,6152647.0
2011/07/04,17.91,18.05,17.87,18.04,9498142.0
2011/07/05,18.06,18.14,17.97,18.05,6580700.0
2011/07/06,18.05,18.09,17.88,17.88,5464010.0
2011/07/07,17.88,18.05,17.87,18.05,7765600.0
2011/07/08,18.01,18.11,17.95,18.04,4631000.0
2011/07/11,17.97,18.09,17.81,17.95,4916130.0
2011/07/12,17.83,17.83,17.43,17.44,7207914.0
2011/07/13,17.44,17.67,17.44,17.62,5175410.0
2011/07/14,17.65,17.68,17.54,17.6,4729625.0
2011/07/15,17.65,17.71,17.56,17.65,2103100.0
2011/07/18,17.68,17.79,17.66,17.7,2606000.0
2011/07/19,17.6,17.74,17.53,17.54,3519381.0
2011/07/20,17.64,17.76,17.54,17.56,5142200.0
2011/07/21,17.63,17.67,17.52,17.61,4771319.0
2011/07/22,17.61,17.78,17.56,17.76,5915480.0
2011/07/25,17.73,17.77,17.42,17.43,5407140.0
2011/07/26,17.43,17.54,17.38,17.44,4559020.0
2011/07/27,17.44,17.54,17.41,17.54,2961052.0
2011/07/28,17.44,17.55,17.34,17.38,4253600.0
2011/07/29,17.41,17.53,17.3,17.3,3993260.0
2011/08/01,17.42,17.52,17.36,17.46,3899960.0
2011/08/02,17.37,17.42,17.21,17.26,5774663.0
2011/08/03,17.0,17.21,17.0,17.2,5750517.0
2011/08/04,17.2,17.28,17.1,17.1,3487550.0
2011/08/05,16.63,16.71,16.25,16.27,13463399.0
2011/08/08,16.15,16.25,15.37,15.38,18199290.0
2011/08/09,14.61,15.42,14.61,15.25,23474036.0
2011/08/10,15.84,15.97,15.65,15.72,15483401.0
2011/08/11,15.5,15.87,15.38,15.77,5948000.0
2011/08/12,15.98,16.11,15.97,15.99,12468120.0
2011/08/15,16.11,16.11,15.98,16.1,4950020.0
2011/08/16,16.2,16.24,16.12,16.19,4979232.0
2011/08/17,16.19,16.29,16.08,16.27,5909270.0
2011/08/18,16.2,16.28,16.07,16.12,7553714.0
2011/08/19,15.63,15.69,15.33,15.36,7686963.0
2011/08/22,15.36,15.66,15.19,15.25,6205592.0
2011/08/23,15.35,15.45,15.22,15.45,9147215.0
2011/08/24,15.58,15.61,15.42,15.55,6596350.0
2011/08/25,15.6,15.78,15.48,15.7,7506330.0
2011/08/26,15.85,16.0,15.73,15.78,4710020.0
2011/08/29,15.9,16.01,15.83,15.9,2976100.0
2011/08/30,15.97,16.25,15.97,16.19,3939020.0
2011/08/31,16.1,16.1,15.92,16.0,3955340.0
2011/09/01,16.11,16.22,16.02,16.02,5703200.0
2011/09/02,15.95,16.11,15.7,15.73,6255366.0
2011/09/05,15.54,15.57,15.34,15.35,3473140.0
2011/09/06,15.25,15.28,15.13,15.16,3918294.0
2011/09/07,15.36,15.54,15.29,15.54,2801100.0
2011/09/08,15.6,15.68,15.45,15.47,1967671.0
2011/09/09,0.0,0.0,0.0,15.41,0.0
2011/09/13,15.21,15.21,15.12,15.14,3073817.0
2011/09/14,15.25,15.31,14.99,14.99,3910790.0
2011/09/15,15.3,15.51,15.3,15.32,4207625.0
2011/09/16,15.45,15.56,15.45,15.5,2696130.0
2011/09/19,15.5,15.5,15.18,15.19,2001755.0
2011/09/20,15.18,15.36,15.09,15.33,4970230.0
2011/09/21,15.33,15.63,15.16,15.61,5012130.0
2011/09/22,15.5,15.5,15.27,15.3,4849430.0
2011/09/23,14.91,15.28,14.84,15.05,6890997.0
2011/09/26,15.19,15.32,15.01,15.01,5852792.0
2011/09/27,15.1,15.2,15.06,15.14,4464206.0
2011/09/28,15.21,15.21,15.1,15.11,2206010.0
2011/09/29,15.02,15.06,14.91,15.02,5724040.0
2011/09/30,15.0,15.05,14.6,14.64,10914761.0
2011/10/03,14.57,14.57,13.8,13.95,12599707.0
2011/10/04,13.7,13.91,13.59,13.78,8171650.0
2011/10/05,13.78,13.78,13.52,13.54,5037068.0
2011/10/06,13.77,14.24,13.72,14.08,7537500.0
2011/10/07,0.0,0.0,0.0,14.47,0.0
2011/10/11,14.65,14.9,14.65,14.83,6429137.0
2011/10/12,14.62,14.88,14.34,14.88,6772741.0
2011/10/13,14.96,15.18,14.93,15.16,10815940.0
2011/10/14,15.1,15.18,14.9,14.9,4388240.0
2011/10/17,15.0,15.09,14.92,14.95,3906225.0
2011/10/18,14.8,14.8,14.45,14.51,6213580.0
2011/10/19,14.43,14.55,14.35,14.4,3407134.0
2011/10/20,14.32,14.32,14.0,14.01,6591693.0
2011/10/21,14.06,14.2,14.06,14.13,5115140.0
2011/10/24,14.44,14.51,14.23,14.51,7960250.0
2011/10/25,14.52,14.79,14.51,14.79,7109154.0
2011/10/26,14.63,15.0,14.51,15.0,8691376.0
2011/10/27,15.11,15.33,15.1,15.26,11537098.0
2011/10/28,15.5,15.55,15.36,15.36,10817260.0
2011/10/31,15.5,15.54,15.22,15.26,7976420.0
2011/11/01,15.41,15.56,15.37,15.44,7633392.0
2011/11/02,15.2,15.3,15.08,15.3,5561489.0
2011/11/03,15.5,15.92,15.5,15.91,17295600.0
2011/11/04,15.94,16.17,15.94,16.13,11564605.0
2011/11/07,16.11,16.17,15.93,16.01,5516220.0
2011/11/08,15.95,16.04,15.86,15.9,4202507.0
2011/11/09,15.94,16.05,15.82,15.85,5296600.0
2011/11/10,15.6,15.65,15.38,15.43,8784710.0
2011/11/11,15.43,15.52,15.37,15.49,5328195.0
2011/11/14,15.7,15.96,15.66,15.96,5157155.0
2011/11/15,15.87,15.94,15.81,15.88,2399540.0
2011/11/16,15.92,15.97,15.42,15.42,6897884.0
2011/11/17,15.42,15.42,15.24,15.38,5322994.0
2011/11/18,15.19,15.19,14.81,14.81,8306717.0
2011/11/21,14.81,14.85,14.55,14.65,4784278.0
2011/11/22,14.66,14.88,14.62,14.78,6164200.0
2011/11/23,14.65,14.9,14.58,14.7,4776291.0
2011/11/24,14.56,14.82,14.53,14.81,4369330.0
2011/11/25,14.81,14.9,14.58,14.73,5558413.0
2011/11/28,14.9,14.96,14.73,14.88,4304714.0
2011/11/29,15.0,15.07,14.89,15.02,4072845.0
2011/11/30,15.05,15.15,14.62,14.7,4943999.0
2011/12/01,15.4,15.5,15.2,15.5,19741405.0
2011/12/02,15.4,15.49,15.06,15.09,9052520.0
2011/12/05,15.09,15.2,14.86,14.96,3819110.0
2011/12/06,14.9,15.06,14.66,14.72,3683071.0
2011/12/07,14.8,14.93,14.78,14.9,5021330.0
2011/12/08,14.86,14.99,14.65,14.84,3502950.0
2011/12/09,14.68,14.82,14.54,14.65,4985515.0
2011/12/12,14.75,14.89,14.55,14.69,5601826.0
2011/12/13,14.43,14.51,14.06,14.06,9113409.0
2011/12/14,14.08,14.24,13.96,14.05,6054295.0
2011/12/15,13.96,13.96,13.61,13.63,11352438.0
2011/12/16,13.63,13.67,13.55,13.65,5270607.0
2011/12/19,13.85,13.91,13.6,13.66,9694745.0
2011/12/20,13.85,14.04,13.8,14.02,6527199.0
2011/12/21,14.25,14.34,14.2,14.21,8385246.0
2011/12/22,14.05,14.18,13.83,13.96,10826999.0
2011/12/23,14.06,14.4,14.06,14.4,12051935.0
2011/12/26,14.25,14.37,14.14,14.28,6701189.0
2011/12/27,14.27,14.35,14.11,14.32,8965011.0
2011/12/28,14.2,14.22,14.0,14.0,6222566.0
2011/12/29,14.09,14.22,14.05,14.21,9344540.0
2011/12/30,14.26,14.42,14.24,14.37,8783500.0
2012/01/02,14.35,14.35,14.14,14.27,2164032.0
2012/01/03,14.4,14.53,14.37,14.45,5841350.0
2012/01/04,14.6,14.6,14.18,14.18,7799420.0
2012/01/05,14.12,14.2,13.98,14.04,19613735.0
2012/01/06,13.93,13.95,13.75,13.76,16601363.0
2012/01/09,13.9,14.19,13.82,14.18,20202555.0
2012/01/10,14.45,14.8,14.4,14.8,32502279.0
2012/01/11,14.8,14.8,14.65,14.71,14491353.0
2012/01/12,14.71,14.83,14.63,14.74,16118190.0
2012/01/13,14.74,14.76,14.41,14.45,12283500.0
2012/01/16,14.49,14.49,14.32,14.42,9955806.0
2012/01/17,14.33,14.69,14.3,14.69,12632209.0
2012/01/18,0.0,0.0,0.0,15.01,0.0
2012/01/30,15.22,15.35,15.07,15.14,13412618.0
2012/01/31,15.0,15.17,14.93,15.01,12151780.0
2012/02/01,14.99,15.06,14.9,15.0,15177709.0
2012/02/02,15.0,15.19,15.0,15.19,15540356.0
2012/02/03,15.29,15.45,15.25,15.45,16126749.0
2012/02/06,15.74,15.76,15.6,15.73,15981882.0
2012/02/07,15.63,15.7,15.36,15.38,21464731.0
2012/02/08,15.38,15.62,15.38,15.61,17639114.0
2012/02/09,15.65,15.83,15.48,15.83,18841155.0
2012/02/10,15.8,15.96,15.7,15.94,18820206.0
2012/02/13,15.64,16.0,15.5,15.99,18847000.0
2012/02/14,15.88,15.9,15.62,15.68,20033000.0
2012/02/15,15.6,15.93,15.44,15.9,25801000.0
2012/02/16,15.8,15.87,15.48,15.49,17167000.0
2012/02/17,15.65,15.79,15.55,15.63,16745000.0
2012/02/20,15.86,16.07,15.84,15.99,30083000.0
2012/02/21,15.85,15.85,15.62,15.74,21810000.0
2012/02/22,15.75,16.03,15.71,16.03,16897000.0
2012/02/23,15.98,16.04,15.87,15.99,16662000.0
2012/02/24,15.98,16.18,15.96,16.18,10646000.0
2012/02/29,16.25,16.32,16.13,16.25,15379000.0
2012/03/01,16.17,16.22,16.08,16.18,12984000.0
2012/03/02,16.19,16.33,16.15,16.3,16980000.0
2012/03/03,16.32,16.44,16.24,16.38,12737000.0
2012/03/05,16.4,16.43,16.02,16.05,19401000.0
2012/03/06,15.98,16.12,15.6,15.65,21476000.0
2012/03/07,15.5,15.76,15.4,15.67,12378000.0
2012/03/08,15.67,15.81,15.62,15.79,11873000.0
2012/03/09,15.82,15.9,15.76,15.88,10016000.0
2012/03/12,15.89,15.99,15.8,15.84,8890000.0
2012/03/13,15.86,15.97,15.86,15.93,10971000.0
2012/03/14,16.13,16.19,16.08,16.15,11866000.0
2012/03/15,15.8,15.83,15.55,15.68,26182000.0
2012/03/16,15.65,15.82,15.58,15.62,12485000.0
2012/03/19,15.75,15.83,15.64,15.69,4101000.0
2012/03/20,15.69,15.79,15.51,15.55,6917000.0
2012/03/21,15.47,15.55,15.24,15.26,16749000.0
2012/03/22,15.29,15.33,15.17,15.29,14813000.0
2012/03/23,15.25,15.26,15.03,15.06,9197000.0
2012/03/26,15.06,15.25,15.02,15.06,7317000.0
2012/03/27,15.13,15.25,15.1,15.14,8866000.0
2012/03/28,15.11,15.24,14.83,14.88,13276000.0
2012/03/29,14.8,14.8,14.52,14.54,19245000.0
2012/03/30,14.77,14.77,14.5,14.65,11904000.0
2012/04/02,14.65,14.73,14.59,14.69,4707000.0
2012/04/03,14.75,14.81,14.69,14.76,8059000.0
2012/04/05,14.68,14.89,14.47,14.86,14004000.0
2012/04/06,14.91,15.01,14.9,15.0,13389000.0
2012/04/09,14.96,15.04,14.85,15.0,6965000.0
2012/04/10,14.9,14.98,14.81,14.88,9194000.0
2012/04/11,14.8,14.99,14.72,14.98,9678000.0
2012/04/12,14.98,15.1,14.94,15.1,9540000.0
2012/04/13,15.28,15.4,15.23,15.29,11550000.0
2012/04/16,15.24,15.25,15.18,15.19,4265000.0
2012/04/17,15.17,15.21,14.93,14.93,10772000.0
2012/04/18,15.06,15.18,14.93,15.14,11037000.0
2012/04/19,15.14,15.22,15.09,15.16,6351000.0
2012/04/20,15.15,15.2,15.06,15.15,7913000.0
2012/04/23,15.18,15.25,15.14,15.16,10280000.0
2012/04/24,15.09,15.09,14.68,14.79,16485000.0
2012/04/25,14.95,14.97,14.83,14.85,6597000.0
2012/04/26,14.89,15.01,14.75,14.76,7469000.0
2012/04/27,14.91,14.91,14.72,14.73,5183000.0
2012/04/30,14.82,14.99,14.79,14.96,5075000.0
2012/05/02,15.12,15.36,15.03,15.36,18185000.0
2012/05/03,15.35,15.35,15.2,15.25,8315000.0
2012/05/04,15.2,15.29,15.15,15.29,6203000.0
2012/05/07,15.1,15.19,15.05,15.13,8306000.0
2012/05/08,15.19,15.2,15.03,15.12,6309000.0
2012/05/09,15.07,15.07,14.91,14.93,9709000.0
2012/05/10,14.82,14.96,14.8,14.83,6742000.0
2012/05/11,14.87,14.89,14.76,14.79,5706000.0
2012/05/14,14.83,14.83,14.7,14.76,6256000.0
2012/05/15,14.6,14.6,14.47,14.56,8587000.0
2012/05/16,14.58,14.61,14.51,14.52,6280000.0
2012/05/17,14.52,14.63,14.49,14.63,4883000.0
2012/05/18,14.5,14.5,14.28,14.31,8629000.0
2012/05/21,14.35,14.51,14.35,14.51,4387000.0
2012/05/22,14.6,14.67,14.58,14.66,5788000.0
2012/05/23,14.6,14.68,14.52,14.52,5279000.0
2012/05/24,14.52,14.57,14.3,14.3,6217000.0
2012/05/25,14.39,14.41,14.26,14.29,2871000.0
2012/05/28,14.28,14.3,14.21,14.27,3272000.0
2012/05/29,14.42,14.71,14.4,14.71,11598000.0
2012/05/30,14.66,14.67,14.57,14.66,6614000.0
2012/05/31,14.49,14.62,14.44,14.61,5702000.0
2012/06/01,14.61,14.73,14.57,14.59,4753000.0
2012/06/04,14.39,14.4,14.13,14.27,10237000.0
2012/06/05,14.39,14.42,14.29,14.3,2940000.0
2012/06/06,14.34,14.4,14.28,14.32,3058000.0
2012/06/07,14.5,14.51,14.31,14.32,4062000.0
2012/06/08,14.42,14.43,14.16,14.2,8109000.0
2012/06/11,14.25,14.34,14.21,14.31,7362000.0
2012/06/12,14.15,14.22,14.1,14.22,5476000.0
2012/06/13,14.24,14.39,14.21,14.36,3509000.0
2012/06/14,14.37,14.49,14.34,14.44,6071000.0
2012/06/15,14.34,14.44,14.3,14.3,4627000.0
2012/06/18,14.5,14.55,14.41,14.41,4139000.0
2012/06/19,14.38,14.43,14.32,14.34,6296000.0
2012/06/20,14.38,14.44,14.36,14.4,1815000.0
2012/06/21,14.38,14.38,14.11,14.13,8265000.0
2012/06/22,14.01,14.02,13.91,13.99,6523000.0
2012/06/25,13.95,14.01,13.91,13.98,3613000.0
2012/06/26,13.84,13.89,13.77,13.79,8255000.0
2012/06/27,13.82,13.94,13.82,13.93,5269000.0
2012/06/28,13.93,13.93,13.83,13.83,3409000.0
2012/06/29,13.75,14.0,13.75,14.0,6566000.0
2012/07/02,14.1,14.1,14.0,14.03,4876000.0
2012/07/03,14.06,14.09,13.98,14.05,4393000.0
2012/07/04,14.07,14.07,13.98,13.98,5828000.0
2012/07/05,13.98,14.02,13.76,13.76,12471000.0
2012/07/06,13.82,13.9,13.8,13.85,6666000.0
2012/07/09,13.9,14.0,13.85,13.87,5112000.0
2012/07/10,13.75,13.76,13.68,13.71,8865000.0
2012/07/11,13.7,13.76,13.66,13.75,3641000.0
2012/07/12,13.75,13.79,13.65,13.72,6540000.0
2012/07/13,13.76,13.83,13.75,13.8,5756000.0
2012/07/16,13.8,13.83,13.68,13.68,5197000.0
2012/07/17,13.69,13.7,13.61,13.64,7958000.0
2012/07/18,13.68,13.68,13.58,13.58,4397000.0
2012/07/19,13.7,13.82,13.66,13.78,7076000.0
2012/07/20,13.64,13.72,13.61,13.65,8817000.0
2012/07/23,13.6,13.6,13.38,13.43,7941000.0
2012/07/24,13.41,13.45,13.38,13.42,5210000.0
2012/07/25,13.35,13.52,13.33,13.5,6932000.0
2012/07/26,13.46,13.6,13.43,13.53,7472000.0
2012/07/27,13.46,13.51,13.37,13.4,12722000.0
2012/07/30,13.42,13.43,13.3,13.33,8471000.0
2012/07/31,13.32,13.34,13.25,13.28,11415000.0
2012/08/01,13.27,13.44,13.25,13.4,20154000.0
2012/08/03,13.3,13.42,13.28,13.41,12194000.0
2012/08/06,13.56,13.65,13.55,13.63,14719000.0
2012/08/07,13.68,13.69,13.6,13.62,6769000.0
2012/08/08,13.66,13.7,13.58,13.6,7036000.0
2012/08/09,13.62,13.81,13.58,13.81,14788000.0
2012/08/10,13.81,13.81,13.63,13.64,8889000.0
2012/08/13,13.67,13.7,13.58,13.61,6475000.0
2012/08/14,13.54,13.58,13.42,13.42,16630000.0
2012/08/15,13.48,13.5,13.33,13.36,11092000.0
2012/08/16,13.3,13.34,13.29,13.3,13262000.0
2012/08/17,13.31,13.33,13.26,13.27,16764000.0
2012/08/20,13.27,13.28,13.04,13.05,14899000.0
2012/08/21,13.15,13.26,13.13,13.25,11789000.0
2012/08/22,13.23,13.24,13.1,13.2,9029000.0
2012/08/23,13.17,13.25,13.05,13.08,19208000.0
2012/08/24,13.08,13.1,13.0,13.02,10783000.0
2012/08/27,13.0,13.01,12.7,12.73,23104000.0
2012/08/28,12.71,12.73,12.64,12.67,11008000.0
2012/08/29,12.73,12.8,12.68,12.75,11369000.0
2012/08/30,12.67,12.67,12.52,12.52,16082000.0
2012/08/31,12.55,12.6,12.55,12.57,6130000.0
2012/09/03,12.53,12.85,12.53,12.8,12248000.0
2012/09/04,12.77,12.77,12.6,12.64,10039000.0
2012/09/05,12.55,12.58,12.47,12.5,10268000.0
2012/09/06,12.5,12.57,12.47,12.5,5795000.0
2012/09/07,12.69,13.25,12.66,13.21,31514000.0
2012/09/10,13.24,13.37,13.23,13.31,15939000.0
2012/09/11,13.2,13.21,13.05,13.07,11671000.0
2012/09/12,13.14,13.23,13.11,13.17,10907000.0
2012/09/13,13.19,13.24,13.11,13.11,10314000.0
2012/09/14,13.32,13.34,13.21,13.31,19632000.0
2012/09/17,13.31,13.39,13.12,13.15,14503000.0
2012/09/18,13.05,13.05,12.89,12.91,15713000.0
2012/09/19,12.88,12.99,12.85,12.96,11253000.0
2012/09/20,12.99,13.07,12.88,12.94,10454000.0
2012/09/21,12.83,12.99,12.82,12.94,9071000.0
2012/09/24,12.93,13.02,12.81,12.99,9689000.0
2012/09/25,12.99,13.01,12.92,12.94,6536000.0
2012/09/26,12.9,12.96,12.84,12.84,10804000.0
2012/09/27,12.81,13.07,12.8,13.07,12055000.0
2012/09/28,13.11,13.44,13.09,13.43,30673000.0
2012/10/01,13.43,13.43,13.29,13.33,8540000.0
2012/10/02,13.35,13.43,13.33,13.42,11289000.0
2012/10/03,13.49,13.66,13.39,13.52,20746000.0
2012/10/04,13.5,13.7,13.46,13.67,15626000.0
2012/10/05,13.69,13.93,13.69,13.84,27099000.0
2012/10/08,13.84,13.92,13.47,13.48,27876000.0
2012/10/09,13.48,13.78,13.4,13.67,20101000.0
2012/10/11,13.62,13.69,13.55,13.55,15800000.0
2012/10/12,13.55,13.75,13.49,13.6,13297000.0
2012/10/15,13.7,13.73,13.61,13.65,8547000.0
2012/10/16,13.7,13.79,13.64,13.78,12041000.0
2012/10/17,13.81,13.86,13.71,13.73,11504000.0
2012/10/18,13.85,14.21,13.8,14.15,36237000.0
2012/10/19,14.19,14.31,14.09,14.2,27210000.0
2012/10/22,14.04,14.21,14.03,14.21,15836000.0
2012/10/23,14.21,14.23,14.1,14.1,13350000.0
2012/10/24,14.0,14.17,13.98,14.1,16426000.0
2012/10/25,14.12,14.23,14.05,14.05,13881000.0
2012/10/26,14.0,14.06,13.33,13.33,41520000.0
2012/10/29,13.38,13.54,13.18,13.2,15706000.0
2012/10/30,13.3,13.5,13.28,13.36,16759000.0
2012/10/31,13.38,13.46,13.32,13.44,13423000.0
2012/11/01,13.5,13.98,13.37,13.98,25983000.0
2012/11/02,14.1,14.16,13.98,14.09,27650000.0
2012/11/05,14.09,14.21,13.92,13.98,16541000.0
2012/11/06,14.0,14.04,13.76,13.9,17527000.0
2012/11/07,13.98,14.15,13.87,14.15,24458000.0
2012/11/08,14.01,14.05,13.81,13.84,25149000.0
2012/11/09,13.75,13.95,13.73,13.89,18889000.0
2012/11/12,13.89,14.05,13.89,14.0,28083000.0
2012/11/13,13.99,14.1,13.66,13.68,39055000.0
2012/11/14,13.67,14.04,13.66,13.94,28680000.0
2012/11/15,13.91,14.04,13.86,13.93,22274000.0
2012/11/16,13.86,13.9,13.69,13.75,19720000.0
2012/11/19,13.76,13.88,13.63,13.63,15214000.0
2012/11/20,13.76,13.81,13.68,13.71,16020000.0
2012/11/21,13.7,13.88,13.68,13.78,22107000.0
2012/11/22,13.93,14.0,13.86,14.0,20622000.0
2012/11/23,13.95,14.11,13.95,14.0,23538000.0
2012/11/26,14.06,14.06,13.91,13.92,17716000.0
2012/11/27,13.92,13.95,13.72,13.73,25543000.0
2012/11/28,13.68,13.69,13.47,13.55,27918000.0
2012/11/29,13.65,13.75,13.6,13.7,20357000.0
2012/11/30,13.61,13.84,13.61,13.71,23064000.0
2012/12/03,13.75,13.9,13.75,13.77,13086000.0
2012/12/04,13.66,13.77,13.66,13.71,12250000.0
2012/12/05,13.76,14.41,13.76,14.4,55257000.0
2012/12/06,14.6,14.73,14.41,14.41,61991000.0
2012/12/07,14.45,14.86,14.45,14.75,58907000.0
2012/12/10,14.9,14.9,14.69,14.72,42737000.0
2012/12/11,14.75,14.76,14.42,14.51,36363000.0
2012/12/12,14.55,14.71,14.49,14.5,37408000.0
2012/12/13,14.55,14.6,14.44,14.46,42707000.0
2012/12/14,14.4,14.68,14.22,14.68,70248000.0
2012/12/17,14.79,14.79,14.55,14.57,53017000.0
2012/12/18,14.57,14.7,14.48,14.6,36160000.0
2012/12/19,14.6,14.63,14.52,14.52,21115000.0
2012/12/20,14.5,14.55,14.26,14.3,23784000.0
2012/12/21,14.38,14.55,14.35,14.44,23885000.0
2012/12/22,14.43,14.43,14.33,14.41,9391000.0
2012/12/24,14.32,14.46,14.31,14.4,18185000.0
2012/12/25,14.41,14.82,14.33,14.8,43216000.0
2012/12/26,14.8,14.83,14.66,14.68,26903000.0
2012/12/27,14.71,14.82,14.63,14.63,28610000.0
2012/12/28,14.64,14.73,14.6,14.71,42117000.0
2013/01/02,14.85,14.94,14.81,14.9,55519000.0
2013/01/03,15.0,15.14,14.96,15.14,57151000.0
2013/01/04,15.19,15.19,14.74,14.82,57680000.0
2013/01/07,14.82,14.88,14.71,14.75,27541000.0
2013/01/08,14.75,14.76,14.54,14.59,37006000.0
2013/01/09,14.59,14.68,14.51,14.67,17030000.0
2013/01/10,14.67,14.81,14.6,14.77,25785000.0
2013/01/11,14.8,14.81,14.59,14.59,24254000.0
2013/01/14,14.5,14.83,14.45,14.83,27644000.0
2013/01/15,14.95,15.0,14.83,14.85,48700000.0
2013/01/16,14.94,14.94,14.7,14.7,23440000.0
2013/01/17,14.78,14.81,14.52,14.52,29218000.0
2013/01/18,14.62,14.93,14.61,14.93,27717000.0
2013/01/21,14.9,14.9,14.83,14.85,15940000.0
2013/01/22,14.89,14.92,14.79,14.87,14339000.0
2013/01/23,14.87,14.92,14.77,14.8,14637000.0
2013/01/24,14.8,15.02,14.77,14.78,30269000.0
2013/01/25,14.75,14.78,14.69,14.71,11587000.0
2013/01/28,14.7,14.87,14.7,14.8,15237000.0
2013/01/29,14.85,14.91,14.84,14.91,23990000.0
2013/01/30,14.91,14.98,14.85,14.88,28833000.0
2013/01/31,14.95,14.97,14.83,14.84,13258000.0
2013/02/01,14.9,14.99,14.85,14.93,17764000.0
2013/02/04,15.03,15.2,15.03,15.1,43146000.0
2013/02/05,15.05,15.17,15.01,15.17,21140000.0
2013/02/06,15.17,15.31,15.15,15.24,30611000.0
2013/02/18,15.33,15.38,15.15,15.26,39881000.0
2013/02/19,15.2,15.28,15.04,15.04,26118000.0
2013/02/20,15.0,15.07,14.96,15.0,24333000.0
2013/02/21,14.99,14.99,14.6,14.62,30819000.0
2013/02/22,14.6,14.7,14.56,14.63,18701000.0
2013/02/25,14.62,14.77,14.62,14.64,14341000.0
2013/02/26,14.61,14.73,14.51,14.61,15904000.0
2013/02/27,14.48,14.68,14.46,14.56,19843000.0
2013/03/01,14.89,14.9,14.64,14.68,27553000.0
2013/03/04,14.76,14.77,14.36,14.39,29368000.0
2013/03/05,14.39,14.56,14.38,14.51,13964000.0
2013/03/06,14.6,14.67,14.57,14.62,13145000.0
2013/03/07,14.65,14.65,14.5,14.5,14830000.0
2013/03/08,14.56,14.64,14.5,14.5,14016000.0
2013/03/11,14.51,14.59,14.47,14.5,13965000.0
2013/03/12,14.51,14.62,14.38,14.38,19037000.0
2013/03/13,14.35,14.35,14.16,14.24,27559000.0
2013/03/14,14.2,14.23,14.11,14.22,11526000.0
2013/03/15,14.26,14.48,14.08,14.37,30213000.0
2013/03/18,14.2,14.2,13.9,13.9,36985000.0
2013/03/19,13.98,14.1,13.96,14.05,12723000.0
2013/03/20,13.99,14.27,13.99,14.19,19352000.0
2013/03/21,14.27,14.39,14.26,14.38,19193000.0
2013/03/22,14.35,14.39,14.29,14.31,7478000.0
2013/03/25,14.4,14.44,14.33,14.37,13780000.0
2013/03/26,14.36,14.36,14.12,14.15,13569000.0
2013/03/27,14.2,14.35,14.16,14.27,11840000.0
2013/03/28,14.23,14.23,13.9,13.94,32337000.0
2013/03/29,13.94,14.01,13.92,13.99,9591000.0
2013/04/01,13.99,13.99,13.86,13.98,11282000.0
2013/04/02,13.97,14.09,13.88,13.91,11502000.0
2013/04/03,13.98,13.99,13.9,13.91,9505000.0
2013/04/08,13.6,13.61,13.46,13.55,24787000.0
2013/04/09,13.55,13.79,13.55,13.78,14920000.0
2013/04/10,13.82,13.86,13.72,13.79,8997000.0
2013/04/11,13.85,13.91,13.81,13.86,9683000.0
2013/04/12,13.76,13.85,13.69,13.69,5165000.0
2013/04/15,13.6,13.63,13.5,13.5,11780000.0
2013/04/16,13.4,13.5,13.36,13.5,7411000.0
2013/04/17,13.56,13.64,13.5,13.53,5962000.0
2013/04/18,13.53,13.62,13.44,13.5,15172000.0
2013/04/19,13.54,13.97,13.54,13.97,28947000.0
2013/04/22,13.97,14.04,13.87,13.9,16108000.0
2013/04/23,13.92,13.95,13.61,13.63,12004000.0
2013/04/24,13.69,13.9,13.62,13.89,18568000.0
2013/04/25,13.75,13.81,13.65,13.75,11585000.0
2013/04/26,13.7,13.75,13.65,13.65,9479000.0
2013/04/29,13.61,13.64,13.56,13.56,5817000.0
2013/04/30,13.6,13.64,13.56,13.6,6837000.0
2013/05/02,13.59,13.61,13.49,13.55,8278000.0
2013/05/03,13.6,13.94,13.6,13.84,19964000.0
2013/05/06,13.84,13.97,13.82,13.9,11742000.0
2013/05/07,13.9,13.94,13.8,13.9,8069000.0
2013/05/08,13.9,14.08,13.9,14.01,16169000.0
2013/05/09,14.05,14.08,13.89,13.9,14221000.0
2013/05/10,13.94,14.04,13.89,13.93,7845000.0
2013/05/13,14.04,14.04,13.91,13.91,14662000.0
2013/05/14,13.93,13.98,13.74,13.77,13330000.0
2013/05/15,13.81,13.86,13.77,13.8,6267000.0
2013/05/16,13.87,14.03,13.81,13.96,17406000.0
2013/05/17,14.03,14.1,14.01,14.07,20617000.0
2013/05/20,14.15,14.37,14.15,14.34,25373000.0
2013/05/21,14.34,14.37,14.25,14.31,9993000.0
2013/05/22,14.32,14.4,14.31,14.36,10616000.0
2013/05/23,14.29,14.33,14.2,14.23,12183000.0
2013/05/24,14.15,14.19,14.02,14.04,15604000.0
2013/05/27,14.09,14.13,14.05,14.05,6681000.0
2013/05/28,14.05,14.11,14.04,14.06,8201000.0
2013/05/29,14.24,14.33,14.24,14.27,15987000.0
2013/05/30,14.2,14.26,14.14,14.14,13745000.0
2013/05/31,14.24,14.27,14.15,14.21,11230000.0
2013/06/03,14.1,14.21,14.09,14.18,15848000.0
2013/06/04,14.18,14.19,14.04,14.05,14744000.0
2013/06/05,14.03,14.06,13.98,14.0,7989000.0
2013/06/06,13.92,13.95,13.81,13.85,10611000.0
2013/06/07,13.85,13.85,13.58,13.59,19723000.0
2013/06/10,13.6,13.68,13.59,13.59,8491000.0
2013/06/11,13.66,13.66,13.5,13.5,8642000.0
2013/06/13,13.5,13.5,13.0,13.11,26382000.0
2013/06/14,13.17,13.22,13.16,13.18,10191000.0
2013/06/17,13.2,13.26,13.16,13.22,9941000.0
2013/06/18,13.23,13.28,13.2,13.21,6244000.0
2013/06/19,13.25,13.25,12.98,13.03,16626000.0
2013/06/20,13.0,13.0,12.9,12.91,17780000.0
2013/06/21,12.8,12.85,12.55,12.85,19010000.0
2013/06/24,12.87,12.88,12.52,12.53,20817000.0
2013/06/25,12.38,12.38,11.97,12.0,48979000.0
2013/06/26,12.34,12.41,12.05,12.12,51431000.0
2013/06/27,12.25,12.33,12.16,12.17,23097000.0
2013/06/28,12.19,12.49,12.15,12.39,26038000.0
2013/07/01,12.41,12.42,12.23,12.33,10989000.0
2013/07/02,12.41,12.44,12.24,12.26,18847000.0
2013/07/03,12.27,12.3,12.07,12.12,17043000.0
2013/07/04,12.19,12.4,12.12,12.34,17580000.0
2013/07/05,12.4,12.43,12.35,12.41,9530000.0
2013/07/08,12.39,12.39,12.11,12.16,12178000.0
2013/07/09,12.16,12.26,12.16,12.25,8548000.0
2013/07/10,12.25,12.33,12.2,12.21,13212000.0
2013/07/11,12.37,12.84,12.37,12.83,36537000.0
2013/07/12,12.85,12.88,12.78,12.83,12537000.0
2013/07/15,12.73,12.88,12.66,12.78,16591000.0
2013/07/16,12.78,12.8,12.66,12.71,8656000.0
2013/07/17,12.71,12.84,12.68,12.72,6063000.0
2013/07/18,12.7,12.7,12.48,12.51,15670000.0
2013/07/19,12.49,12.5,12.4,12.4,15267000.0
2013/07/22,12.33,12.38,12.23,12.29,22128000.0
2013/07/23,12.35,12.66,12.35,12.62,22607000.0
2013/07/24,12.62,12.62,12.38,12.46,16667000.0
2013/07/25,12.51,12.61,12.46,12.53,14435000.0
2013/07/26,12.5,12.53,12.38,12.43,13046000.0
2013/07/29,12.39,12.44,12.23,12.24,20130000.0
2013/07/30,12.23,12.38,12.22,12.29,13991000.0
2013/07/31,12.35,12.44,12.3,12.36,12069000.0
2013/08/01,12.36,12.53,12.36,12.48,20434000.0
2013/08/02,12.56,12.66,12.53,12.56,17725000.0
2013/08/05,12.56,12.6,12.52,12.58,5930000.0
2013/08/06,12.59,12.63,12.5,12.56,11671000.0
2013/08/07,12.59,12.73,12.54,12.6,19725000.0
2013/08/08,12.6,12.66,12.52,12.6,7781000.0
2013/08/09,12.59,12.63,12.48,12.48,9241000.0
2013/08/12,12.58,12.78,12.56,12.78,20061000.0
2013/08/13,12.85,12.88,12.79,12.85,13549000.0
2013/08/14,12.89,12.98,12.85,12.88,15061000.0
2013/08/15,12.78,12.89,12.78,12.78,6865000.0
2013/08/16,12.66,13.14,12.62,12.86,32005000.0
2013/08/19,12.75,12.81,12.65,12.79,12624000.0
2013/08/20,12.8,12.92,12.68,12.71,11678000.0
2013/08/22,12.7,12.82,12.6,12.7,10333000.0
2013/08/23,12.77,12.81,12.62,12.62,7848000.0
2013/08/26,12.65,12.84,12.65,12.75,7361000.0
2013/08/27,12.8,12.83,12.72,12.72,6357000.0
2013/08/28,12.73,12.76,12.65,12.76,10469000.0
2013/08/29,12.79,12.85,12.68,12.76,10389000.0
2013/08/30,12.78,12.81,12.69,12.81,5523000.0
2013/09/02,12.81,12.86,12.73,12.8,12841000.0
2013/09/03,12.81,12.89,12.8,12.87,8262000.0
2013/09/04,12.89,12.93,12.85,12.92,7524000.0
2013/09/05,12.92,12.94,12.88,12.91,10117000.0
2013/09/06,12.91,12.96,12.87,12.9,6388000.0
2013/09/09,12.93,13.4,12.93,13.37,33335000.0
2013/09/10,13.4,13.42,13.21,13.27,22645000.0
2013/09/11,13.31,13.48,13.31,13.36,31018000.0
2013/09/12,13.36,13.51,13.3,13.51,15626000.0
2013/09/13,13.5,13.51,13.36,13.37,11426000.0
2013/09/16,13.45,13.54,13.37,13.43,11893000.0
2013/09/17,13.45,13.45,13.26,13.26,10251000.0
2013/09/18,13.21,13.26,13.14,13.24,13689000.0
2013/09/23,13.25,13.39,13.25,13.37,11655000.0
2013/09/24,13.38,13.4,13.15,13.25,14461000.0
2013/09/25,13.22,13.3,13.17,13.24,8633000.0
2013/09/26,13.2,13.2,12.98,13.0,19447000.0
2013/09/27,12.98,13.06,12.98,13.0,6390000.0
2013/09/30,13.03,13.09,12.99,13.03,6394000.0
2013/10/01,13.03,13.05,13.03,13.03,2663000.0
2013/10/02,13.05,13.06,13.0,13.0,4892000.0
2013/10/03,13.0,13.14,13.0,13.14,7067000.0
2013/10/04,13.13,13.18,13.09,13.16,6919000.0
2013/10/07,13.18,13.25,13.17,13.25,8213000.0
2013/10/08,13.25,13.26,13.12,13.23,13575000.0
2013/10/09,13.2,13.23,13.15,13.15,8521000.0
2013/10/11,13.21,13.25,13.14,13.15,12314000.0
2013/10/14,13.2,13.24,13.06,13.12,24698000.0
2013/10/15,13.15,13.2,13.09,13.1,7626000.0
2013/10/16,13.12,13.12,12.91,12.92,11936000.0
2013/10/17,13.0,13.03,12.93,12.96,6546000.0
2013/10/18,12.96,13.05,12.9,13.01,4702000.0
2013/10/21,13.01,13.11,12.96,13.1,6196000.0
2013/10/22,13.14,13.14,13.02,13.02,4188000.0
2013/10/23,13.02,13.13,12.9,12.93,7255000.0
2013/10/24,12.9,12.91,12.81,12.9,6269000.0
2013/10/25,12.88,12.92,12.8,12.85,7431000.0
2013/10/28,12.82,12.86,12.77,12.77,11023000.0
2013/10/29,12.78,12.94,12.74,12.77,10226000.0
2013/10/30,12.84,12.89,12.82,12.87,5308000.0
2013/10/31,12.9,12.9,12.83,12.85,3565000.0
2013/11/01,12.85,12.87,12.81,12.82,2626000.0
2013/11/04,12.84,12.91,12.83,12.83,3128000.0
2013/11/05,12.83,12.86,12.74,12.77,4869000.0
2013/11/06,12.77,12.82,12.75,12.78,3347000.0
2013/11/07,12.77,12.77,12.68,12.7,7574000.0
2013/11/08,12.68,12.73,12.58,12.61,8477000.0
2013/11/11,12.62,12.67,12.57,12.6,6432000.0
2013/11/12,12.69,12.75,12.66,12.75,11704000.0
2013/11/13,12.73,12.73,12.56,12.56,6790000.0
2013/11/14,12.54,12.61,12.5,12.58,7984000.0
2013/11/15,12.6,12.84,12.6,12.8,13232000.0
2013/11/18,12.86,13.0,12.86,13.0,15086000.0
2013/11/19,13.13,13.19,13.08,13.1,14924000.0
2013/11/20,13.09,13.16,13.03,13.06,6938000.0
2013/11/21,13.06,13.09,12.9,12.9,8554000.0
2013/11/22,12.96,13.08,12.93,12.93,8590000.0
2013/11/25,12.99,13.05,12.94,13.0,6293000.0
2013/11/26,12.93,12.97,12.91,12.96,5107000.0
2013/11/27,12.94,13.06,12.92,13.0,15488000.0
2013/11/28,13.05,13.16,13.03,13.15,18902000.0
2013/11/29,13.13,13.13,13.03,13.05,11506000.0
2013/12/02,13.07,13.14,12.95,13.0,15275000.0
2013/12/03,12.97,13.0,12.95,12.98,5596000.0
2013/12/04,12.98,13.18,12.98,13.15,19649000.0
2013/12/05,13.18,13.18,13.11,13.12,13412000.0
2013/12/06,13.12,13.17,13.06,13.07,8766000.0
2013/12/09,13.08,13.19,13.08,13.1,10279000.0
2013/12/10,13.12,13.18,13.11,13.14,7577000.0
2013/12/11,13.14,13.14,12.95,12.96,12980000.0
2013/12/12,12.94,12.95,12.86,12.91,7680000.0
2013/12/13,12.86,12.93,12.83,12.88,5457000.0
2013/12/16,12.88,12.91,12.75,12.78,7600000.0
2013/12/17,12.8,12.82,12.75,12.8,9881000.0
2013/12/18,12.75,12.8,12.74,12.75,8011000.0
2013/12/19,12.8,12.84,12.71,12.73,6743000.0
2013/12/20,12.71,12.77,12.66,12.68,11447000.0
2013/12/23,12.65,12.66,12.57,12.62,18844000.0
2013/12/24,12.64,12.71,12.64,12.68,10540000.0
2013/12/25,12.68,12.72,12.65,12.69,9598000.0
2013/12/26,12.71,12.71,12.61,12.63,9058000.0
2013/12/27,12.6,12.68,12.59,12.66,10970000.0
2013/12/30,12.7,12.72,12.66,12.67,9907000.0
2013/12/31,12.68,12.71,12.63,12.68,15282000.0
2014/01/02,12.72,12.73,12.65,12.65,8788000.0
2014/01/03,12.63,12.64,12.56,12.56,13190000.0
2014/01/06,12.58,12.62,12.43,12.45,21032000.0
2014/01/07,12.45,12.5,12.41,12.47,12334000.0
2014/01/08,12.49,12.56,12.44,12.48,14365000.0
2014/01/09,12.47,12.48,12.42,12.42,13098000.0
2014/01/10,12.37,12.38,12.31,12.31,16454000.0
2014/01/13,12.35,12.38,12.23,12.25,17957000.0
2014/01/14,12.25,12.31,12.18,12.25,16346000.0
2014/01/15,12.34,12.34,12.26,12.3,10117000.0
2014/01/16,12.33,12.38,12.31,12.36,9480000.0
2014/01/17,12.38,12.38,12.25,12.29,11528000.0
2014/01/20,12.29,12.29,12.22,12.22,11947000.0
2014/01/21,12.22,12.35,12.22,12.29,11419000.0
2014/01/22,12.3,12.49,12.3,12.48,23282000.0
2014/01/23,12.53,12.53,12.43,12.44,11232000.0
2014/01/24,12.39,12.51,12.37,12.45,8967000.0
2014/01/27,12.36,12.4,12.3,12.31,9868000.0
2014/02/05,12.25,12.25,12.08,12.1,16827000.0
2014/02/06,12.12,12.14,12.11,12.13,5689000.0
2014/02/07,12.14,12.24,12.13,12.2,8387000.0
2014/02/10,12.28,12.37,12.25,12.36,8294000.0
2014/02/11,12.37,12.47,12.36,12.42,7704000.0
2014/02/12,12.44,12.47,12.4,12.43,11324000.0
2014/02/13,12.45,12.45,12.38,12.4,6928000.0
2014/02/14,12.4,12.45,12.38,12.39,3624000.0
2014/02/17,12.44,12.48,12.41,12.45,7779000.0
2014/02/18,12.48,12.48,12.35,12.35,6371000.0
2014/02/19,12.33,12.48,12.3,12.46,11073000.0
2014/02/20,12.46,12.52,12.38,12.43,9680000.0
2014/02/21,12.43,12.44,12.36,12.38,6871000.0
2014/02/24,12.38,12.39,12.2,12.21,16864000.0
2014/02/25,12.21,12.26,12.17,12.18,11121000.0
2014/02/26,12.08,12.15,12.0,12.0,52326000.0
2014/02/27,12.02,12.09,11.98,12.0,28874000.0
2014/03/03,12.0,12.04,11.98,12.0,8889000.0
2014/03/04,12.0,12.03,11.97,11.97,7827000.0
2014/03/05,12.04,12.06,12.0,12.01,6688000.0
2014/03/06,12.0,12.02,11.94,11.98,12270000.0
2014/03/07,12.02,12.07,11.98,11.99,12441000.0
2014/03/10,12.0,12.0,11.79,11.8,21981000.0
2014/03/11,11.78,11.81,11.76,11.77,16235000.0
2014/03/12,11.77,11.8,11.71,11.71,10894000.0
2014/03/13,11.72,11.89,11.72,11.85,9976000.0
2014/03/14,11.84,11.84,11.72,11.74,11541000.0
2014/03/17,11.78,11.78,11.72,11.75,4303000.0
2014/03/18,11.8,11.81,11.74,11.75,6771000.0
2014/03/19,11.78,11.78,11.6,11.61,13027000.0
2014/03/20,11.6,11.65,11.53,11.55,7365000.0
2014/03/21,11.5,11.64,11.5,11.64,7935000.0
2014/03/24,11.68,11.77,11.68,11.75,6706000.0
2014/03/25,11.75,11.78,11.7,11.75,4483000.0
2014/03/26,11.78,11.8,11.75,11.75,4920000.0
2014/03/27,11.77,11.77,11.66,11.69,4964000.0
2014/03/28,11.7,11.76,11.68,11.75,3483000.0
2014/03/31,11.75,11.77,11.68,11.71,4863000.0
2014/04/01,11.71,11.77,11.69,11.77,5271000.0
2014/04/02,11.78,11.79,11.75,11.75,5445000.0
2014/04/03,11.75,11.81,11.75,11.77,7994000.0
2014/04/07,11.77,11.78,11.72,11.72,2484000.0
2014/04/08,11.72,11.91,11.72,11.9,15850000.0
2014/04/09,11.92,11.94,11.86,11.87,7666000.0
2014/04/10,11.93,11.96,11.84,11.96,8962000.0
2014/04/11,11.96,12.03,11.91,11.96,12343000.0
2014/04/14,11.95,11.98,11.91,11.93,6809000.0
2014/04/15,11.95,11.97,11.84,11.84,7655000.0
2014/04/16,11.84,11.91,11.79,11.82,6455000.0
2014/04/17,11.82,11.85,11.78,11.81,5340000.0
2014/04/18,11.89,11.89,11.75,11.75,7831000.0
2014/04/21,11.75,11.76,11.71,11.74,4233000.0
2014/04/22,11.66,11.71,11.63,11.63,10899000.0
2014/04/23,11.7,11.76,11.65,11.65,5322000.0
2014/04/24,11.65,11.71,11.63,11.63,5558000.0
2014/04/25,11.63,11.66,11.54,11.57,9393000.0
2014/04/28,11.53,11.56,11.44,11.47,10767000.0
2014/04/29,11.45,11.49,11.44,11.44,4902000.0
2014/04/30,11.49,11.52,11.44,11.44,4599000.0
2014/05/02,11.45,11.5,11.45,11.48,2209000.0
2014/05/05,11.5,11.51,11.39,11.39,6184000.0
2014/05/06,11.4,11.51,11.4,11.51,4084000.0
2014/05/07,11.49,11.49,11.39,11.4,5761000.0
2014/05/08,11.4,11.52,11.36,11.44,9396000.0
2014/05/09,11.44,11.45,11.37,11.37,7010000.0
2014/05/12,11.47,11.51,11.41,11.5,9421000.0
2014/05/13,11.55,11.56,11.45,11.47,7076000.0
2014/05/14,11.47,11.58,11.45,11.55,7011000.0
2014/05/15,11.52,11.53,11.45,11.45,4316000.0
2014/05/16,11.43,11.45,11.39,11.4,4871000.0
2014/05/19,11.41,11.44,11.31,11.32,9681000.0
2014/05/20,11.32,11.39,11.31,11.32,5960000.0
2014/05/21,11.32,11.34,11.27,11.29,6846000.0
2014/05/22,11.32,11.44,11.32,11.36,4747000.0
2014/05/23,11.36,11.39,11.33,11.35,3322000.0
2014/05/26,11.38,11.44,11.35,11.38,5030000.0
2014/05/27,11.4,11.41,11.34,11.36,9743000.0
2014/05/28,11.36,11.42,11.34,11.42,5077000.0
2014/05/29,11.44,11.47,11.42,11.42,4401000.0
2014/05/30,11.4,11.43,11.37,11.4,4618000.0
2014/06/03,11.42,11.46,11.4,11.43,4011000.0
2014/06/04,11.41,11.42,11.3,11.31,5852000.0
2014/06/05,11.31,11.37,11.31,11.34,2770000.0
2014/06/06,11.4,11.41,11.3,11.33,6321000.0
2014/06/09,11.34,11.41,11.33,11.37,4194000.0
2014/06/10,11.39,11.51,11.39,11.51,14616000.0
2014/06/11,11.5,11.51,11.4,11.4,9007000.0
2014/06/12,11.4,11.45,11.39,11.43,5540000.0
2014/06/13,11.42,11.58,11.41,11.58,10855000.0
2014/06/16,11.6,11.7,11.59,11.7,11342000.0
2014/06/17,11.7,11.71,11.62,11.62,5690000.0
2014/06/18,11.62,11.62,11.57,11.57,4795000.0
2014/06/19,11.59,11.61,11.54,11.55,5442000.0
2014/06/20,11.5,11.54,11.47,11.49,7457000.0
2014/06/23,11.5,11.55,11.48,11.48,4810000.0
2014/06/24,11.47,11.51,11.41,11.48,3469000.0
2014/06/25,11.48,11.5,11.4,11.42,5475000.0
2014/06/26,11.42,11.48,11.41,11.44,5359000.0
2014/06/27,11.46,11.47,11.43,11.45,4478000.0
2014/06/30,11.45,11.53,11.45,11.51,4257000.0
2014/07/01,11.51,11.57,11.51,11.55,5950000.0
2014/07/02,11.59,11.62,11.56,11.59,10552000.0
2014/07/03,11.59,11.67,11.59,11.64,10672000.0
2014/07/04,11.68,11.69,11.64,11.65,6558000.0
2014/07/07,11.65,11.69,11.64,11.66,7465000.0
2014/07/08,11.66,11.69,11.64,11.67,5035000.0
2014/07/09,11.66,11.67,11.61,11.61,5087000.0
2014/07/10,11.57,11.6,11.53,11.55,10179000.0
2014/07/11,11.54,11.61,11.52,11.53,8739000.0
2014/07/14,11.54,11.62,11.53,11.61,4409000.0
2014/07/15,11.69,11.71,11.65,11.67,7439000.0
2014/07/16,11.67,11.72,11.65,11.66,8208000.0
2014/07/17,11.67,11.7,11.61,11.63,4240000.0
2014/07/18,11.61,11.71,11.6,11.7,7334000.0
2014/07/21,11.72,11.75,11.68,11.69,6056000.0
2014/07/22,11.7,11.8,11.7,11.8,14034000.0
2014/07/24,11.83,12.06,11.82,12.05,31552000.0
2014/07/25,12.1,12.17,12.1,12.16,25527000.0
2014/07/28,12.17,12.85,12.17,12.78,83602000.0
2014/07/29,12.85,12.99,12.72,12.91,73681000.0
2014/07/30,12.9,12.92,12.75,12.76,29522000.0
2014/07/31,12.76,12.87,12.72,12.81,21851000.0
2014/08/01,12.83,13.09,12.83,13.07,69963000.0
2014/08/04,12.98,13.19,12.92,13.18,44335000.0
2014/08/05,13.2,13.27,13.0,13.0,51127000.0
2014/08/06,13.0,13.05,12.77,12.94,38029000.0
2014/08/07,12.94,12.98,12.76,12.76,24724000.0
2014/08/08,12.7,12.84,12.62,12.83,31240000.0
2014/08/11,12.89,13.19,12.88,13.17,56747000.0
2014/08/12,13.19,13.22,13.06,13.07,26947000.0
2014/08/13,13.12,13.2,12.98,13.03,39114000.0
2014/08/14,13.1,13.14,13.01,13.07,19366000.0
2014/08/15,13.02,13.19,12.99,13.19,29492000.0
2014/08/18,13.2,13.37,13.16,13.36,48806000.0
2014/08/19,13.4,13.5,13.28,13.29,37943000.0
2014/08/20,13.35,13.38,13.28,13.32,18568000.0
2014/08/21,13.36,13.36,13.1,13.11,25613000.0
2014/08/22,13.15,13.26,13.14,13.18,17315000.0
2014/08/25,13.2,13.26,13.12,13.14,15136000.0
2014/08/26,13.15,13.2,13.07,13.08,16487000.0
2014/08/27,13.06,13.2,13.06,13.15,16899000.0
2014/08/28,13.13,13.19,13.06,13.07,12862000.0
2014/08/29,13.05,13.11,13.01,13.11,13737000.0
2014/09/01,13.13,13.3,13.13,13.3,23066000.0
2014/09/02,13.3,13.31,13.22,13.27,16080000.0
2014/09/03,13.37,13.52,13.36,13.52,50531000.0
2014/09/04,13.54,13.58,13.45,13.52,26226000.0
2014/09/05,13.59,13.69,13.58,13.69,36581000.0
2014/09/09,13.75,13.88,13.75,13.86,37269000.0
2014/09/10,13.86,13.86,13.73,13.81,28439000.0
2014/09/11,13.8,14.13,13.77,14.03,53774000.0
2014/09/12,13.99,14.08,13.93,14.0,31096000.0
2014/09/15,14.05,14.35,14.0,14.35,65613000.0
2014/09/16,14.33,14.36,14.17,14.34,54655000.0
2014/09/17,14.14,14.3,13.98,14.02,78748000.0
2014/09/18,14.05,14.16,14.01,14.08,33922000.0
2014/09/19,14.15,14.17,13.98,14.13,30694000.0
2014/09/22,14.13,14.13,13.65,13.71,58594000.0
2014/09/23,13.68,13.81,13.6,13.75,32055000.0
2014/09/24,13.7,14.05,13.69,14.05,41486000.0
2014/09/25,14.1,14.24,14.04,14.13,49288000.0
2014/09/26,13.95,14.04,13.92,13.97,21430000.0
2014/09/29,13.99,14.05,13.94,13.95,17251000.0
2014/09/30,13.95,13.95,13.57,13.68,49336000.0
2014/10/01,13.62,13.73,13.47,13.47,27382000.0
2014/10/02,13.39,13.48,13.19,13.43,39004000.0
2014/10/03,13.46,13.73,13.45,13.71,23636000.0
2014/10/06,13.74,13.85,13.73,13.83,19055000.0
2014/10/07,13.82,14.06,13.74,14.06,21768000.0
2014/10/08,14.04,14.1,13.9,14.02,23986000.0
2014/10/09,14.07,14.2,13.89,13.92,28673000.0
2014/10/13,13.7,13.72,13.47,13.51,35732000.0
2014/10/14,13.51,13.68,13.51,13.56,15668000.0
2014/10/15,13.6,13.68,13.48,13.68,20567000.0
2014/10/16,13.6,13.77,13.45,13.67,24480000.0
2014/10/17,13.65,13.69,13.31,13.38,39969000.0
2014/10/20,13.5,13.57,13.49,13.52,13910000.0
2014/10/21,13.52,13.59,13.46,13.46,13445000.0
2014/10/22,13.5,13.55,13.46,13.51,9739000.0
2014/10/23,13.48,13.49,13.19,13.22,27975000.0
2014/10/24,13.3,13.32,13.21,13.29,13080000.0
2014/10/27,13.19,13.27,12.98,12.99,37842000.0
2014/10/28,12.99,13.32,12.94,13.32,22090000.0
2014/10/29,13.38,13.62,13.37,13.57,26338000.0
2014/10/30,13.5,13.58,13.5,13.53,11137000.0
2014/10/31,13.63,13.94,13.63,13.9,38844000.0
2014/11/03,13.92,13.95,13.82,13.88,21867000.0
2014/11/04,13.83,13.85,13.71,13.72,17088000.0
2014/11/05,13.71,13.75,13.61,13.67,17727000.0
2014/11/06,13.67,13.69,13.55,13.55,16525000.0
2014/11/07,13.59,13.93,13.59,13.91,27904000.0
2014/11/10,13.88,14.02,13.79,13.89,33438000.0
2014/11/11,13.94,14.26,13.94,14.07,71201000.0
2014/11/12,14.0,14.09,13.93,13.99,26420000.0
2014/11/13,14.02,14.19,13.97,14.06,44058000.0
2014/11/14,14.06,14.09,13.99,14.0,22865000.0
2014/11/17,14.16,14.26,13.95,14.0,41047000.0
2014/11/18,13.97,13.99,13.59,13.62,49001000.0
2014/11/19,13.62,13.71,13.61,13.64,21231000.0
2014/11/20,13.6,13.69,13.56,13.67,26759000.0
2014/11/21,13.67,13.8,13.64,13.79,20364000.0
2014/11/24,14.05,14.2,14.03,14.19,79175000.0
2014/11/25,14.19,14.21,14.12,14.17,29962000.0
2014/11/26,14.24,14.3,14.15,14.3,58796000.0
2014/11/27,14.36,14.51,14.35,14.39,54730000.0
2014/11/28,14.4,14.55,14.35,14.47,56575000.0
2014/12/01,14.55,14.85,14.52,14.8,55534000.0
2014/12/02,14.68,15.1,14.54,15.09,72078000.0
2014/12/03,15.27,15.94,15.27,15.53,92277000.0
2014/12/04,15.66,16.3,15.66,16.3,111142000.0
2014/12/05,16.5,16.84,16.13,16.43,170839000.0
2014/12/08,16.43,16.49,16.0,16.28,123085000.0
2014/12/09,16.48,16.59,16.28,16.53,126558000.0
2014/12/10,15.31,15.67,15.0,15.59,155804000.0
2014/12/11,15.75,15.97,15.51,15.71,102036000.0
2014/12/12,15.84,16.32,15.84,16.11,82116000.0
2014/12/15,16.0,16.07,15.89,16.0,39367000.0
2014/12/16,16.06,16.34,16.04,16.11,50268000.0
2014/12/17,16.46,16.7,16.43,16.58,96778000.0
2014/12/18,16.9,17.08,16.73,16.91,66531000.0
2014/12/19,16.97,17.03,16.55,16.64,66397000.0
2014/12/22,16.98,17.03,16.85,16.96,61624000.0
2014/12/23,16.97,16.99,16.64,16.88,43824000.0
2014/12/24,16.38,16.65,16.33,16.4,57061000.0
2014/12/25,16.4,16.64,16.38,16.48,37223000.0
2014/12/26,16.7,16.86,16.68,16.8,36210000.0
2014/12/27,16.96,16.96,16.87,16.92,20058097000.0
2014/12/29,16.96,17.09,16.77,16.81,47941000.0
2014/12/30,16.88,16.98,16.76,16.81,28390000.0
2014/12/31,16.8,16.9,16.8,16.88,22303000.0
2015/01/05,16.92,17.1,16.83,17.1,59119000.0
2015/01/06,17.08,17.75,17.0,17.53,126613000.0
2015/01/07,17.53,17.86,17.53,17.8,76705000.0
2015/01/08,18.0,18.17,17.63,17.84,82951000.0
2015/01/09,17.84,18.05,17.78,18.05,40811000.0
2015/01/12,17.93,17.97,17.55,17.62,48525000.0
2015/01/13,17.7,18.0,17.7,17.93,34553000.0
2015/01/14,17.93,18.0,17.78,17.93,30358000.0
2015/01/15,17.8,17.96,17.71,17.85,22815000.0
2015/01/16,18.08,18.12,17.89,17.97,37697000.0
2015/01/19,17.92,17.92,16.39,16.63,95891000.0
2015/01/20,16.5,17.0,16.4,16.94,41049000.0
2015/01/21,17.0,17.39,16.99,17.39,32668000.0
2015/01/22,17.49,17.62,17.39,17.6,23753000.0
2015/01/23,17.7,17.88,17.68,17.75,30467000.0
2015/01/26,17.75,17.78,17.53,17.6,21117000.0
2015/01/27,17.68,17.8,17.18,17.3,37758000.0
2015/01/28,17.5,17.58,17.35,17.57,26499000.0
2015/01/29,17.28,17.3,17.11,17.21,28981000.0
2015/01/30,17.2,17.31,16.98,16.98,26737000.0
2015/02/02,16.8,16.99,16.63,16.88,27818000.0
2015/02/03,16.91,17.02,16.87,16.99,17481000.0
2015/02/04,17.33,17.44,17.26,17.34,22413000.0
2015/02/05,17.7,17.85,17.42,17.59,42343000.0
2015/02/06,17.2,17.25,17.02,17.1,28453000.0
2015/02/09,16.96,17.08,16.82,16.92,22525000.0
2015/02/10,16.92,17.15,16.92,17.07,19452000.0
2015/02/11,17.1,17.17,17.09,17.11,12037000.0
2015/02/12,17.11,17.15,16.98,17.11,13874000.0
2015/02/13,17.13,17.5,17.13,17.43,37213000.0
2015/02/24,17.46,17.62,17.46,17.57,27986000.0
2015/02/25,17.6,17.67,17.37,17.45,21070000.0
2015/02/26,17.4,17.59,17.24,17.55,19796000.0
2015/03/02,17.76,17.8,17.62,17.7,24398000.0
2015/03/03,17.75,17.78,17.41,17.42,18942000.0
2015/03/04,17.33,17.39,17.23,17.28,13066000.0
2015/03/05,17.3,17.35,17.12,17.12,12466000.0
2015/03/06,17.15,17.38,17.15,17.23,16131000.0
2015/03/09,17.15,17.21,16.88,17.03,27461000.0
2015/03/10,17.36,17.38,17.21,17.21,24792000.0
2015/03/11,17.1,17.36,17.02,17.16,37041000.0
2015/03/12,17.17,17.58,17.17,17.57,30168000.0
2015/03/13,17.61,17.7,17.5,17.59,23152000.0
2015/03/16,17.7,17.87,17.59,17.81,42895000.0
2015/03/17,18.0,18.15,17.99,18.15,66516000.0
2015/03/18,18.23,18.55,18.23,18.55,53555000.0
2015/03/19,18.71,18.79,18.59,18.67,38922000.0
2015/03/20,18.61,18.63,18.43,18.59,23447000.0
2015/03/23,18.64,18.88,18.59,18.75,36458000.0
2015/03/24,19.0,19.03,18.55,18.9,53929000.0
2015/03/25,18.95,18.97,18.68,18.73,34405000.0
2015/03/26,18.64,18.9,18.53,18.82,29504000.0
2015/03/27,18.83,18.9,18.74,18.9,16119000.0
2015/03/30,18.92,19.45,18.91,19.45,32386000.0
2015/03/31,19.68,20.0,19.6,19.86,41550000.0
2015/04/01,19.66,19.86,19.45,19.81,27140000.0
2015/04/02,19.95,19.96,19.66,19.68,25896000.0
2015/04/07,19.89,19.95,19.85,19.95,17777000.0
2015/04/08,19.99,20.09,19.83,20.0,25028000.0
