1999/03/24,569.0,576.0,568.0,572.0,1218948.0
1999/03/26,574.0,575.0,560.0,560.0,997100.0
1999/03/30,561.0,568.0,557.0,560.0,971582.0
1999/04/01,560.0,573.0,559.0,569.0,873940.0
1999/04/06,575.0,575.0,563.0,566.0,578000.0
1999/04/08,567.0,573.0,566.0,570.0,1645653.0
1999/04/12,570.0,610.0,567.0,602.0,3675076.0
1999/04/14,602.0,609.0,591.0,598.0,2722763.0
1999/04/16,600.0,605.0,591.0,602.0,1659000.0
1999/04/20,600.0,600.0,574.0,577.0,2621167.0
1999/04/22,578.0,592.0,577.0,587.0,1342800.0
1999/04/26,590.0,609.0,585.0,595.0,1506548.0
1999/04/28,596.0,600.0,580.0,581.0,1738702.0
1999/04/30,575.0,593.0,575.0,591.0,1389250.0
1999/05/04,593.0,593.0,582.0,583.0,1505211.0
1999/05/06,589.0,595.0,582.0,586.0,1809124.0
1999/05/10,588.0,590.0,585.0,585.0,829102.0
1999/05/12,587.0,587.0,578.0,578.0,811652.0
1999/05/14,578.0,592.0,578.0,585.0,839201.0
1999/05/18,598.0,615.0,590.0,612.0,3899854.0
1999/05/20,615.0,616.0,600.0,605.0,1905904.0
1999/05/24,613.0,615.0,608.0,611.0,2257867.0
1999/05/26,610.0,615.0,603.0,614.0,1800820.0
1999/05/28,614.0,682.0,611.0,682.0,4243500.0
1999/06/01,690.0,690.0,658.0,675.0,2992714.0
1999/06/03,684.0,684.0,675.0,677.0,2044950.0
1999/06/07,690.0,759.0,690.0,759.0,4099484.0
1999/06/09,779.0,850.0,765.0,828.0,6697210.0
1999/06/11,820.0,820.0,305.0,305.0,7229000.0
1999/06/15,326.0,348.0,326.0,348.0,15766952.0
1999/06/17,371.0,398.0,366.0,398.0,11066113.0
1999/06/22,415.0,435.0,396.0,399.0,9958171.0
1999/06/24,385.0,399.0,370.0,372.0,8028536.0
1999/06/28,372.0,395.0,372.0,392.0,3635720.0
1999/06/30,400.0,400.0,385.0,389.0,3835830.0
1999/07/05,399.0,399.0,385.0,385.0,2280301.0
1999/07/07,376.0,395.0,376.0,395.0,2656541.0
1999/07/09,395.0,397.0,387.0,388.0,2753890.0
1999/07/13,385.0,390.0,360.0,368.0,5342286.0
1999/07/15,368.0,374.0,339.0,340.0,5038600.0
1999/07/19,361.0,382.0,346.0,379.0,4524050.0
1999/07/21,370.0,380.0,367.0,371.0,2846000.0
1999/07/23,365.0,371.0,350.0,350.0,2330068.0
1999/07/27,342.0,350.0,331.0,341.0,2461100.0
1999/07/29,341.0,341.0,330.0,338.0,1557750.0
1999/08/02,336.0,342.0,315.0,330.0,1969310.0
1999/08/04,330.0,336.0,325.0,325.0,1775410.0
1999/08/06,324.0,328.0,300.0,306.0,6005100.0
1999/08/10,306.0,315.0,303.0,309.0,9737731.0
1999/08/12,314.0,328.0,308.0,316.0,7652415.0
1999/08/16,324.0,345.0,318.0,345.0,15463881.0
1999/08/18,344.0,344.0,329.0,329.0,5619771.0
1999/08/20,327.0,335.0,320.0,320.0,3543001.0
1999/08/24,323.0,326.0,315.0,318.0,3623175.0
1999/08/26,320.0,322.0,310.0,310.0,5539549.0
1999/08/30,310.0,312.0,303.0,310.0,4499880.0
1999/09/01,313.0,317.0,309.0,310.0,4172012.0
1999/09/03,308.0,317.0,305.0,313.0,4703453.0
1999/09/07,317.0,318.0,303.0,304.0,4287471.0
1999/09/09,305.0,307.0,301.0,302.0,3767122.0
1999/09/13,302.0,303.0,287.0,288.0,5934785.0
1999/09/15,285.0,285.0,276.0,283.0,4588732.0
1999/09/17,283.0,295.0,282.0,288.0,3035801.0
1999/09/27,278.0,278.0,269.0,269.0,146835.0
1999/09/29,260.0,267.0,260.0,264.0,6181573.0
1999/10/01,265.0,266.0,252.0,254.0,2723084.0
1999/10/05,255.0,257.0,242.0,243.0,4463294.0
1999/10/07,245.0,259.0,245.0,253.0,5183460.0
1999/10/11,253.0,270.0,253.0,269.0,4329298.0
1999/10/13,268.0,270.0,262.0,263.0,3733700.0
1999/10/15,270.0,270.0,260.0,262.0,2772638.0
1999/10/19,262.0,264.0,259.0,259.0,1530215.0
1999/10/21,261.0,265.0,253.0,254.0,2018294.0
1999/10/25,254.0,259.0,252.0,256.0,1459685.0
1999/10/27,257.0,259.0,255.0,255.0,1359018.0
1999/10/29,258.0,272.0,258.0,267.0,3125648.0
1999/11/02,266.0,266.0,256.0,257.0,2328534.0
1999/11/04,257.0,257.0,254.0,255.0,2541739.0
1999/11/08,255.0,257.0,252.0,253.0,1481604.0
1999/11/10,251.0,255.0,250.0,251.0,2612247.0
1999/11/15,252.0,256.0,251.0,253.0,2447820.0
1999/11/17,256.0,256.0,250.0,254.0,2805239.0
1999/11/19,256.0,265.0,255.0,264.0,5339302.0
1999/11/23,269.0,271.0,258.0,259.0,7088173.0
1999/11/25,257.0,259.0,250.0,251.0,4130914.0
1999/11/29,254.0,255.0,245.0,246.0,2739743.0
1999/12/01,246.0,250.0,243.0,250.0,1714244.0
1999/12/03,250.0,250.0,230.0,230.0,2766542.0
1999/12/07,230.0,233.0,220.0,233.0,5300854.0
1999/12/09,232.0,232.0,222.0,226.0,2434253.0
1999/12/13,225.0,228.0,220.0,221.0,2451413.0
1999/12/15,221.0,223.0,208.0,210.0,4176483.0
1999/12/17,210.0,214.0,203.0,209.0,2728876.0
1999/12/21,208.0,226.0,208.0,226.0,2990515.0
1999/12/23,241.0,245.0,236.0,241.0,10620109.0
1999/12/27,241.0,251.0,235.0,246.0,6172801.0
2000/01/04,250.0,259.0,241.0,242.0,8585466.0
2000/01/06,243.0,249.0,233.0,235.0,5315040.0
2000/01/10,237.0,249.0,237.0,243.0,6759634.0
2000/01/12,245.0,269.0,244.0,260.0,18519605.0
2000/01/14,263.0,264.0,251.0,259.0,7631856.0
2000/01/18,260.0,263.0,255.0,256.0,5913326.0
2000/01/20,260.0,260.0,252.0,253.0,3254153.0
2000/01/24,257.0,257.0,250.0,250.0,3280416.0
2000/01/26,250.0,260.0,250.0,253.0,4465407.0
2000/01/28,253.0,269.0,253.0,262.0,13048651.0
2000/02/01,265.0,270.0,262.0,263.0,8100468.0
2000/02/10,263.0,266.0,258.0,260.0,7790123.0
2000/02/14,257.0,258.0,250.0,250.0,5740147.0
2000/02/16,251.0,255.0,250.0,251.0,4148122.0
2000/02/18,253.0,255.0,240.0,240.0,3426387.0
2000/02/22,240.0,247.0,240.0,240.0,3072842.0
2000/02/24,242.0,244.0,235.0,236.0,2805888.0
2000/02/29,238.0,239.0,228.0,234.0,3204581.0
2000/03/02,236.0,245.0,230.0,245.0,3176936.0
2000/03/06,245.0,245.0,236.0,237.0,1762915.0
2000/03/08,237.0,245.0,237.0,242.0,3115267.0
2000/03/10,245.0,245.0,220.0,220.0,4242280.0
2000/03/14,220.0,231.0,220.0,225.0,4616608.0
2000/03/16,215.0,230.0,215.0,224.0,5666133.0
2000/03/20,217.0,230.0,210.0,230.0,4252107.0
2000/03/22,229.0,245.0,225.0,244.0,7602547.0
2000/03/24,244.0,255.0,237.0,255.0,8349874.0
2000/03/28,253.0,253.0,242.0,244.0,4469520.0
2000/03/30,250.0,274.0,248.0,266.0,23709282.0
2000/04/05,279.0,299.0,278.0,282.0,28021020.0
2000/04/07,285.0,316.0,282.0,302.0,26669480.0
2000/04/11,295.0,304.0,275.0,275.0,15108875.0
2000/04/13,266.0,270.0,260.0,260.0,11181676.0
2000/04/17,250.0,268.0,247.0,260.0,9344242.0
2000/04/19,265.0,265.0,243.0,248.0,6830096.0
2000/04/21,251.0,253.0,236.0,236.0,3672805.0
2000/04/25,230.0,244.0,225.0,234.0,4663615.0
2000/04/27,234.0,242.0,230.0,238.0,4577691.0
2000/05/02,230.0,230.0,210.0,210.0,4816992.0
2000/05/04,210.0,218.0,210.0,217.0,5031847.0
2000/05/08,217.0,219.0,210.0,214.0,2541822.0
2000/05/10,213.0,215.0,200.0,200.0,3491918.0
2000/05/12,208.0,208.0,198.0,201.0,3894813.0
2000/05/16,201.0,222.0,201.0,218.0,6594988.0
2000/05/18,218.0,218.0,208.0,211.0,2959372.0
2000/05/22,210.0,213.0,201.0,202.0,2807790.0
2000/05/24,199.0,203.0,198.0,199.0,2859816.0
2000/05/26,199.0,207.0,198.0,205.0,3267873.0
2000/05/30,208.0,226.0,207.0,220.0,7200116.0
2000/06/01,224.0,225.0,218.0,218.0,3676634.0
2000/06/05,222.0,229.0,218.0,229.0,4204800.0
2000/06/08,228.0,228.0,214.0,215.0,4261746.0
2000/06/12,215.0,217.0,150.0,155.0,9641000.0
2000/06/14,159.0,162.0,156.0,159.0,10933236.0
2000/06/16,160.0,165.0,157.0,160.0,5226053.0
2000/06/20,162.0,164.0,156.0,157.0,3895521.0
2000/06/22,157.0,160.0,154.0,154.0,3311594.0
2000/06/26,155.0,156.0,152.0,154.0,3886411.0
2000/06/28,154.0,155.0,150.0,150.0,2830440.0
2000/06/30,153.0,154.0,150.0,151.0,3108348.0
2000/07/04,153.0,160.0,147.0,158.0,6020590.0
2000/07/06,158.0,158.0,151.0,151.0,3652304.0
2000/07/10,151.0,152.0,147.0,150.0,2609288.0
2000/07/12,150.0,157.0,149.0,155.0,3299005.0
2000/07/14,154.0,162.0,154.0,156.0,6638448.0
2000/07/18,156.0,156.0,150.0,151.0,2240753.0
2000/07/20,151.0,160.0,150.0,157.0,6794904.0
2000/07/24,157.0,163.0,156.0,159.0,10093822.0
2000/07/26,162.0,164.0,156.0,158.0,8749558.0
2000/07/28,157.0,161.0,152.0,153.0,3819977.0
2000/08/01,154.0,155.0,150.0,150.0,2015897.0
2000/08/03,148.0,148.0,143.0,143.0,5704956.0
2000/08/07,130.0,132.5,120.5,123.5,7030097.0
2000/08/09,123.5,128.0,123.0,125.0,12933375.0
2000/08/11,125.0,126.5,114.5,114.5,6241688.0
2000/08/15,114.5,115.0,111.5,114.0,9591912.0
2000/08/17,116.0,119.0,115.0,116.0,10390136.0
2000/08/21,120.0,123.0,116.5,118.5,7051400.0
2000/08/24,118.5,119.5,114.0,114.5,3502923.0
2000/08/28,114.5,116.0,111.0,116.0,5463250.0
2000/08/30,116.0,116.0,112.0,113.0,4705669.0
2000/09/04,116.0,117.5,112.0,116.0,6447697.0
2000/09/06,116.0,116.0,110.0,110.0,3488972.0
2000/09/08,110.0,111.5,101.0,102.5,4114744.0
2000/09/13,102.0,102.5,98.0,98.0,6275421.0
2000/09/18,100.0,105.0,99.0,103.5,8753888.0
2000/09/20,108.0,110.5,107.0,108.0,13966861.0
2000/09/22,103.5,108.0,101.0,108.0,6386726.0
2000/09/26,108.0,115.5,103.0,113.0,11173540.0
2000/09/28,113.0,115.5,100.5,103.0,5892764.0
2000/10/03,101.5,109.0,101.0,103.0,6821543.0
2000/10/05,103.0,110.5,100.0,108.0,14652390.0
2000/10/11,104.5,108.0,98.0,98.5,4607484.0
2000/10/13,92.0,110.0,92.0,100.5,10404196.0
2000/10/17,101.0,109.0,100.5,104.0,20125329.0
2000/10/19,103.5,116.0,97.0,113.0,15878727.0
2000/10/24,116.0,119.0,113.0,118.5,21012212.0
2000/10/26,115.0,118.5,111.0,115.5,15496888.0
2000/10/30,111.5,113.0,108.0,110.0,14505146.0
2000/11/01,111.5,116.0,108.0,113.5,18696504.0
2000/11/03,115.0,116.5,108.0,110.0,15540300.0
2000/11/07,112.5,120.0,111.0,116.0,34074240.0
2000/11/09,116.0,116.5,110.0,110.0,15491105.0
2000/11/13,103.0,107.0,102.0,105.0,12791403.0
2000/11/15,109.0,109.0,98.0,102.0,11755398.0
2000/11/17,100.0,102.0,91.5,91.5,6403831.0
2000/11/21,90.0,103.5,90.0,99.5,13705634.0
2000/11/23,98.5,106.0,98.0,105.5,7739483.0
2000/11/27,105.5,105.5,102.0,102.5,3925706.0
2000/11/29,101.5,103.0,99.0,100.0,4283217.0
2000/12/01,97.0,103.0,97.0,99.5,3418479.0
2000/12/05,98.0,103.5,98.0,98.0,4770759.0
2000/12/07,98.0,99.0,96.0,97.5,3776484.0
2000/12/11,98.0,100.5,98.0,100.0,2545907.0
2000/12/13,100.0,100.5,98.5,100.5,2510546.0
2000/12/15,100.0,104.0,98.0,99.5,5187637.0
2000/12/19,100.0,101.0,94.5,101.0,8295307.0
2000/12/21,98.0,99.5,95.5,96.0,4440515.0
2000/12/26,96.0,97.0,90.0,90.0,3062090.0
2000/12/28,87.0,90.5,87.0,87.0,5660180.0
2001/01/02,81.0,85.5,78.5,79.5,8485155.0
2001/01/04,83.0,90.5,82.5,90.5,17968441.0
2001/01/08,89.0,92.0,87.0,91.5,11805299.0
2001/01/10,91.5,94.0,88.5,88.5,15341078.0
2001/01/12,89.0,90.0,85.0,87.5,4897076.0
2001/01/16,87.5,95.0,87.5,93.5,14141502.0
2001/01/18,94.5,96.5,89.5,90.5,13832868.0
2001/01/30,91.5,98.5,91.0,96.5,15574469.0
2001/02/01,96.0,100.0,95.0,97.0,17600993.0
2001/02/05,96.0,96.0,91.0,91.5,6919068.0
2001/02/07,90.0,92.5,90.0,91.0,4612176.0
2001/02/09,92.0,93.5,90.5,93.5,6566296.0
2001/02/13,94.5,98.0,94.5,94.5,17721126.0
2001/02/15,95.0,108.0,95.0,106.0,58601680.0
2001/02/19,101.0,105.5,101.0,102.0,24550502.0
2001/02/21,100.0,103.0,98.0,98.0,11313882.0
2001/02/23,98.0,104.0,96.5,104.0,15729072.0
2001/02/27,106.5,107.0,102.5,103.5,26844030.0
2001/03/02,104.5,108.5,103.5,107.5,29525400.0
2001/03/06,108.5,112.0,105.0,110.0,38797320.0
2001/03/08,110.0,112.0,106.5,107.5,18155546.0
2001/03/12,105.0,108.0,103.0,105.5,15674810.0
2001/03/14,107.0,111.0,106.0,110.0,22244160.0
2001/03/16,110.0,116.5,109.0,109.0,31536760.0
2001/03/20,113.0,117.0,111.0,116.0,25515982.0
2001/03/22,116.0,118.0,114.0,114.0,20395610.0
2001/03/26,115.0,116.5,112.0,112.5,19314815.0
2001/03/28,114.0,116.5,112.0,116.0,17438561.0
2001/03/30,116.0,120.5,115.5,118.0,30449200.0
2001/04/03,117.5,118.0,112.5,115.5,16428785.0
2001/04/06,118.5,123.5,118.5,119.5,33370339.0
2001/04/10,120.5,122.0,113.5,117.0,23722300.0
2001/04/12,116.5,117.0,111.0,111.5,17960789.0
2001/04/16,111.0,111.0,107.5,108.5,10299956.0
2001/04/18,110.0,116.0,109.5,113.0,19711050.0
2001/04/20,115.0,115.0,112.0,113.0,9724058.0
2001/04/24,113.0,116.0,110.5,113.0,9196834.0
2001/04/26,113.5,114.0,110.0,110.5,6275278.0
2001/04/30,111.5,112.5,109.0,112.5,10079382.0
2001/05/03,112.5,114.0,107.0,108.5,8211472.0
2001/05/07,111.0,112.0,107.5,112.0,9010780.0
2001/05/09,113.0,113.5,110.0,111.0,5728805.0
2001/05/11,110.5,112.5,104.5,108.0,6649587.0
2001/05/15,109.0,109.0,100.5,100.5,5908412.0
2001/05/17,100.5,105.0,99.5,104.0,9964440.0
2001/05/21,104.0,106.0,99.0,104.0,5535904.0
2001/05/23,104.5,113.0,104.0,112.0,9828322.0
2001/05/25,112.0,113.0,108.0,109.0,5346991.0
2001/05/29,109.5,114.0,109.5,111.0,7813719.0
2001/05/31,110.0,116.0,109.5,115.0,12313455.0
2001/06/04,115.0,117.5,113.5,115.0,8340256.0
2001/06/06,117.0,119.0,114.0,114.0,10750937.0
2001/06/08,115.0,118.0,115.0,117.5,7708844.0
2001/06/12,117.5,118.5,117.0,117.0,5413146.0
2001/06/14,116.0,117.0,113.0,115.5,3688854.0
2001/06/18,116.0,116.0,113.0,115.0,2570873.0
2001/06/20,115.0,121.0,114.5,116.0,10165659.0
2001/06/22,116.0,118.0,114.0,114.0,7484334.0
2001/06/27,114.0,117.5,114.0,115.0,3532483.0
2001/06/29,117.5,119.5,115.5,118.5,6683923.0
2001/07/03,118.5,119.0,115.0,115.5,3639962.0
2001/07/05,114.0,117.5,114.0,115.5,3947694.0
2001/07/09,115.0,116.0,113.0,113.0,7253021.0
2001/07/11,113.0,113.5,107.0,109.0,8252247.0
2001/07/13,111.0,112.0,108.0,112.0,7043106.0
2001/07/17,110.0,112.0,102.5,102.5,6161150.0
2001/07/19,99.0,110.0,98.0,108.0,8545687.0
2001/07/23,109.0,109.5,79.5,82.0,10082000.0
2001/07/25,80.0,93.0,80.0,93.0,13171204.0
2001/07/27,93.5,93.5,89.5,92.0,9722502.0
2001/08/01,92.5,94.5,90.5,93.5,7400543.0
2001/08/03,93.5,94.0,89.5,90.5,5575839.0
2001/08/07,90.5,93.0,89.5,93.0,3132208.0
2001/08/09,90.0,92.0,82.0,83.0,17004855.0
2001/08/13,83.0,86.0,82.0,84.0,7327577.0
2001/08/15,84.5,86.5,82.0,82.0,8231509.0
2001/08/17,84.0,84.5,76.0,79.0,17839387.0
2001/08/21,78.5,78.5,75.5,77.5,11429817.0
2001/08/23,78.0,79.0,72.0,72.0,9149476.0
2001/08/27,74.0,74.5,71.0,74.0,7941219.0
2001/08/29,73.0,78.0,73.0,75.0,9489358.0
2001/08/31,76.5,78.0,75.0,77.0,14611613.0
2001/09/04,78.0,83.5,77.5,81.5,21040452.0
2001/09/06,81.0,81.5,76.0,80.0,7954330.0
2001/09/10,80.0,81.0,75.0,77.0,8462884.0
2001/09/13,72.0,72.0,67.0,67.0,6335388.0
2001/09/19,65.0,65.0,63.0,63.0,5214144.0
2001/09/21,61.0,61.0,57.0,59.0,7280901.0
2001/09/25,61.5,64.5,60.0,64.5,20121245.0
2001/09/27,64.0,66.5,63.0,64.5,12121247.0
2001/10/02,64.5,64.5,60.5,61.5,8648678.0
2001/10/04,65.5,69.5,64.0,69.0,16343755.0
2001/10/08,67.5,71.5,67.0,70.0,9721688.0
2001/10/11,71.5,74.0,69.5,71.0,19635657.0
2001/10/15,69.0,73.5,69.0,73.0,8162340.0
2001/10/17,74.0,74.5,69.0,69.5,13548773.0
2001/10/19,69.0,72.5,67.5,71.0,11889280.0
2001/10/23,72.0,75.0,71.5,75.0,17633771.0
2001/10/25,77.0,77.5,75.0,75.0,14060061.0
2001/10/29,75.0,75.5,71.5,73.0,6033799.0
2001/10/31,74.0,76.0,73.0,74.5,15433360.0
2001/11/02,76.0,78.5,76.0,77.5,21787811.0
2001/11/06,79.0,81.0,76.5,78.0,24359140.0
2001/11/08,78.0,81.0,77.0,80.0,24437710.0
2001/11/12,80.5,80.5,77.0,77.0,10822687.0
2001/11/14,78.5,83.0,78.0,83.0,21554729.0
2001/11/16,83.0,83.5,79.5,83.0,12989634.0
2001/11/20,83.5,84.0,80.0,82.0,13617052.0
2001/11/22,82.0,82.0,79.0,81.5,9356752.0
2001/11/26,82.5,86.5,82.5,83.0,25791856.0
2001/11/28,82.0,83.0,77.0,82.0,10708251.0
2001/11/30,82.0,84.0,80.0,81.5,21022794.0
2001/12/04,82.0,88.0,80.0,86.0,45326810.0
2001/12/06,89.5,98.0,88.0,96.0,40001820.0
2001/12/10,95.0,103.0,93.0,103.0,46229090.0
2001/12/12,106.0,117.5,105.0,110.0,42356810.0
2001/12/14,107.0,113.0,104.0,106.0,22124244.0
2001/12/18,113.0,113.0,102.0,102.0,29980384.0
2001/12/20,102.0,107.0,101.0,103.0,15994027.0
2001/12/24,105.0,114.0,104.0,113.5,21581039.0
2001/12/26,115.0,118.0,106.0,107.0,22913244.0
2001/12/28,108.0,116.0,106.5,114.0,16477276.0
2002/01/02,114.0,120.0,113.0,115.5,27087674.0
2002/01/04,119.5,132.0,118.5,132.0,40448970.0
2002/01/08,134.0,144.0,133.0,142.0,47164640.0
2002/01/10,141.5,146.0,135.0,137.0,33707310.0
2002/01/14,137.0,142.0,135.0,139.0,21989942.0
2002/01/16,140.0,141.0,131.0,134.0,17878390.0
2002/01/18,135.0,141.5,133.0,141.5,30886455.0
2002/01/22,142.0,142.5,136.0,137.0,30477212.0
2002/01/24,139.5,146.0,138.0,141.5,35779985.0
2002/01/28,143.0,144.5,140.0,140.5,18720912.0
2002/01/30,136.0,142.0,136.0,137.5,18735844.0
2002/02/01,140.5,140.5,133.0,135.0,17085395.0
2002/02/05,134.5,137.5,132.0,136.0,14770504.0
2002/02/18,138.0,138.0,127.0,127.0,16973569.0
2002/02/20,124.5,126.0,120.0,120.5,16345574.0
2002/02/22,118.0,125.0,117.0,117.0,12335299.0
2002/02/26,120.5,121.5,116.0,121.0,16854471.0
2002/03/01,120.0,125.0,118.0,124.5,17901193.0
2002/03/05,127.0,128.0,122.0,124.5,18069868.0
2002/03/07,125.0,128.0,119.0,119.5,16672352.0
2002/03/11,120.5,129.0,120.5,125.5,21116538.0
2002/03/13,125.5,127.5,122.5,125.0,7566159.0
2002/03/15,126.0,127.0,121.0,124.0,10169711.0
2002/03/19,124.0,129.0,122.0,127.5,13261400.0
2002/03/21,126.0,133.0,124.5,130.0,21329764.0
2002/03/25,131.5,135.0,129.0,134.0,30220050.0
2002/03/27,135.0,136.0,130.5,136.0,19550870.0
2002/03/29,135.0,135.0,131.0,132.5,7158110.0
2002/04/02,132.5,135.0,128.0,129.0,11011268.0
2002/04/04,127.0,129.0,121.5,122.0,13612168.0
2002/04/09,122.0,123.5,118.0,120.5,11395059.0
2002/04/11,121.5,123.0,119.5,122.5,13774272.0
2002/04/15,124.0,124.5,119.5,120.0,8766806.0
2002/04/17,122.5,123.0,120.0,120.5,12232419.0
2002/04/19,122.5,124.0,120.0,122.0,10964251.0
2002/04/23,120.0,121.0,117.5,121.0,11930486.0
2002/04/25,122.0,122.0,119.0,121.0,5059030.0
2002/04/29,119.5,121.0,115.5,117.0,7165534.0
2002/05/02,116.0,117.0,108.5,109.0,14952379.0
2002/05/06,107.0,107.0,99.0,105.5,13414850.0
2002/05/08,107.0,109.0,105.0,105.0,11531718.0
2002/05/10,100.0,105.0,100.0,105.0,10194453.0
2002/05/14,105.5,111.5,104.0,110.0,10602082.0
2002/05/16,109.0,110.5,104.0,104.5,15174705.0
2002/05/20,102.0,104.0,101.0,101.5,10375337.0
2002/05/22,102.0,104.0,100.5,102.0,9486546.0
2002/05/24,103.0,108.5,103.0,107.5,9551975.0
2002/05/28,109.5,110.0,103.0,105.0,7084174.0
2002/05/30,103.0,105.0,102.0,103.0,8500104.0
2002/06/03,103.0,105.0,101.0,104.0,4176853.0
2002/06/05,105.0,107.0,103.0,103.0,5956780.0
2002/06/07,102.0,102.5,100.0,100.0,8853114.0
2002/06/11,101.0,101.0,87.0,87.5,17496779.0
2002/06/13,88.5,93.0,88.0,90.5,11823930.0
2002/06/17,91.0,92.5,90.0,91.5,13602750.0
2002/06/19,90.5,91.0,80.0,85.5,12173922.0
2002/06/21,84.5,95.0,83.0,93.0,22788838.0
2002/06/25,94.5,94.5,90.0,91.0,9204318.0
2002/06/27,91.0,96.0,89.5,94.0,9467072.0
2002/07/01,94.0,94.0,83.5,87.0,11827765.0
2002/07/03,86.5,93.0,83.0,93.0,9480474.0
2002/07/05,93.0,102.5,91.5,102.5,18948000.0
2002/07/09,87.5,88.5,83.0,83.5,18250725.0
2002/07/11,82.0,86.0,80.5,86.0,11428627.0
2002/07/15,87.5,87.5,84.5,84.5,9554923.0
2002/07/17,84.0,84.5,79.0,79.5,14504894.0
2002/07/19,78.0,78.5,75.0,78.5,11893513.0
2002/07/23,78.5,82.0,77.5,79.0,10041502.0
2002/07/25,82.0,82.0,76.5,79.0,6953428.0
2002/07/29,79.0,85.0,78.0,85.0,15525619.0
2002/07/31,85.0,85.5,82.0,82.0,6099539.0
2002/08/02,80.0,80.5,75.0,75.0,7809883.0
2002/08/06,71.5,77.5,71.5,76.5,5276985.0
2002/08/08,75.5,77.5,74.0,76.5,9636179.0
2002/08/12,76.0,76.5,75.0,76.0,7205939.0
2002/08/14,76.0,84.5,75.5,83.5,19083721.0
2002/08/16,84.5,85.0,81.5,81.5,7162613.0
2002/08/20,83.0,85.0,82.0,84.5,8679740.0
2002/08/22,85.0,87.0,84.5,84.5,12531702.0
2002/08/26,84.5,84.5,81.5,82.0,6795585.0
2002/08/28,82.0,82.0,76.0,78.5,10577038.0
2002/08/30,77.0,78.0,71.0,71.0,13727945.0
2002/09/03,70.0,70.5,64.0,65.5,22084637.0
2002/09/05,66.0,66.5,61.0,65.0,18717458.0
2002/09/10,67.0,70.0,66.5,70.0,19600350.0
2002/09/12,70.0,72.0,68.5,71.0,10591639.0
2002/09/16,71.0,72.5,67.0,72.5,10022287.0
2002/09/18,71.5,73.0,70.5,71.0,10894037.0
2002/09/20,70.0,71.0,68.0,68.0,6110128.0
2002/09/24,67.0,69.5,66.0,66.5,6410248.0
2002/09/26,69.0,69.0,67.0,67.5,5841612.0
2002/09/30,66.0,68.0,64.0,66.0,5815683.0
2002/10/02,68.0,68.5,65.5,65.5,6858022.0
2002/10/04,63.5,65.0,59.5,59.5,10230801.0
2002/10/08,58.5,60.0,57.5,57.5,10120391.0
2002/10/11,58.5,59.0,53.5,57.5,13079381.0
2002/10/15,59.0,65.5,59.0,65.0,20513389.0
2002/10/17,64.0,67.5,63.5,67.0,22120983.0
2002/10/21,67.0,70.5,65.0,68.0,18738689.0
2002/10/23,67.5,72.5,66.0,70.5,18470379.0
2002/10/25,70.0,70.0,67.5,68.0,7872190.0
2002/10/29,67.5,69.0,67.0,68.5,8259918.0
2002/10/31,69.5,73.0,69.0,70.5,15523288.0
2002/11/04,73.0,75.0,72.0,75.0,15203379.0
2002/11/06,75.0,79.0,74.0,78.5,21339117.0
2002/11/08,78.0,78.5,73.5,74.0,9310728.0
2002/11/12,72.5,76.0,72.5,73.5,7265810.0
2002/11/14,76.0,76.5,73.5,76.0,7972122.0
2002/11/18,76.0,77.0,74.5,75.5,8451733.0
2002/11/20,74.5,75.5,67.5,68.5,10471926.0
2002/11/22,70.5,71.5,68.5,70.5,8811712.0
2002/11/26,70.0,71.0,68.0,68.0,7695634.0
2002/11/28,70.0,70.5,68.5,69.0,6084076.0
2002/12/02,69.5,74.5,69.5,74.0,11570421.0
2002/12/04,74.0,74.0,72.0,73.0,5903862.0
2002/12/06,73.0,74.5,72.5,74.5,4703777.0
2002/12/10,74.0,74.0,68.0,69.5,8551268.0
2002/12/12,68.0,69.5,65.0,66.0,9019483.0
2002/12/16,64.5,66.0,64.0,64.5,5377098.0
2002/12/18,64.0,65.5,58.5,59.0,9826977.0
2002/12/20,59.0,62.5,58.0,59.5,9605150.0
2002/12/24,61.0,61.0,58.5,59.5,3336289.0
2002/12/26,60.0,61.0,58.5,58.5,3440600.0
2002/12/30,58.0,58.5,55.0,57.0,5962516.0
2003/01/02,56.0,58.5,56.0,57.5,6542996.0
2003/01/06,58.5,64.5,58.0,62.0,13956380.0
2003/01/08,63.0,66.5,62.5,66.0,16354008.0
2003/01/10,67.5,72.0,67.0,72.0,17244704.0
2003/01/14,72.0,72.0,69.0,70.0,9959973.0
2003/01/16,70.0,71.5,67.5,70.0,6433512.0
2003/01/20,69.0,69.5,65.5,66.0,7250771.0
2003/01/22,66.0,67.0,64.5,65.5,9436659.0
2003/01/24,66.5,67.0,65.0,66.0,6784924.0
2003/01/28,67.0,67.5,61.5,61.5,6123682.0
2003/02/07,58.5,60.0,57.5,59.0,12704640.0
2003/02/11,59.5,61.5,58.0,58.0,7220202.0
2003/02/13,57.5,58.5,57.0,58.5,4876329.0
2003/02/17,61.5,62.5,60.5,61.5,8047577.0
2003/02/19,62.5,63.5,58.5,60.5,7680166.0
2003/02/21,61.0,61.0,58.0,60.5,6975363.0
2003/02/25,60.5,61.0,58.5,59.0,7333724.0
2003/02/27,58.5,64.0,58.0,63.0,13968315.0
2003/03/04,61.5,62.0,59.0,60.0,8718751.0
2003/03/06,60.0,61.0,58.5,58.5,7394836.0
2003/03/10,60.0,61.5,59.0,60.0,6403730.0
2003/03/12,60.0,63.0,60.0,62.5,9670208.0
2003/03/14,64.0,65.5,63.5,65.0,17119271.0
2003/03/18,69.0,69.5,67.5,69.5,19071705.0
2003/03/20,70.5,71.5,68.5,68.5,16165660.0
2003/03/24,68.5,69.5,65.5,66.5,13152947.0
2003/03/26,67.0,67.5,65.0,67.0,11990784.0
2003/03/28,66.5,67.0,60.5,61.0,16517744.0
2003/04/01,60.5,64.0,60.5,62.5,11530776.0
2003/04/03,64.0,68.0,63.5,67.0,13779270.0
2003/04/07,66.0,69.5,66.0,67.0,10865680.0
2003/04/09,67.0,68.0,65.0,67.0,11973771.0
2003/04/11,68.0,68.0,65.5,65.5,7425686.0
2003/04/15,66.0,70.0,66.0,70.0,10499570.0
2003/04/17,70.0,73.0,68.5,70.0,13978532.0
2003/04/21,70.5,72.5,69.5,70.0,13345080.0
2003/04/23,71.0,72.5,66.5,68.0,14833893.0
2003/04/25,65.0,67.0,62.5,64.0,10296594.0
2003/04/29,65.5,65.5,61.0,61.0,17560480.0
2003/05/02,61.0,62.0,58.0,61.0,16911042.0
2003/05/06,62.0,63.0,61.0,62.0,12780473.0
2003/05/08,62.0,63.0,59.5,62.5,10482513.0
2003/05/12,63.0,66.0,63.0,65.5,12047882.0
2003/05/14,66.0,66.0,63.0,64.0,8979852.0
2003/05/16,64.5,65.0,61.0,62.0,7472652.0
2003/05/20,61.5,64.0,61.0,63.5,11858120.0
2003/05/22,63.5,67.0,62.5,65.5,14242015.0
2003/05/26,66.5,68.0,66.0,67.0,11814708.0
2003/05/28,69.0,69.5,67.0,69.0,13867651.0
2003/05/30,69.0,71.0,67.5,70.0,13382119.0
2003/06/03,70.0,71.5,69.0,70.0,11684551.0
2003/06/06,71.0,73.5,69.0,73.0,25022747.0
2003/06/10,73.0,76.0,72.5,74.5,24654170.0
2003/06/12,75.0,78.0,74.5,76.0,18431048.0
2003/06/16,77.0,77.0,74.5,75.5,15020447.0
2003/06/18,76.5,77.0,74.0,75.0,19935252.0
2003/06/20,74.0,74.5,71.5,71.5,20697841.0
2003/06/24,71.0,73.5,70.0,72.5,14713412.0
2003/06/26,73.5,73.5,70.5,72.0,15467332.0
2003/06/30,72.0,74.0,70.5,74.0,15830077.0
2003/07/02,75.0,79.0,73.5,77.0,29867904.0
2003/07/04,77.5,87.5,77.0,87.5,41741765.0
2003/07/08,88.0,93.0,86.0,89.5,35432886.0
2003/07/10,89.5,89.5,77.5,79.0,38146000.0
2003/07/14,79.0,83.5,79.0,80.0,25382635.0
2003/07/16,80.0,81.5,78.0,78.5,19176015.0
2003/07/18,78.0,81.0,77.0,78.0,18478180.0
2003/07/22,78.0,83.0,77.5,81.5,22923245.0
2003/07/24,81.5,89.0,81.5,87.5,43792564.0
2003/07/28,88.0,90.0,82.5,82.5,22723114.0
2003/07/30,82.5,83.0,80.0,81.0,15676654.0
2003/08/01,81.0,86.0,81.0,84.5,20113192.0
2003/08/05,84.5,85.0,81.0,81.5,18659013.0
2003/08/07,81.5,84.0,80.0,82.5,20951869.0
2003/08/11,82.5,85.5,81.5,84.5,18647217.0
2003/08/13,84.5,87.5,84.5,85.5,36079847.0
2003/08/15,85.5,87.0,83.0,83.5,21010871.0
2003/08/19,83.5,90.0,83.5,88.5,52605003.0
2003/08/21,88.5,90.0,87.0,89.0,28954411.0
2003/08/25,89.0,89.0,82.5,82.5,22866091.0
2003/08/27,82.5,84.5,82.5,84.0,28549775.0
2003/08/29,84.0,85.0,83.0,83.5,18633846.0
2003/09/02,83.0,84.5,82.5,82.5,12654651.0
2003/09/04,82.5,83.5,81.5,82.0,11702759.0
2003/09/08,82.0,85.0,81.5,84.0,23009950.0
2003/09/10,83.5,87.0,82.0,86.5,33193509.0
2003/09/15,86.5,89.5,85.5,88.5,37225026.0
2003/09/17,88.5,89.5,86.5,87.5,23829765.0
2003/09/19,87.5,88.5,84.5,85.5,23396040.0
2003/09/23,84.5,86.0,83.5,86.0,22331580.0
2003/09/25,82.5,84.0,82.0,83.0,20860086.0
2003/09/29,82.0,83.5,82.0,82.5,13953623.0
2003/10/01,82.5,85.5,82.5,85.5,15415520.0
2003/10/03,85.5,88.0,84.5,88.0,16356000.0
2003/10/07,88.0,88.0,84.5,85.5,15690938.0
2003/10/09,85.5,88.5,85.0,88.5,17057199.0
2003/10/14,89.0,91.0,88.0,90.0,24674717.0
2003/10/16,90.0,91.0,89.0,90.5,22059785.0
2003/10/20,90.5,93.5,90.0,91.5,23166708.0
2003/10/22,91.5,92.5,89.0,90.5,13735704.0
2003/10/24,90.5,91.0,89.5,90.0,8706706.0
2003/10/28,90.5,96.0,90.0,95.0,26438934.0
2003/10/30,95.0,95.5,92.5,92.5,12694547.0
2003/11/03,92.5,95.0,91.5,94.5,14252015.0
2003/11/05,94.5,94.5,89.0,89.0,13595550.0
2003/11/07,89.0,92.0,88.5,91.0,9535432.0
2003/11/11,90.5,92.5,89.0,90.0,12907825.0
2003/11/13,91.5,92.0,88.0,88.5,8614098.0
2003/11/17,88.5,89.5,85.5,86.0,10596286.0
2003/11/19,85.5,85.5,80.0,80.0,31315353.0
2003/11/21,80.0,83.0,79.5,82.5,19837344.0
2003/11/25,84.0,84.5,82.5,83.5,7599504.0
2003/11/27,83.0,83.5,80.0,80.5,8435426.0
2003/12/01,80.5,85.0,80.5,85.0,11694590.0
2003/12/03,84.0,85.0,83.0,85.0,12568092.0
2003/12/05,84.5,85.0,82.0,83.5,6359049.0
2003/12/09,83.5,84.0,81.5,82.0,9782395.0
2003/12/11,82.0,86.0,82.0,84.0,9113865.0
2003/12/15,85.0,87.5,84.5,87.5,10761108.0
2003/12/17,87.5,87.5,82.5,83.0,11543378.0
2003/12/19,83.5,83.5,82.0,82.5,9160996.0
2003/12/23,82.5,83.5,82.0,82.0,5176311.0
2003/12/25,82.0,83.0,82.0,82.5,2533560.0
2003/12/29,82.5,84.0,81.0,84.0,9033079.0
2003/12/31,83.0,84.0,82.5,83.5,7222397.0
2004/01/05,84.0,86.0,83.0,86.0,12665794.0
2004/01/07,86.0,87.0,85.0,87.0,9409384.0
2004/01/09,87.5,90.0,86.5,87.0,14393834.0
2004/01/13,87.5,88.0,85.0,85.5,11980612.0
2004/01/15,86.0,87.5,85.0,85.5,9159548.0
2004/01/27,86.0,87.0,81.5,82.0,20400392.0
2004/01/29,81.5,83.0,81.0,82.0,17068061.0
2004/02/02,82.0,82.5,80.0,80.0,12915683.0
2004/02/04,80.0,80.5,76.0,76.0,22898620.0
2004/02/06,76.0,78.0,76.0,77.5,16215539.0
2004/02/10,77.5,77.5,75.5,77.0,21534978.0
2004/02/12,77.5,79.0,77.0,78.0,24839912.0
2004/02/16,78.5,79.0,77.5,78.5,9133622.0
2004/02/18,79.5,82.5,79.0,82.0,19981798.0
2004/02/20,82.0,85.0,82.0,85.0,26287185.0
2004/02/24,84.0,84.5,82.0,83.5,9978340.0
2004/02/26,84.0,85.0,83.5,84.5,15000471.0
2004/03/01,84.5,85.5,83.5,85.0,13556069.0
2004/03/03,83.5,84.5,82.5,83.5,9267372.0
2004/03/05,84.0,85.5,84.0,84.5,14010498.0
2004/03/09,84.5,85.5,83.0,83.0,9317355.0
2004/03/11,82.5,83.0,80.0,80.5,12951774.0
2004/03/15,81.0,81.5,77.0,77.5,27118311.0
2004/03/17,78.0,80.5,76.5,79.0,29154725.0
2004/03/19,79.0,81.0,75.0,75.0,10388401.0
2004/03/23,70.0,76.0,70.0,75.0,27413235.0
2004/03/25,75.5,76.0,73.5,74.0,9218921.0
2004/03/29,75.5,78.5,75.0,77.0,14379084.0
2004/03/31,78.0,80.0,76.5,79.5,13383961.0
2004/04/02,80.0,81.5,79.0,81.5,10947473.0
2004/04/06,82.0,82.5,77.5,79.0,14257725.0
2004/04/08,79.0,79.5,77.0,77.5,5633801.0
2004/04/12,78.0,79.5,78.0,78.5,5668970.0
2004/04/14,78.5,80.0,78.0,78.0,9423734.0
2004/04/16,79.0,80.5,78.0,80.5,11533726.0
2004/04/20,80.5,80.5,78.0,80.5,7628884.0
2004/04/22,80.5,81.5,78.0,80.0,11781520.0
2004/04/26,80.0,80.5,78.0,78.0,7132177.0
2004/04/28,78.0,78.5,73.0,74.5,10992885.0
2004/04/30,74.0,75.0,68.5,69.5,18263561.0
2004/05/04,70.0,70.5,65.0,66.0,14665430.0
2004/05/06,66.0,67.5,64.5,65.5,18583267.0
2004/05/10,65.0,66.0,62.0,66.0,17393939.0
2004/05/12,66.5,69.0,66.5,68.0,23776800.0
2004/05/14,68.0,68.0,61.5,65.0,18162315.0
2004/05/18,64.0,70.0,64.0,69.0,21298034.0
2004/05/20,68.0,73.0,67.0,71.5,17949801.0
2004/05/24,71.5,73.0,71.0,72.5,12333626.0
2004/05/26,73.5,74.0,70.5,72.5,7905855.0
2004/05/28,73.0,76.0,72.5,74.0,15470711.0
2004/06/01,74.0,74.5,70.5,71.0,8686370.0
2004/06/03,71.5,71.5,67.0,68.5,6808062.0
2004/06/07,71.0,74.5,70.0,73.0,11836953.0
2004/06/09,74.0,75.0,69.0,69.0,10655378.0
2004/06/11,69.0,69.0,66.0,66.0,11442137.0
2004/06/15,66.0,70.0,65.5,68.0,6239451.0
2004/06/17,69.5,70.5,68.0,69.0,8778378.0
2004/06/21,71.5,71.5,68.0,71.5,9644045.0
2004/06/24,72.5,72.5,70.5,72.0,7302477.0
2004/06/28,72.0,72.0,69.0,70.0,5431967.0
2004/06/30,70.0,72.0,69.5,71.5,8391899.0
2004/07/02,70.0,70.5,65.0,69.0,13976208.0
2004/07/06,68.0,69.0,66.5,67.5,8123292.0
2004/07/08,68.0,68.5,65.0,67.5,10360656.0
2004/07/12,67.5,68.0,62.0,63.5,13612923.0
2004/07/14,63.5,63.5,61.0,63.5,9760825.0
2004/07/16,62.5,63.5,60.0,60.5,8384751.0
2004/07/20,60.5,61.5,58.5,61.0,14196973.0
2004/07/22,59.0,62.5,59.0,62.0,8699459.0
2004/07/26,61.0,63.0,60.0,61.5,7055916.0
2004/07/28,62.0,62.5,59.0,60.5,14501000.0
2004/07/30,54.0,56.0,53.5,55.5,18156443.0
2004/08/03,54.5,56.0,54.0,55.0,9430461.0
2004/08/05,55.5,59.5,54.5,58.5,14738927.0
2004/08/09,57.5,59.5,57.0,58.0,5301791.0
2004/08/11,58.0,60.5,56.5,57.5,6045197.0
2004/08/13,56.0,57.0,53.5,54.5,10996552.0
2004/08/17,54.5,56.0,53.0,55.5,10415181.0
2004/08/19,57.0,59.0,56.5,58.0,14548053.0
2004/08/23,58.0,60.0,56.5,60.0,25774592.0
2004/08/27,60.5,63.5,60.0,61.0,17879099.0
2004/08/31,60.0,60.5,58.0,59.0,17044502.0
2004/09/02,59.5,59.5,56.0,57.5,11514565.0
2004/09/06,56.0,59.0,56.0,59.0,9085791.0
2004/09/08,59.0,59.0,57.0,58.0,10501457.0
2004/09/10,58.0,59.5,57.5,59.0,7509850.0
2004/09/14,60.0,61.0,59.0,60.0,6793062.0
2004/09/16,60.0,60.0,58.0,59.0,6615417.0
2004/09/20,59.5,62.5,59.5,61.0,11939755.0
2004/09/22,61.0,62.0,60.5,61.5,5140264.0
2004/09/24,62.0,62.0,59.0,60.0,8179125.0
2004/09/29,59.5,60.0,57.5,58.5,12070019.0
2004/10/01,58.0,60.5,57.5,60.5,19735749.0
2004/10/05,61.0,62.0,60.5,61.0,27716461.0
2004/10/07,61.5,61.5,57.0,59.0,19988674.0
2004/10/11,58.5,59.0,56.0,56.5,10939297.0
2004/10/13,56.5,57.0,55.5,56.0,13875314.0
2004/10/15,56.0,56.5,55.0,55.0,7184781.0
2004/10/19,56.0,57.0,55.5,56.0,9897654.0
2004/10/21,55.0,56.5,55.0,56.0,8489340.0
2004/10/26,55.5,55.5,53.0,54.0,7083676.0
2004/10/28,54.0,54.5,53.0,54.0,15890038.0
2004/11/01,54.0,56.0,53.0,56.0,15845756.0
2004/11/03,56.0,57.0,55.0,57.0,19999147.0
2004/11/05,57.0,58.0,56.0,58.0,18729216.0
2004/11/09,57.5,58.0,56.5,57.5,13797111.0
2004/11/11,57.0,57.5,56.5,57.5,7705946.0
2004/11/15,58.0,58.5,57.0,58.0,10542283.0
2004/11/17,58.0,60.0,57.5,59.5,19829081.0
2004/11/19,59.0,59.0,54.0,54.0,14814115.0
2004/11/23,54.0,55.0,53.0,54.0,11851658.0
2004/11/25,54.5,56.0,53.0,53.0,15164905.0
2004/11/29,53.5,54.5,52.0,52.5,18491304.0
2004/12/01,53.0,54.0,52.0,53.5,26653181.0
2004/12/03,53.5,54.5,53.0,54.0,27039886.0
2004/12/07,54.0,54.5,53.5,54.0,22377527.0
2004/12/09,54.0,56.0,54.0,56.0,24583269.0
2004/12/13,55.0,55.5,53.0,54.5,16105583.0
2004/12/15,54.5,55.0,53.5,54.5,18099870.0
2004/12/17,54.5,55.0,52.5,52.5,15972115.0
2004/12/21,53.0,54.5,52.5,54.5,12426959.0
2004/12/23,54.5,55.0,53.5,54.5,9336720.0
2004/12/27,54.5,55.0,54.0,55.0,9002127.0
2004/12/29,55.0,55.5,54.0,55.0,16700422.0
2004/12/31,54.5,57.0,54.5,56.0,15990045.0
2005/01/04,56.0,56.0,54.0,54.5,6840977.0
2005/01/06,54.5,54.5,53.0,53.0,8680939.0
2005/01/10,53.5,54.5,53.0,54.0,8390917.0
2005/01/12,54.0,54.0,51.0,52.0,13606028.0
2005/01/14,51.5,52.5,50.5,52.0,16074110.0
2005/01/18,52.0,52.0,50.5,51.0,12570068.0
2005/01/20,50.5,51.5,48.2,48.8,25478585.0
2005/01/24,48.9,49.5,47.2,49.0,37727666.0
2005/01/26,49.3,52.0,49.2,50.5,38328949.0
2005/01/28,51.0,53.5,50.5,53.0,18157812.0
2005/02/01,53.5,57.5,53.0,57.0,32950466.0
2005/02/03,57.0,58.5,56.0,57.5,24220148.0
2005/02/15,57.5,57.5,56.0,56.5,13208248.0
2005/02/17,56.5,57.0,55.5,56.0,15927022.0
2005/02/21,56.0,56.5,54.5,55.0,17655107.0
2005/02/23,54.5,55.0,53.5,54.5,8448969.0
2005/02/25,55.0,56.0,53.8,55.5,11657906.0
2005/03/02,55.4,55.4,52.8,52.9,13473785.0
2005/03/04,52.7,52.8,51.8,52.5,16114725.0
2005/03/08,52.5,52.5,51.0,52.0,21085298.0
2005/03/10,52.3,53.3,52.0,52.6,28518207.0
2005/03/14,52.5,53.9,52.0,52.4,11964851.0
2005/03/16,52.0,52.7,50.7,50.9,13210169.0
2005/03/18,51.0,51.5,50.2,50.6,6826750.0
2005/03/22,50.9,51.7,50.4,51.6,8011858.0
2005/03/24,51.6,51.8,51.1,51.6,5484242.0
2005/03/28,51.8,53.1,51.7,52.4,9098539.0
2005/03/30,52.4,53.5,52.4,52.9,8095621.0
2005/04/01,52.9,53.3,52.2,52.2,10833044.0
2005/04/06,52.2,52.6,51.7,51.7,4615866.0
2005/04/08,52.0,53.5,51.9,53.3,7387587.0
2005/04/12,53.4,54.0,53.0,53.9,6639102.0
2005/04/14,53.5,53.7,52.0,52.8,5567804.0
2005/04/18,51.5,51.9,50.2,50.5,8244557.0
2005/04/20,51.0,52.2,49.0,51.7,6695153.0
2005/04/22,51.8,53.6,51.5,53.5,12100675.0
2005/04/26,53.7,54.3,53.3,53.7,10371749.0
2005/04/28,53.7,54.1,52.0,52.2,9906123.0
2005/05/03,52.2,53.0,51.1,51.2,9268558.0
2005/05/05,52.0,55.3,51.9,55.0,25612663.0
2005/05/09,55.0,55.9,54.4,54.9,21995636.0
2005/05/11,54.6,55.3,54.2,54.9,20683428.0
2005/05/13,55.0,58.7,54.9,58.0,33474788.0
2005/05/17,58.0,58.3,56.0,56.5,11411160.0
2005/05/19,57.3,58.2,56.5,56.8,20101816.0
2005/05/23,56.9,57.9,56.1,56.7,8881172.0
2005/05/25,57.4,58.1,57.0,57.7,10000000.0
2005/05/27,57.7,58.1,57.2,57.9,6867429.0
2005/05/31,57.9,57.9,55.3,55.7,9417289.0
2005/06/02,56.0,56.6,55.5,56.4,8410388.0
2005/06/06,56.3,56.6,55.3,56.6,6175579.0
2005/06/08,56.6,56.9,55.8,56.8,8165964.0
2005/06/10,56.9,61.0,56.9,60.9,31065533.0
2005/06/14,61.2,63.6,61.2,61.7,39445962.0
2005/06/16,61.8,63.6,61.7,62.9,37536919.0
2005/06/20,63.0,63.8,61.8,61.8,15489590.0
2005/06/22,62.3,62.5,61.3,61.4,20003384.0
2005/06/24,61.0,62.7,60.0,62.5,16718201.0
2005/06/28,62.5,62.8,61.0,61.2,15253403.0
2005/06/30,61.4,61.5,60.3,61.0,7679425.0
2005/07/04,61.0,62.9,60.9,61.8,11466343.0
2005/07/06,62.0,62.2,57.4,58.0,23577091.0
2005/07/08,58.0,60.2,57.9,60.0,15870235.0
2005/07/12,60.2,62.4,60.2,62.3,18352486.0
2005/07/14,62.4,63.9,61.5,62.9,18096675.0
2005/07/19,63.0,64.0,62.2,62.5,16318429.0
2005/07/21,63.0,64.1,60.7,60.8,16306448.0
2005/07/25,61.0,61.4,60.7,61.1,9969962.0
2005/07/27,61.0,61.0,60.0,60.6,11623885.0
2005/07/29,60.6,60.6,58.6,60.0,11538304.0
2005/08/02,60.3,61.7,56.3,58.5,32574000.0
2005/08/04,58.5,59.5,57.2,58.6,21530544.0
2005/08/09,58.6,59.8,58.0,58.5,14789012.0
2005/08/11,58.6,61.9,58.6,60.5,29905732.0
2005/08/15,60.5,60.5,57.2,57.8,17222550.0
2005/08/17,57.7,58.2,56.5,56.5,15758544.0
2005/08/19,56.5,56.5,55.3,55.7,12613967.0
2005/08/23,55.9,56.4,54.5,54.5,11433931.0
2005/08/25,54.9,56.3,54.1,55.3,13654114.0
2005/08/29,55.0,55.3,51.5,52.2,21592694.0
2005/08/31,52.1,54.4,52.1,53.3,14870032.0
2005/09/05,53.6,54.2,52.1,52.4,12767514.0
2005/09/07,52.6,53.0,51.7,52.8,11799206.0
2005/09/09,53.2,55.4,53.2,55.2,14903890.0
2005/09/13,55.2,56.2,55.0,55.7,11003955.0
2005/09/15,55.6,55.6,53.0,53.3,15354571.0
2005/09/19,53.2,53.7,51.1,51.5,39743395.0
2005/09/21,51.6,52.3,50.0,50.6,20905924.0
2005/09/23,51.0,51.7,50.4,51.5,12341567.0
2005/09/27,51.5,52.2,51.1,51.5,6896296.0
2005/09/29,51.8,54.9,51.5,54.4,23929125.0
2005/10/03,54.3,56.0,53.8,55.5,15658809.0
2005/10/05,56.0,56.1,53.8,53.9,9041397.0
2005/10/07,53.9,54.6,53.5,54.4,8950113.0
2005/10/12,54.5,54.6,52.0,52.0,14379348.0
2005/10/14,52.2,52.7,51.3,51.4,9161897.0
2005/10/18,52.0,52.4,49.75,49.9,11448202.0
2005/10/20,49.9,50.0,48.25,48.4,26773947.0
2005/10/24,48.55,48.6,46.2,46.2,21879956.0
2005/10/26,46.4,46.85,45.7,46.2,13917540.0
2005/10/28,46.05,46.45,44.0,46.3,31001435.0
2005/11/01,46.9,48.65,46.45,48.5,25625605.0
2005/11/03,49.0,50.5,48.45,49.7,22177960.0
2005/11/07,49.6,49.6,47.9,48.9,9098080.0
2005/11/09,49.3,51.3,49.0,51.0,13417722.0
2005/11/11,51.2,52.2,51.0,51.5,13090932.0
2005/11/15,52.0,52.0,49.9,51.5,13730168.0
2005/11/17,51.4,52.9,50.2,52.9,17401118.0
2005/11/21,53.3,53.4,51.2,51.2,11958956.0
2005/11/23,51.5,51.8,49.9,50.0,22669123.0
2005/11/25,50.2,50.7,49.95,50.1,10557806.0
2005/11/29,50.4,51.5,50.1,51.4,16549430.0
2005/12/01,51.4,52.1,50.9,51.8,14042530.0
2005/12/05,52.0,52.3,50.7,50.8,14896000.0
2005/12/07,50.8,51.2,49.5,50.0,22351000.0
2005/12/09,50.0,50.3,49.8,50.0,12483000.0
2005/12/13,50.5,51.1,49.5,49.5,13188000.0
2005/12/15,49.6,49.6,47.5,48.4,23934000.0
2005/12/19,49.0,49.6,48.65,49.45,11844000.0
2005/12/21,49.8,49.95,48.8,48.8,11500000.0
2005/12/23,49.0,49.15,48.15,48.45,10233000.0
2005/12/27,48.2,48.3,46.65,46.65,22069000.0
2005/12/29,46.7,47.2,45.9,46.1,43975000.0
2006/01/02,46.1,49.2,45.8,48.8,32190000.0
2006/01/04,49.0,49.3,47.6,48.35,34667000.0
2006/01/06,48.9,50.2,48.5,49.1,45336000.0
2006/01/10,49.1,49.1,47.75,48.5,28454000.0
2006/01/12,48.9,51.4,48.8,50.4,55993000.0
2006/01/16,50.4,51.2,48.7,49.05,22362000.0
2006/01/18,48.5,49.4,46.5,47.0,33353000.0
2006/01/20,47.4,47.4,46.1,46.5,21366000.0
2006/01/24,47.45,48.0,46.8,47.0,21574000.0
2006/02/03,47.65,47.8,46.8,47.65,17288000.0
2006/02/07,48.0,49.5,47.65,48.75,29420000.0
2006/02/09,49.35,49.75,48.65,49.3,24872000.0
2006/02/13,49.5,49.85,48.5,49.1,8825000.0
2006/02/15,49.3,50.1,49.0,50.0,11991000.0
2006/02/17,50.5,52.0,50.5,51.5,33634000.0
2006/02/21,52.0,52.6,49.95,50.4,25624000.0
2006/02/23,50.0,50.1,48.4,49.2,20678000.0
2006/02/27,49.25,50.0,48.5,50.0,13558000.0
2006/03/02,50.3,50.7,49.2,49.5,10839000.0
2006/03/06,49.5,50.1,48.8,49.2,9303000.0
2006/03/08,49.0,49.8,48.8,49.4,5725000.0
2006/03/10,49.5,50.8,49.1,50.8,9580000.0
2006/03/14,50.9,51.2,49.9,50.0,10117000.0
2006/03/16,50.0,52.0,49.35,52.0,18444000.0
2006/03/20,52.2,53.3,50.1,50.1,27715000.0
2006/03/22,50.2,51.5,50.2,50.9,18807000.0
2006/03/24,50.9,51.8,50.6,51.8,9731000.0
2006/03/28,51.5,53.2,51.5,53.2,18052000.0
2006/03/30,53.4,53.9,52.7,53.3,17095000.0
2006/04/03,52.6,53.1,51.5,51.9,20694000.0
2006/04/06,52.8,53.0,51.8,52.1,13806000.0
2006/04/10,55.7,57.0,55.2,56.0,19585000.0
2006/04/12,56.0,56.0,54.8,55.5,15108000.0
2006/04/14,55.5,58.5,55.5,58.2,19479000.0
2006/04/18,58.4,58.8,57.3,58.6,13970000.0
2006/04/20,58.5,58.6,56.7,57.5,16597000.0
2006/04/24,56.5,57.5,55.4,55.6,10595000.0
2006/04/26,55.6,56.8,55.6,56.5,7051000.0
2006/04/28,56.0,56.6,55.2,56.2,11194000.0
2006/05/03,56.1,57.3,55.7,56.3,12601000.0
2006/05/05,56.6,58.5,56.5,58.2,14036000.0
2006/05/09,57.3,58.0,53.6,54.3,22075000.0
2006/05/11,53.8,54.2,51.9,52.5,26260000.0
2006/05/15,52.3,52.6,51.5,51.9,12500000.0
2006/05/17,51.7,51.9,50.0,50.2,13567000.0
2006/05/19,50.0,50.0,48.55,48.8,24127000.0
2006/05/23,48.1,48.7,47.35,48.1,22928000.0
2006/05/25,48.1,49.4,47.9,48.5,16666000.0
2006/05/29,49.3,49.3,48.1,48.1,12835000.0
2006/06/01,48.0,50.8,47.9,50.6,29716000.0
2006/06/05,50.8,51.5,49.15,50.0,18889000.0
2006/06/07,50.0,50.0,45.9,46.0,16271000.0
2006/06/09,46.0,47.25,45.1,47.1,18290000.0
2006/06/13,46.0,47.25,45.9,47.1,8516000.0
2006/06/15,48.5,50.7,47.45,50.4,11189000.0
2006/06/19,49.9,50.7,49.0,49.4,11192000.0
2006/06/21,49.1,51.1,49.0,51.1,8791000.0
2006/06/23,50.1,50.7,49.6,50.2,5982000.0
2006/06/27,50.2,51.3,50.0,50.8,11557000.0
2006/06/29,50.6,51.9,50.4,51.8,14287000.0
2006/07/03,51.9,52.3,50.0,51.2,8534000.0
2006/07/05,51.6,52.0,48.7,49.3,28096000.0
2006/07/07,48.8,49.4,48.05,48.55,11502000.0
2006/07/11,48.55,49.2,47.85,47.9,11162000.0
2006/07/13,47.85,47.85,46.0,46.25,11997000.0
2006/07/17,46.0,46.9,45.7,46.6,3754000.0
2006/07/19,47.2,47.2,46.0,47.0,6916000.0
2006/07/21,46.5,47.65,46.0,46.5,5117000.0
2006/07/25,46.9,47.4,46.55,47.1,4417000.0
2006/07/27,47.1,47.6,46.1,46.6,10667000.0
2006/07/31,46.6,46.9,46.55,46.9,9459000.0
2006/08/02,46.9,48.1,44.65,44.8,16282000.0
2006/08/04,44.75,45.0,43.9,44.2,12525000.0
2006/08/08,44.2,45.7,44.2,45.7,6172000.0
2006/08/10,45.9,47.7,45.8,46.4,12886000.0
2006/08/14,46.4,46.65,45.35,46.05,6048000.0
2006/08/16,46.65,48.15,46.5,47.9,11753000.0
2006/08/18,48.0,49.8,47.05,47.1,14755000.0
2006/08/22,47.1,47.85,46.55,47.0,8442000.0
2006/08/24,47.5,47.5,46.1,46.3,3970000.0
2006/08/28,45.9,46.3,43.1,43.35,17327000.0
2006/08/30,43.8,47.9,43.5,47.2,17137000.0
2006/09/01,45.8,49.5,45.8,48.95,14279000.0
2006/09/05,49.0,49.5,48.05,49.0,10832000.0
2006/09/07,48.7,49.3,48.05,48.6,7857000.0
2006/09/11,48.3,49.95,48.05,49.15,10727000.0
2006/09/13,49.3,49.8,48.1,48.9,5737000.0
2006/09/15,48.7,51.2,48.5,51.2,9062000.0
2006/09/19,51.0,51.0,49.8,50.4,5171000.0
2006/09/21,50.8,51.0,49.45,50.0,5533000.0
2006/09/25,49.1,50.4,49.1,49.5,4516000.0
2006/09/27,50.0,50.3,47.3,48.0,21723000.0
2006/09/29,47.25,49.3,46.0,48.5,25807000.0
2006/10/03,48.5,51.8,48.5,51.1,56935000.0
2006/10/05,51.6,54.5,51.0,52.5,48510000.0
2006/10/12,52.6,54.1,52.0,52.8,24826000.0
2006/10/16,53.0,54.0,53.0,53.4,11117000.0
2006/10/18,53.3,53.3,50.0,50.5,27615000.0
2006/10/20,51.0,54.0,50.2,52.6,21867000.0
2006/10/24,53.0,53.0,50.9,51.0,8816000.0
2006/10/26,50.8,51.7,50.4,50.5,12915000.0
2006/10/30,50.0,50.0,49.0,49.3,11083000.0
2006/11/01,49.95,51.1,49.8,50.6,17085000.0
2006/11/03,50.7,52.6,50.6,51.8,23432000.0
2006/11/07,52.4,53.7,52.4,52.9,12950000.0
2006/11/09,52.9,53.0,50.9,51.8,11965000.0
2006/11/13,51.8,53.5,51.7,53.2,13834000.0
2006/11/15,53.3,53.9,52.6,53.8,13037000.0
2006/11/17,53.8,55.4,53.7,53.8,32706000.0
2006/11/21,53.8,56.2,53.8,56.2,28267000.0
2006/11/23,56.3,59.0,56.3,58.8,30175000.0
2006/11/27,59.0,59.1,56.1,56.5,17464000.0
2006/11/29,56.9,57.1,54.8,56.4,18645000.0
2006/12/01,56.4,58.3,55.9,57.9,14283000.0
2006/12/05,58.5,58.8,56.7,57.3,14392000.0
2006/12/07,57.0,57.3,54.0,55.2,14654000.0
2006/12/11,55.2,55.5,53.7,53.7,11373000.0
2006/12/13,53.8,54.6,53.4,54.0,10430000.0
2006/12/15,54.8,56.0,54.3,55.2,9658000.0
2006/12/19,54.9,56.3,54.6,55.8,7273000.0
2006/12/21,55.2,59.0,55.2,56.6,20550000.0
2006/12/25,56.6,59.3,56.6,58.6,20323000.0
2006/12/27,59.0,59.2,58.1,58.3,11102574.0
2006/12/29,58.3,61.9,58.3,58.7,35359000.0
2007/01/03,58.7,58.9,56.5,58.3,24218000.0
2007/01/05,58.2,58.4,55.5,55.8,17914000.0
2007/01/09,55.8,57.4,54.9,57.2,16928000.0
2007/01/11,57.0,57.6,55.0,57.2,22472000.0
2007/01/15,57.5,58.0,56.5,57.0,17289000.0
2007/01/17,56.6,57.8,56.4,57.5,12509000.0
2007/01/19,57.5,57.8,55.9,56.4,9475000.0
2007/01/23,56.2,56.9,55.5,56.9,9847000.0
2007/01/25,56.8,57.7,56.5,56.6,10878000.0
2007/01/29,56.4,56.9,55.6,55.9,7080000.0
2007/01/31,56.3,56.6,54.6,55.4,11186000.0
2007/02/02,56.2,57.2,56.0,56.0,7877000.0
2007/02/06,56.5,57.3,56.0,56.5,9988000.0
2007/02/08,56.6,59.0,56.6,58.4,23560000.0
2007/02/12,58.5,58.5,56.2,56.3,10290000.0
2007/02/14,56.4,57.2,56.0,57.1,12849000.0
2007/02/27,56.5,57.1,53.9,54.0,17122000.0
2007/03/02,53.9,54.1,51.2,51.2,20855000.0
2007/03/06,52.0,52.1,51.0,51.8,8085000.0
2007/03/08,51.3,53.0,51.3,51.9,7991000.0
2007/03/12,52.0,53.3,51.8,51.9,17100000.0
2007/03/14,51.2,51.3,49.95,50.9,23898000.0
2007/03/16,51.0,52.6,49.95,52.0,26827000.0
2007/03/20,52.7,52.8,51.4,51.5,15548000.0
2007/03/22,51.6,52.8,51.4,51.5,25812000.0
2007/03/26,51.5,52.1,50.6,50.7,14295000.0
2007/03/28,50.6,51.1,50.1,50.5,11904000.0
2007/03/30,50.5,51.0,50.3,50.5,8417000.0
2007/04/03,50.6,50.9,50.0,50.7,14288000.0
2007/04/09,51.6,52.1,51.0,51.8,10581000.0
2007/04/11,52.0,52.7,51.4,51.6,15466000.0
2007/04/13,51.5,51.6,50.3,50.7,16888000.0
2007/04/17,51.0,51.1,49.9,50.6,16981000.0
2007/04/19,50.4,50.6,50.0,50.2,14560000.0
2007/04/23,50.4,50.6,49.8,50.5,15321000.0
2007/04/25,50.6,50.8,50.2,50.4,7051000.0
2007/04/27,50.4,50.6,47.85,48.0,22483000.0
2007/05/02,48.4,49.6,48.0,48.5,13719000.0
2007/05/04,49.0,49.6,48.45,48.7,15443000.0
2007/05/08,48.7,48.9,48.2,48.35,15152000.0
2007/05/10,48.4,48.7,48.3,48.45,10702000.0
2007/05/14,48.55,48.75,47.9,47.95,6546000.0
2007/05/16,48.05,48.3,47.7,47.8,14035000.0
2007/05/18,48.2,48.2,47.7,47.8,11133000.0
2007/05/22,48.0,48.3,47.95,48.3,18980000.0
2007/05/24,48.5,48.5,48.1,48.3,17021000.0
2007/05/28,49.5,51.8,49.35,50.8,59846000.0
2007/05/30,50.5,50.5,49.6,50.0,16537000.0
2007/06/01,50.0,50.6,49.75,49.8,16379000.0
2007/06/05,49.9,50.7,49.9,50.6,16014000.0
2007/06/08,50.1,50.9,49.95,50.4,15997000.0
2007/06/12,50.5,50.7,49.25,49.35,28924000.0
2007/06/14,49.5,50.7,49.45,50.5,41688000.0
2007/06/20,51.0,52.5,50.8,52.0,44268000.0
2007/06/22,52.5,53.2,51.4,51.5,33221000.0
2007/06/26,51.5,52.4,51.0,51.1,19754000.0
2007/06/28,51.5,51.6,50.9,51.2,20543000.0
2007/07/02,51.3,52.0,50.8,51.3,29965000.0
2007/07/04,51.5,53.2,51.2,53.1,60342000.0
2007/07/06,53.5,58.8,53.4,58.8,107285000.0
2007/07/10,59.6,59.6,55.5,56.4,67109000.0
2007/07/12,56.4,58.4,55.7,56.0,47379000.0
2007/07/16,57.3,57.4,55.9,56.2,30607000.0
2007/07/18,56.5,56.5,54.8,55.0,24736000.0
2007/07/20,55.7,57.4,55.6,56.6,41023000.0
2007/07/24,57.1,57.2,55.5,55.7,33458000.0
2007/07/26,55.5,55.9,51.2,51.4,48639000.0
2007/07/30,50.8,55.1,50.4,53.7,54157000.0
2007/08/01,53.7,55.9,51.5,53.0,54557000.0
2007/08/03,53.2,55.1,52.3,54.5,41586000.0
2007/08/07,55.2,55.3,50.2,51.5,35288000.0
2007/08/09,52.3,54.0,50.7,53.3,37655000.0
2007/08/13,55.4,57.7,54.1,55.0,102395000.0
2007/08/15,54.5,55.9,49.9,50.2,74658000.0
2007/08/17,50.6,55.0,50.2,52.6,94381000.0
2007/08/21,52.6,52.6,51.2,51.6,44565000.0
2007/08/23,53.0,56.7,52.4,55.3,118485000.0
2007/08/27,55.0,55.0,52.5,53.0,45587000.0
2007/08/29,51.5,53.2,51.0,52.9,27069000.0
2007/08/31,53.5,54.7,52.9,53.3,41463000.0
2007/09/04,53.7,54.4,52.8,52.8,27162000.0
2007/09/06,52.8,54.3,52.6,53.1,44115000.0
2007/09/10,53.0,53.0,51.9,52.4,28380000.0
2007/09/12,52.4,53.1,51.5,51.5,26785000.0
2007/09/14,51.8,52.0,49.8,49.95,42006000.0
2007/09/19,50.6,50.7,49.0,49.8,37849000.0
2007/09/21,50.1,51.0,49.8,50.5,16481000.0
2007/09/27,51.0,52.6,50.6,51.3,29234000.0
2007/10/01,51.9,52.2,51.2,51.7,24346000.0
2007/10/03,51.7,52.5,51.1,52.3,23846000.0
2007/10/05,52.3,52.4,51.4,51.6,14870000.0
2007/10/09,52.1,52.7,51.5,51.8,26569000.0
2007/10/12,51.8,52.0,50.8,51.1,24170000.0
2007/10/16,51.0,51.1,50.3,50.5,28998000.0
2007/10/18,50.8,52.7,50.6,52.3,61213000.0
2007/10/22,51.1,53.5,50.6,53.0,56015000.0
2007/10/24,53.8,54.1,51.6,53.0,48359000.0
2007/10/26,53.5,55.8,53.2,55.0,89922000.0
2007/10/30,55.5,56.0,54.1,54.1,92999000.0
2007/11/01,54.8,54.8,50.8,51.4,53596000.0
2007/11/05,51.5,52.9,51.1,52.2,27591000.0
2007/11/07,53.0,53.2,50.0,50.2,42046000.0
2007/11/09,50.6,51.3,49.85,50.3,29723000.0
2007/11/13,50.7,52.7,50.4,52.2,28531000.0
2007/11/15,52.4,52.9,50.4,52.0,25963000.0
2007/11/19,52.0,52.2,49.65,50.7,31907000.0
2007/11/21,50.8,51.3,49.0,49.3,36152000.0
2007/11/23,49.5,49.8,48.5,48.9,17887000.0
2007/11/27,48.0,48.05,46.85,47.2,20658000.0
2007/11/29,48.2,49.3,48.0,48.5,20538000.0
2007/12/03,48.1,48.6,47.65,48.45,20256000.0
2007/12/05,48.45,49.15,48.0,48.5,25386000.0
2007/12/07,49.6,49.85,48.5,48.5,24818000.0
2007/12/11,48.95,49.0,47.75,48.0,13249000.0
2007/12/13,48.3,48.3,45.0,45.6,27880000.0
2007/12/17,47.0,47.0,43.8,43.9,17868000.0
2007/12/19,44.5,44.9,43.5,43.7,16417000.0
2007/12/21,43.9,45.5,42.5,45.5,22495000.0
2007/12/25,45.8,45.9,44.5,44.75,7457000.0
2007/12/27,44.75,46.3,44.75,46.3,13652000.0
2007/12/31,46.9,46.9,45.0,45.05,13814000.0
2008/01/03,44.5,44.75,43.5,43.6,22443000.0
2008/01/07,42.5,42.5,40.6,41.3,20364000.0
2008/01/09,40.5,41.95,40.0,41.1,21734000.0
2008/01/11,41.5,42.5,41.5,41.95,18115000.0
2008/01/15,42.3,43.3,40.5,40.8,27716000.0
2008/01/17,41.8,41.95,40.15,41.4,25559000.0
2008/01/21,41.7,41.8,38.3,38.3,25342000.0
2008/01/23,38.95,38.95,36.7,36.8,31984000.0
2008/01/25,38.0,38.7,37.5,38.0,15046000.0
2008/01/29,38.8,39.05,37.65,37.9,14688000.0
2008/01/31,38.0,38.25,37.1,37.7,10658000.0
2008/02/12,37.15,37.75,37.0,37.0,9584000.0
2008/02/14,37.6,38.8,37.5,38.7,14262000.0
2008/02/18,39.1,39.65,38.8,39.5,12335000.0
2008/02/20,39.6,40.25,39.1,40.1,12890000.0
2008/02/22,40.1,40.95,39.6,40.5,11316000.0
2008/02/26,40.8,41.0,40.25,41.0,20114000.0
2008/02/29,40.8,41.4,39.95,40.2,17209000.0
2008/03/04,40.2,40.55,39.8,40.2,14722000.0
2008/03/06,40.2,41.2,40.15,40.8,13248000.0
2008/03/10,40.8,40.95,39.65,40.65,11258000.0
2008/03/12,41.45,41.45,40.0,40.4,11015000.0
2008/03/14,40.6,40.8,38.2,39.0,10313000.0
2008/03/18,39.0,40.15,38.9,40.0,10580000.0
2008/03/20,40.2,41.2,39.6,41.1,10891000.0
2008/03/24,43.0,43.0,42.0,42.95,18788000.0
2008/03/26,42.6,42.7,40.7,41.1,14047000.0
2008/03/28,40.7,41.95,40.7,41.95,8999000.0
2008/04/01,41.9,43.5,41.5,43.5,20343000.0
2008/04/03,43.65,45.5,43.55,45.2,29404000.0
2008/04/08,45.0,45.1,44.1,44.75,9834000.0
2008/04/10,44.75,46.5,44.7,46.45,16984000.0
2008/04/14,46.0,46.2,45.3,45.9,7410000.0
2008/04/16,46.5,49.1,46.25,49.0,31734000.0
2008/04/18,49.0,49.3,47.9,48.45,26125000.0
2008/04/22,48.0,48.3,47.1,47.8,13338000.0
2008/04/24,48.5,49.1,47.95,49.0,15859000.0
2008/04/28,49.2,49.3,48.05,48.05,11313000.0
2008/04/30,49.3,52.2,49.3,51.0,63357000.0
2008/05/05,51.8,52.5,50.7,51.6,31127000.0
2008/05/07,52.0,53.1,51.0,51.8,26813000.0
2008/05/09,52.4,52.5,50.7,51.3,10943000.0
2008/05/13,51.5,52.2,51.0,51.7,20057000.0
2008/05/15,52.4,53.0,51.6,52.5,16512000.0
2008/05/19,52.5,53.0,51.0,51.4,14390000.0
2008/05/21,52.0,52.3,50.6,51.2,18353000.0
2008/05/23,51.3,51.3,49.8,51.3,18381000.0
2008/05/27,51.3,51.3,48.2,48.3,16432000.0
2008/05/29,49.5,49.5,47.8,48.0,18815000.0
2008/06/02,48.2,48.95,48.0,48.5,10079000.0
2008/06/04,48.5,49.5,48.15,49.1,15782000.0
2008/06/06,49.5,50.3,48.8,49.5,13490000.0
2008/06/10,50.5,50.5,48.15,48.5,10976000.0
2008/06/12,48.25,49.0,46.7,47.9,14582000.0
2008/06/16,49.5,50.4,48.5,49.6,16209000.0
2008/06/18,49.7,49.7,46.75,46.8,18088000.0
2008/06/20,47.9,47.9,45.75,47.8,13056000.0
2008/06/24,48.0,50.1,47.8,50.0,26357000.0
2008/06/26,50.5,50.5,46.7,46.8,26516000.0
2008/06/30,48.0,48.0,46.55,46.7,15203000.0
2008/07/02,46.5,46.65,43.55,45.0,33670000.0
2008/07/04,45.5,45.5,44.55,45.35,14878000.0
2008/07/08,45.5,47.0,44.45,46.05,28174000.0
2008/07/10,45.8,46.25,44.8,45.0,15700000.0
2008/07/14,45.5,45.5,43.85,44.0,15988000.0
2008/07/16,44.2,46.25,43.5,45.35,24261000.0
2008/07/18,45.6,48.9,45.55,48.5,28136000.0
2008/07/22,48.0,49.3,47.9,49.0,32162000.0
2008/07/24,50.0,50.9,48.3,49.8,56191000.0
2008/07/29,43.0,43.6,42.0,43.2,27115000.0
2008/07/31,43.9,44.6,43.3,43.45,24490000.0
2008/08/04,43.8,45.35,43.1,43.85,35988000.0
2008/08/06,45.0,45.6,44.4,44.7,26203000.0
2008/08/08,44.75,49.6,44.7,48.5,43502000.0
2008/08/12,48.8,49.6,47.7,48.9,44395000.0
2008/08/14,48.2,48.9,46.0,46.0,22369000.0
2008/08/18,46.4,46.45,44.5,46.0,16524000.0
2008/08/20,46.3,48.5,45.8,47.65,25958000.0
2008/08/22,47.65,48.85,46.1,48.7,23479000.0
2008/08/26,48.2,49.3,47.8,48.9,23381000.0
2008/08/28,49.0,49.65,46.25,47.8,46271000.0
2008/09/01,47.1,47.25,44.0,44.65,32273000.0
2008/09/03,45.0,47.0,44.8,46.35,26494000.0
2008/09/05,45.0,49.8,44.5,49.4,32854000.0
2008/09/09,48.5,48.75,42.75,42.75,55208000.0
2008/09/11,42.0,42.8,40.05,41.65,56406000.0
2008/09/15,41.0,42.1,38.0,42.0,32139000.0
2008/09/17,44.0,44.0,39.6,39.8,46583000.0
2008/09/19,42.5,44.45,41.75,44.0,46855000.0
2008/09/23,42.9,43.6,41.0,41.9,29912000.0
2008/09/25,41.0,43.1,41.0,42.0,27401000.0
2008/09/30,39.1,40.0,38.95,39.2,24803000.0
2008/10/02,38.6,39.4,36.95,38.55,26471000.0
2008/10/06,38.4,38.95,36.2,36.7,23710000.0
2008/10/08,34.9,35.5,33.3,33.45,26793000.0
2008/10/13,32.3,34.55,32.3,34.55,17028000.0
2008/10/15,34.55,35.7,33.5,34.4,19657000.0
2008/10/17,34.6,34.8,33.2,34.8,19789000.0
2008/10/21,35.2,35.25,33.8,33.8,29311000.0
2008/10/23,32.65,32.7,31.55,31.55,17317000.0
2008/10/27,29.35,31.8,29.35,31.8,28186000.0
2008/10/29,32.55,34.2,29.6,34.15,34634000.0
2008/10/31,34.4,36.8,33.0,36.8,29605000.0
2008/11/04,36.9,38.4,36.5,37.8,20930000.0
2008/11/06,35.2,36.0,33.7,36.0,19197000.0
2008/11/10,36.6,37.4,35.5,37.3,18620000.0
2008/11/12,36.1,37.7,34.7,37.3,26229000.0
2008/11/14,37.3,37.35,35.4,36.85,24727000.0
2008/11/18,36.05,36.4,34.0,35.4,21610000.0
2008/11/20,33.65,36.1,32.95,35.4,28290000.0
2008/11/24,35.4,37.85,34.6,37.0,20972000.0
2008/11/26,34.45,37.8,34.45,37.2,27751000.0
2008/11/28,37.05,37.2,34.85,36.15,24859000.0
2008/12/02,35.15,36.15,34.85,36.1,21526000.0
2008/12/04,36.1,36.15,35.15,36.05,16223000.0
2008/12/08,36.05,38.9,36.05,38.55,22258000.0
2008/12/10,37.2,38.9,37.2,38.0,26529000.0
2008/12/12,37.5,38.7,35.5,38.0,19139000.0
2008/12/16,37.2,38.5,36.5,37.9,21066000.0
2008/12/18,38.4,38.4,37.0,37.5,11940000.0
2008/12/22,37.2,37.5,33.5,34.3,17905000.0
2008/12/24,33.55,34.65,33.5,33.75,10079000.0
2008/12/26,33.75,33.9,33.35,33.65,6191000.0
2008/12/30,33.9,35.0,33.9,34.6,7259000.0
2009/01/05,35.6,36.1,34.8,35.5,12687000.0
2009/01/07,35.6,35.95,33.35,33.4,18778000.0
2009/01/09,33.4,33.8,29.55,30.0,47760000.0
2009/01/13,29.6,32.3,29.6,32.0,41548000.0
2009/01/15,30.65,31.5,30.4,31.0,19793000.0
2009/01/19,31.5,31.5,30.05,30.05,12740000.0
2009/01/21,29.6,33.55,29.6,33.4,36148000.0
2009/02/03,34.0,34.5,33.7,34.25,23679000.0
2009/02/05,34.0,36.45,33.85,35.75,22905000.0
2009/02/09,36.15,36.15,34.75,35.5,22957000.0
2009/02/11,34.3,35.55,34.3,35.1,18931000.0
2009/02/13,34.8,37.2,34.8,37.0,16830000.0
2009/02/17,36.7,37.0,34.7,35.5,21207000.0
2009/02/19,35.1,36.1,34.8,35.0,13719000.0
2009/02/23,34.8,36.05,34.6,35.65,11923000.0
2009/02/25,36.3,36.3,35.5,35.95,7040000.0
2009/02/27,36.0,36.1,35.0,35.25,7897000.0
2009/03/03,34.6,36.25,34.25,36.1,18312000.0
2009/03/05,36.5,37.0,36.1,36.8,18334000.0
2009/03/09,36.8,37.6,35.95,37.6,19203000.0
2009/03/11,38.45,39.5,38.45,39.0,28007000.0
2009/03/13,39.55,40.5,39.5,40.1,21186000.0
2009/03/17,40.1,40.8,39.0,39.25,18413000.0
2009/03/19,39.85,40.45,38.6,39.0,31996000.0
2009/03/23,39.2,42.5,39.2,42.3,31426000.0
2009/03/25,42.3,44.3,41.8,44.0,28794020.0
2009/03/27,43.5,44.0,42.15,42.8,13675787.0
2009/03/31,42.4,44.3,42.4,43.95,19484067.0
2009/04/02,44.2,44.6,43.3,44.25,16416816.0
2009/04/06,44.25,45.0,43.1,43.25,14357991.0
2009/04/08,43.25,43.6,42.0,43.35,23891200.0
2009/04/10,44.0,44.2,42.6,43.35,23715786.0
2009/04/14,42.8,43.8,42.2,43.75,25807814.0
2009/04/16,44.3,46.05,42.55,44.0,73133752.0
2009/04/20,44.3,45.6,44.0,45.5,28235504.0
2009/04/22,46.0,47.45,45.5,46.7,29743820.0
2009/04/24,45.8,47.55,45.8,47.0,29148037.0
2009/04/28,47.3,47.5,45.05,46.2,20081826.0
2009/04/30,49.4,52.8,49.4,52.8,38881159.0
2009/05/05,55.5,55.8,53.5,55.0,62202932.0
2009/05/07,54.9,54.9,52.6,54.4,38084302.0
2009/05/11,53.8,54.3,50.3,50.6,30806080.0
2009/05/13,50.2,52.8,49.3,51.6,44632317.0
2009/05/15,52.0,52.1,50.0,51.0,26237166.0
2009/05/19,52.5,52.7,50.5,51.2,42019205.0
2009/05/21,50.9,51.3,50.2,51.2,31492018.0
2009/05/25,51.2,52.2,50.3,51.1,34328671.0
2009/05/27,52.0,54.5,51.6,53.1,31495657.0
2009/06/02,53.1,53.5,51.0,51.5,33697437.0
2009/06/04,51.3,51.8,50.2,51.2,29523776.0
2009/06/08,51.6,51.6,49.4,50.2,29164582.0
2009/06/10,50.8,51.1,49.85,51.1,18196304.0
2009/06/12,51.4,51.5,49.0,50.2,16152976.0
2009/06/16,50.1,51.1,46.75,51.0,35768946.0
2009/06/18,51.0,52.2,49.2,51.6,27714909.0
2009/06/22,52.0,53.5,51.7,52.6,26800080.0
2009/06/24,52.6,54.7,52.6,53.2,22459115.0
2009/06/26,54.0,54.2,52.9,53.0,19489185.0
2009/06/30,53.5,56.7,52.9,56.7,46688235.0
2009/07/02,57.0,59.4,56.9,59.0,64189241.0
2009/07/06,59.0,59.5,57.0,59.0,45819042.0
2009/07/08,58.6,59.8,57.3,58.5,25288035.0
2009/07/10,59.0,59.5,58.5,59.0,25105716.0
2009/07/14,59.4,59.5,58.0,58.7,26201729.0
2009/07/16,59.3,63.6,59.3,62.4,45147435.0
2009/07/20,62.8,62.9,61.1,62.5,24057290.0
2009/07/22,62.7,64.4,61.7,64.0,19568341.0
2009/07/24,64.3,68.4,64.3,67.6,40917197.0
2009/07/28,65.0,69.2,65.0,68.3,33530597.0
2009/07/30,64.5,64.6,61.5,62.1,32129131.0
2009/08/03,61.5,61.7,56.9,57.3,36256747.0
2009/08/05,57.3,59.3,57.0,59.3,20402653.0
2009/08/10,59.5,59.5,56.6,57.2,20839234.0
2009/08/12,57.0,61.5,57.0,61.0,28907045.0
2009/08/14,61.4,63.8,60.5,60.5,28028770.0
2009/08/18,59.4,60.9,59.0,59.0,17313738.0
2009/08/20,59.0,60.5,58.0,59.6,21884373.0
2009/08/24,60.5,67.1,60.3,67.1,51581317.0
2009/08/26,67.2,70.5,66.2,67.3,38477822.0
2009/08/28,67.7,69.5,67.7,68.2,24308600.0
2009/09/01,68.6,72.1,68.6,70.8,31034510.0
2009/09/03,70.0,71.6,68.5,71.2,35232846.0
2009/09/07,71.4,72.5,70.0,71.1,25396589.0
2009/09/09,71.1,71.8,69.0,71.2,27224362.0
2009/09/11,71.5,72.1,70.6,71.7,18267076.0
2009/09/15,71.7,75.3,71.5,74.4,25377258.0
2009/09/17,74.6,75.2,72.0,73.0,17696423.0
2009/09/21,73.7,73.7,71.2,71.2,13294358.0
2009/09/23,71.2,72.0,68.0,68.4,19639858.0
2009/09/25,68.3,69.5,66.8,67.0,25467236.0
2009/09/29,68.0,68.5,66.3,67.5,33774195.0
2009/10/01,67.8,67.8,65.4,65.7,51974734.0
2009/10/05,66.0,69.0,63.8,68.8,56658490.0
2009/10/07,69.9,69.9,65.3,65.5,32567547.0
2009/10/09,66.0,66.7,64.7,66.0,29840512.0
2009/10/13,65.1,68.0,64.7,67.8,37322785.0
2009/10/15,68.3,68.6,66.6,66.9,19898098.0
2009/10/19,66.9,69.5,66.9,69.0,26693371.0
2009/10/21,69.0,69.1,65.9,66.7,24429225.0
2009/10/23,67.0,67.0,65.6,65.7,20684714.0
2009/10/27,65.5,65.7,63.0,63.2,27102151.0
2009/10/29,62.5,63.4,60.8,62.5,33648828.0
2009/11/02,62.5,66.0,62.5,65.0,38008700.0
2009/11/04,65.0,66.0,65.0,65.5,23567222.0
2009/11/06,66.0,66.1,65.0,65.3,16551503.0
2009/11/10,65.8,66.5,64.5,66.4,26245506.0
2009/11/12,66.9,67.1,65.1,65.5,21210884.0
2009/11/16,65.5,67.3,65.5,66.3,21819829.0
2009/11/18,66.4,66.8,65.6,66.3,65654384.0
2009/11/20,66.4,66.5,64.1,64.7,24678900.0
2009/11/24,65.0,65.7,64.7,65.2,33868556.0
2009/11/26,65.6,65.7,63.1,63.1,22149477.0
2009/11/30,63.5,65.6,63.4,65.1,16479356.0
2009/12/02,65.6,66.6,65.6,66.0,28831649.0
2009/12/04,64.8,68.8,64.8,68.6,37865012.0
2009/12/08,68.6,68.9,67.3,67.5,31114851.0
2009/12/10,67.7,68.1,65.6,66.9,27127918.0
2009/12/14,67.2,67.8,66.5,66.6,12587682.0
2009/12/17,67.4,69.5,67.1,69.4,53843511.0
2009/12/21,69.8,70.5,69.0,69.4,26352098.0
2009/12/23,70.0,70.3,68.5,69.9,25663102.0
2009/12/25,70.3,70.7,69.6,70.5,15596064.0
2009/12/29,70.5,70.6,68.6,69.3,20700752.0
2010/01/04,69.9,69.9,68.1,68.4,16528789.0
2010/01/06,67.8,69.9,67.8,68.8,22589152.0
2010/01/08,68.8,69.7,67.6,69.3,17088627.0
2010/01/12,69.8,69.8,68.6,68.7,15704531.0
2010/01/14,69.6,71.8,68.9,71.1,43287291.0
2010/01/18,70.5,72.3,69.4,69.9,33932675.0
2010/01/20,70.0,70.5,67.2,67.7,27558937.0
2010/01/22,67.0,67.0,64.5,65.7,22611838.0
2010/01/26,66.2,66.5,63.5,64.2,18917658.0
2010/01/28,64.2,65.3,62.3,63.9,29437742.0
2010/02/01,64.2,66.4,63.8,65.3,23533668.0
2010/02/03,65.8,66.5,64.7,64.8,20036596.0
2010/02/05,63.1,63.5,61.0,61.2,16208700.0
2010/02/09,62.1,66.0,61.5,64.1,12527387.0
2010/02/23,65.5,65.5,63.2,64.0,20670691.0
2010/02/25,64.0,65.5,63.7,65.5,15067257.0
2010/03/01,65.4,66.3,64.4,65.3,12962023.0
2010/03/03,64.8,65.6,63.1,63.6,11890393.0
2010/03/05,64.5,65.7,64.0,65.0,15472663.0
2010/03/09,65.0,65.3,63.8,64.0,12120383.0
2010/03/11,64.2,64.7,63.1,63.2,13675013.0
2010/03/15,63.3,63.8,62.3,62.5,14787715.0
2010/03/17,63.4,63.5,62.3,63.0,31972635.0
2010/03/19,63.4,63.9,62.8,63.5,24535614.0
2010/03/23,63.1,63.5,61.4,61.7,29117435.0
2010/03/25,61.5,61.7,60.3,61.5,30537253.0
2010/03/29,61.5,62.1,61.2,61.9,23600272.0
2010/03/31,61.6,62.1,61.2,61.4,24915935.0
2010/04/06,62.2,62.5,61.7,61.9,21788302.0
2010/04/08,61.9,62.3,61.5,61.7,17784954.0
2010/04/12,61.7,62.2,59.3,60.1,18700469.0
2010/04/14,60.1,60.5,59.4,60.4,25265850.0
2010/04/16,60.4,60.8,58.9,59.0,15321315.0
2010/04/20,59.5,61.3,58.8,61.3,26234487.0
2010/04/22,60.1,61.3,60.0,60.3,18919819.0
2010/04/26,60.6,62.4,60.6,61.9,46153119.0
2010/04/28,60.6,61.8,59.7,59.7,30020563.0
2010/04/30,59.9,60.5,58.1,58.4,17769892.0
2010/05/04,58.4,58.9,54.9,55.4,32004194.0
2010/05/06,55.3,57.7,54.1,57.1,32736654.0
2010/05/10,56.6,58.4,56.6,57.5,26327412.0
2010/05/12,57.3,58.5,57.0,58.1,13702883.0
2010/05/14,58.1,58.4,56.8,57.1,21634935.0
2010/05/18,57.1,57.5,54.0,55.0,34681183.0
2010/05/20,55.0,55.5,53.2,53.7,28724941.0
2010/05/24,54.7,55.4,52.5,53.5,17284034.0
2010/05/26,54.2,57.2,54.2,56.6,35700039.0
2010/05/28,57.3,58.4,57.0,58.2,22936202.0
2010/06/01,57.6,58.4,57.1,58.0,12072558.0
2010/06/03,58.5,59.2,57.9,58.0,13133166.0
2010/06/07,55.0,55.9,54.4,54.7,16719788.0
2010/06/09,54.9,56.3,54.6,56.2,16346935.0
2010/06/11,57.0,58.5,56.8,57.8,9646728.0
2010/06/17,58.5,59.5,57.9,58.5,12975641.0
2010/06/21,59.5,61.2,59.0,60.6,28079485.0
2010/06/23,60.5,61.1,59.7,60.1,8723133.0
2010/06/25,59.7,59.9,58.7,59.0,8084998.0
2010/06/29,59.1,60.1,58.0,58.5,13599940.0
2010/07/01,58.4,58.4,56.1,56.2,18536472.0
2010/07/05,56.5,59.8,56.4,59.8,12349257.0
2010/07/07,59.8,60.0,58.6,60.0,17638491.0
2010/07/09,60.8,61.5,60.4,61.1,21847096.0
2010/07/13,61.2,63.3,60.7,62.4,25399021.0
2010/07/15,62.4,64.0,62.0,64.0,24060147.0
2010/07/19,63.5,64.0,62.5,63.7,17666870.0
2010/07/21,63.7,64.0,58.4,58.6,23008717.0
2010/07/23,59.5,59.5,58.6,59.0,12543623.0
2010/07/27,59.0,59.3,57.7,58.2,18257473.0
2010/07/29,58.2,58.5,57.0,58.0,15201755.0
2010/08/02,58.0,59.2,58.0,58.6,18360567.0
2010/08/04,58.8,58.8,53.1,53.8,52535337.0
2010/08/06,53.8,54.5,53.1,53.6,26538309.0
2010/08/10,53.6,53.8,52.0,53.0,31104563.0
2010/08/12,52.6,53.6,52.6,53.1,24621840.0
2010/08/16,53.0,53.9,52.9,53.0,7482045.0
2010/08/18,53.3,53.5,52.5,53.0,22315986.0
2010/08/20,53.0,53.0,52.0,52.2,12855449.0
2010/08/24,52.0,52.4,50.1,50.1,23421363.0
2010/08/26,50.0,50.5,49.3,49.5,22572798.0
2010/08/30,50.0,50.5,47.75,48.6,19639877.0
2010/09/01,47.4,47.4,45.4,46.0,48946975.0
2010/09/03,46.05,49.8,46.05,49.0,34612105.0
2010/09/07,49.1,50.8,49.1,49.65,26928211.0
2010/09/09,50.7,50.8,48.2,48.7,19374347.0
2010/09/13,48.8,49.25,47.95,48.65,21974414.0
2010/09/15,48.75,49.85,48.75,49.1,14758492.0
2010/09/17,49.1,49.45,47.45,47.8,20260371.0
2010/09/23,48.0,48.05,47.05,47.35,25310579.0
2010/09/27,47.6,49.3,47.05,48.85,28431231.0
2010/09/29,49.5,50.8,49.5,50.7,32004307.0
2010/10/01,50.7,51.1,50.2,50.4,16328597.0
2010/10/05,50.3,50.5,48.85,49.85,18191654.0
2010/10/07,50.4,50.4,49.35,49.7,11645879.0
2010/10/11,49.6,49.6,48.35,48.65,14835149.0
2010/10/13,48.9,50.8,47.9,50.5,31076055.0
2010/10/15,51.0,51.7,50.6,51.0,31996955.0
2010/10/19,51.0,53.4,50.5,53.4,36074435.0
2010/10/21,53.9,54.8,52.4,54.7,31851509.0
2010/10/25,55.0,56.0,54.7,55.2,29545511.0
2010/10/27,55.5,56.8,54.3,56.8,31215461.0
2010/10/29,56.8,57.1,55.9,57.0,30452103.0
2010/11/02,57.0,57.4,55.8,56.7,29903732.0
2010/11/04,57.0,57.2,56.0,56.6,23280617.0
2010/11/08,57.0,57.0,55.2,55.5,16797006.0
2010/11/10,55.9,57.3,55.5,57.0,12844017.0
2010/11/12,57.0,57.5,56.0,57.2,15641644.0
2010/11/16,57.6,57.9,56.8,57.9,11191665.0
2010/11/18,58.2,58.3,57.0,57.3,8216428.0
2010/11/22,57.0,58.8,57.0,58.5,13858481.0
2010/11/24,58.0,60.3,57.9,60.1,18567527.0
2010/11/26,60.3,60.8,59.8,60.3,16690023.0
2010/11/30,60.5,60.6,58.9,59.7,17956355.0
2010/12/02,60.1,62.0,60.1,61.8,22469037.0
2010/12/06,62.3,62.5,61.2,62.3,13690922.0
2010/12/08,62.5,63.7,61.0,63.5,17785220.0
2010/12/10,63.5,63.5,61.8,62.5,16799546.0
2010/12/14,62.9,63.2,61.8,62.2,20300699.0
2010/12/16,62.2,62.7,61.8,62.6,14274952.0
2010/12/20,62.9,62.9,60.7,62.0,7206307.0
2010/12/22,62.0,62.5,61.8,62.0,5651460.0
2010/12/24,62.0,62.0,61.0,61.4,2738579.0
2010/12/28,61.7,61.8,60.5,61.8,4888736.0
2010/12/30,61.8,62.1,60.9,61.2,5686792.0
2011/01/03,61.3,61.9,59.9,60.0,9966786.0
2011/01/05,60.0,60.4,57.7,57.9,20170132.0
2011/01/07,57.7,61.4,56.2,61.4,29063449.0
2011/01/11,61.5,62.2,60.8,61.3,20438760.0
2011/01/13,62.0,62.0,60.3,60.6,7282381.0
2011/01/17,60.6,61.6,60.3,61.5,7027542.0
2011/01/19,61.5,61.7,60.6,61.3,7200667.0
2011/01/21,60.5,62.0,60.3,61.5,9347404.0
2011/01/25,61.0,62.0,61.0,61.9,7545431.0
2011/01/27,62.0,62.3,59.0,60.1,15989743.0
2011/02/09,60.2,60.9,57.3,57.6,17366204.0
2011/02/11,57.6,57.6,54.1,55.6,24488837.0
2011/02/15,55.0,57.5,54.2,56.0,10984770.0
2011/02/17,56.3,57.5,56.1,57.0,11464102.0
2011/02/21,57.3,57.3,54.1,54.6,11521087.0
2011/02/23,54.4,56.4,54.4,55.3,10812725.0
2011/03/01,58.9,61.0,58.0,58.0,14969630.0
2011/03/03,59.3,62.7,58.5,61.0,15873861.0
2011/03/07,60.6,61.0,59.5,60.0,5429297.0
2011/03/09,60.0,60.0,56.9,57.0,11362764.0
2011/03/11,56.0,56.3,52.7,53.6,19587653.0
2011/03/15,52.8,54.0,49.9,52.7,18831077.0
2011/03/17,50.5,53.7,50.5,53.2,12309503.0
2011/03/21,53.5,54.2,52.8,52.9,6731064.0
2011/03/23,53.6,53.8,52.2,52.6,12064432.0
2011/03/25,53.1,55.2,52.3,53.7,16113659.0
2011/03/29,52.8,57.6,52.7,56.4,17288650.0
2011/03/31,56.4,56.4,54.7,55.5,18373772.0
2011/04/07,55.4,56.9,55.0,55.2,8945301.0
2011/04/11,55.0,55.1,51.8,52.2,16418502.0
2011/04/13,52.6,53.1,52.1,52.9,9311550.0
2011/04/15,53.0,54.2,52.0,53.4,9638309.0
2011/04/19,53.0,54.0,52.8,54.0,9919207.0
2011/04/21,54.4,55.1,53.7,55.0,13917132.0
2011/04/25,55.1,55.5,54.2,55.5,9110457.0
2011/04/27,55.6,55.8,54.2,55.5,10975527.0
2011/05/03,56.5,59.6,56.5,59.3,28387605.0
2011/05/05,59.2,60.7,58.3,59.3,19824403.0
2011/05/09,59.4,59.5,57.1,57.3,15592522.0
2011/05/11,57.4,60.6,57.4,59.9,25897073.0
2011/05/13,60.6,60.9,59.5,60.6,15039059.0
2011/05/17,60.5,61.0,59.9,60.9,13130576.0
2011/05/19,61.0,62.3,60.6,61.0,15133998.0
2011/05/23,60.0,60.7,59.1,60.0,11450745.0
2011/05/25,59.8,61.0,59.2,60.5,14626514.0
2011/05/27,60.9,65.8,60.3,64.2,44995268.0
2011/05/31,64.6,66.3,64.2,65.5,40814686.0
2011/06/02,63.6,69.7,63.6,67.8,29829324.0
2011/06/08,67.9,69.0,67.0,68.6,26640075.0
2011/06/10,69.0,69.0,66.8,67.2,23129684.0
2011/06/14,67.7,69.0,67.0,68.2,25036031.0
2011/06/16,67.0,67.3,65.2,65.5,15566912.0
2011/06/20,67.5,67.6,65.9,67.2,21200702.0
2011/06/22,67.7,68.0,64.8,64.8,17387991.0
2011/06/24,65.2,65.8,64.5,64.7,14569948.0
2011/06/28,65.0,66.9,64.7,66.8,21456624.0
2011/06/30,67.1,69.0,66.8,68.2,26887521.0
2011/07/04,68.5,70.2,67.6,68.6,35136927.0
2011/07/06,68.9,71.4,68.4,69.4,31455926.0
2011/07/08,69.6,70.4,68.0,68.1,24295444.0
2011/07/12,67.3,69.1,67.3,68.0,25245543.0
2011/07/14,68.7,69.0,67.4,68.0,22213758.0
2011/07/18,68.0,68.8,66.4,68.2,20350349.0
2011/07/20,69.0,71.0,67.6,68.4,39047688.0
2011/07/22,68.9,70.4,68.6,69.9,16505876.0
2011/07/26,69.9,73.0,69.2,71.6,23760194.0
2011/07/28,71.4,72.5,69.9,71.0,22824833.0
2011/08/01,68.1,69.4,67.0,67.3,20322378.0
2011/08/03,65.2,66.1,64.8,64.8,23256151.0
2011/08/05,60.3,62.6,59.1,59.5,32892992.0
2011/08/09,55.4,62.4,55.4,59.4,68280208.0
2011/08/11,57.0,57.8,55.5,56.3,51285113.0
2011/08/15,57.3,57.7,56.4,56.5,21442707.0
2011/08/17,56.9,57.0,53.1,54.1,45286704.0
2011/08/19,53.0,55.4,51.0,53.5,42213252.0
2011/08/23,55.0,57.2,54.0,56.7,24781194.0
2011/08/25,57.9,60.0,55.7,56.2,33937487.0
2011/08/29,57.0,58.2,55.5,57.6,47065550.0
2011/08/31,57.2,60.5,56.2,57.9,38889714.0
2011/09/02,58.8,58.8,54.6,54.8,18454749.0
2011/09/06,54.1,55.7,53.3,55.4,19322993.0
2011/09/08,57.0,57.2,56.0,56.4,19706291.0
2011/09/14,57.0,57.4,55.0,57.0,38280376.0
2011/09/16,57.4,57.6,56.1,56.7,34427821.0
2011/09/20,57.0,57.4,54.3,55.5,30175983.0
2011/09/22,53.7,53.9,48.1,48.1,44638051.0
2011/09/26,48.65,53.5,48.6,53.5,28833489.0
2011/09/28,54.7,57.7,54.4,56.3,35733171.0
2011/09/30,56.7,59.6,55.4,57.4,33125295.0
2011/10/04,57.0,59.2,56.0,58.5,23536710.0
2011/10/06,59.5,63.7,58.8,63.7,36940502.0
2011/10/12,63.7,63.7,61.7,62.2,15593017.0
2011/10/14,62.2,63.7,61.2,61.9,28506514.0
2011/10/18,60.0,60.9,58.9,60.5,21674294.0
2011/10/20,60.2,60.5,58.4,59.1,14877422.0
2011/10/24,60.1,61.0,59.5,60.1,20239804.0
2011/10/26,58.6,61.2,58.5,59.0,20572490.0
2011/10/28,60.0,60.5,58.8,59.9,29938299.0
2011/11/01,60.0,62.9,59.9,62.9,34677899.0
2011/11/03,63.0,64.5,61.5,62.5,33424615.0
2011/11/07,62.7,63.5,60.0,61.0,23056210.0
2011/11/09,62.2,62.5,60.0,60.1,25944338.0
2011/11/11,60.5,63.5,59.9,63.3,17986850.0
2011/11/15,63.0,63.9,61.9,62.3,25549545.0
2011/11/17,62.3,62.6,60.6,61.4,23469893.0
2011/11/21,61.4,62.0,58.3,58.7,17481636.0
2011/11/23,58.7,58.7,53.4,53.9,40664553.0
2011/11/25,54.4,58.6,54.0,57.3,22144878.0
2011/11/29,58.9,59.6,58.0,59.0,19462922.0
2011/12/01,63.1,63.1,61.0,61.6,22170589.0
2011/12/05,61.6,62.2,61.1,61.5,16564539.0
2011/12/07,61.5,61.9,60.5,61.7,16711105.0
2011/12/09,60.5,60.6,59.3,60.0,13898413.0
2011/12/13,58.6,59.2,57.5,58.5,16729939.0
2011/12/15,58.4,62.4,57.8,61.8,16551293.0
2011/12/19,62.5,62.5,59.1,59.4,9422883.0
2011/12/21,61.8,61.8,57.1,60.9,21740054.0
2011/12/23,61.5,62.4,60.2,61.9,11554038.0
2011/12/27,62.0,63.3,61.8,62.9,9357606.0
2011/12/29,62.9,64.4,62.1,63.7,14522987.0
2012/01/02,63.2,64.0,62.8,63.0,10105961.0
2012/01/04,63.5,65.0,63.2,65.0,11113216.0
2012/01/06,65.0,65.4,64.3,65.4,15685686.0
2012/01/10,65.9,66.0,64.8,66.0,14417382.0
2012/01/12,66.1,66.9,65.8,66.2,15889251.0
2012/01/16,66.2,66.2,64.0,65.0,14863650.0
2012/01/30,65.9,65.9,62.7,63.2,28771814.0
2012/02/01,63.0,67.6,62.1,67.5,54361996.0
2012/02/03,67.5,68.4,64.9,66.2,22625141.0
2012/02/07,65.0,71.9,65.0,71.5,38151851.0
2012/02/09,71.0,72.2,70.2,71.0,34695620.0
2012/02/13,70.6,71.9,70.0,70.0,27354000.0
2012/02/15,70.2,70.9,68.4,69.6,23600000.0
2012/02/17,70.5,70.6,68.6,69.5,9368000.0
2012/02/21,69.8,69.8,67.6,69.6,15790000.0
2012/02/23,69.7,69.8,67.9,68.0,16671000.0
2012/02/29,69.8,73.6,69.8,71.3,32872000.0
2012/03/02,71.4,72.2,70.2,70.6,15272000.0
2012/03/05,70.0,71.5,69.5,70.0,11121000.0
2012/03/07,69.5,70.9,68.9,70.3,16555000.0
2012/03/09,70.2,70.3,69.3,70.0,17980000.0
2012/03/13,70.3,72.0,69.7,69.8,18588000.0
2012/03/15,70.8,71.0,69.5,69.5,13660000.0
2012/03/19,69.9,70.7,68.3,70.5,14952000.0
2012/03/21,71.0,71.9,69.5,71.9,17595000.0
2012/03/23,71.0,71.9,69.6,69.6,15191000.0
2012/03/27,71.0,72.3,70.5,71.8,16452000.0
2012/03/29,71.3,77.3,69.8,77.3,46070000.0
2012/04/02,77.3,78.5,75.7,75.7,26306000.0
2012/04/05,74.0,76.4,73.8,75.1,14478000.0
2012/04/09,73.9,75.8,73.0,75.3,13679000.0
2012/04/11,75.4,75.8,74.1,74.4,19172000.0
2012/04/13,75.2,75.5,73.8,75.4,16406000.0
2012/04/17,76.0,76.1,74.1,75.6,20673000.0
2012/04/19,76.2,77.9,74.5,76.8,25090000.0
2012/04/23,77.3,77.5,75.1,76.3,16238000.0
2012/04/25,76.3,76.7,74.0,74.9,13172000.0
2012/04/27,74.9,78.0,74.0,76.8,28539000.0
2012/05/02,77.3,82.5,77.3,81.2,41334000.0
2012/05/04,81.5,86.4,81.0,81.0,37917000.0
2012/05/08,81.2,82.6,80.2,80.8,24699000.0
2012/05/10,80.8,82.5,79.8,81.3,22244000.0
2012/05/14,81.3,82.6,79.0,82.5,16752000.0
2012/05/16,82.5,83.0,80.5,82.7,15326000.0
2012/05/18,81.1,81.9,77.6,81.9,18688000.0
2012/05/22,83.5,83.6,76.7,77.8,37688000.0
2012/05/24,77.1,78.8,75.0,75.5,28560000.0
2012/05/28,75.0,79.7,74.9,79.1,32669000.0
2012/05/30,78.0,79.4,76.2,78.0,41015000.0
2012/06/01,77.2,77.2,74.5,76.5,24122000.0
2012/06/05,77.0,78.0,76.6,76.8,20560000.0
2012/06/07,78.7,79.2,76.4,77.0,21783000.0
2012/06/11,78.8,81.6,78.5,80.9,17158000.0
2012/06/13,81.0,81.0,79.0,79.1,12539000.0
2012/06/15,80.4,83.7,79.9,83.0,22444000.0
2012/06/19,83.5,83.7,80.5,80.9,11519000.0
2012/06/21,80.8,80.8,77.2,78.5,28294000.0
2012/06/25,78.0,78.5,77.0,78.0,18663000.0
2012/06/27,78.6,80.1,78.0,79.0,18466000.0
2012/06/29,79.0,80.2,78.8,79.8,14535000.0
2012/07/03,80.0,82.2,79.9,81.7,14761000.0
2012/07/05,82.0,82.9,78.8,79.7,18805000.0
2012/07/09,79.1,79.7,76.2,77.0,35569000.0
2012/07/11,76.5,77.5,76.0,76.5,21905000.0
2012/07/13,76.5,77.4,76.2,76.2,12568000.0
2012/07/17,76.2,76.5,71.3,71.4,36184000.0
2012/07/19,71.9,76.2,71.8,75.6,24261000.0
2012/07/23,75.3,75.3,72.6,74.1,12206000.0
2012/07/25,69.0,72.8,69.0,72.6,42443000.0
2012/07/27,76.0,76.7,74.0,76.1,18081000.0
2012/07/31,76.0,79.1,71.5,71.5,46479000.0
2012/08/03,72.0,74.2,70.2,73.5,23867000.0
2012/08/07,74.0,76.2,73.5,76.2,17131000.0
2012/08/09,77.3,80.9,76.7,77.8,26792000.0
2012/08/13,78.5,78.5,77.0,78.2,12485000.0
2012/08/15,78.2,78.4,77.1,77.4,10602000.0
2012/08/17,77.1,78.0,76.8,77.6,6354000.0
2012/08/21,77.1,78.2,77.1,77.1,9331000.0
2012/08/23,76.5,77.1,74.4,74.7,9690000.0
2012/08/27,75.2,75.6,73.9,74.4,12934000.0
2012/08/29,74.6,77.9,74.2,77.4,20197000.0
2012/08/31,77.9,80.3,77.0,80.2,26152000.0
2012/09/04,80.1,80.2,76.8,76.8,12811000.0
2012/09/06,76.8,79.0,76.2,78.6,9681000.0
2012/09/10,78.6,79.0,76.7,77.2,8510000.0
2012/09/12,78.0,78.8,77.4,77.6,11091000.0
2012/09/14,78.5,80.2,78.1,79.0,15166000.0
2012/09/18,78.1,78.8,77.2,77.5,12068000.0
2012/09/20,77.0,78.7,77.0,77.6,12468000.0
2012/09/24,78.0,79.3,77.3,79.0,11934000.0
2012/09/26,78.8,78.9,75.8,76.0,19801000.0
2012/09/28,76.9,78.3,76.5,77.9,13565000.0
2012/10/02,78.5,78.5,77.3,77.6,6389000.0
2012/10/04,76.1,76.1,73.0,73.8,41969000.0
2012/10/08,73.7,74.4,71.5,72.2,30445000.0
2012/10/11,70.3,71.5,68.8,69.3,44685000.0
2012/10/15,69.0,71.7,67.4,71.1,27478000.0
2012/10/17,71.0,71.4,69.4,70.0,21554000.0
2012/10/19,68.6,69.5,67.1,69.0,18789000.0
2012/10/23,68.0,68.6,67.7,68.0,15160000.0
2012/10/25,67.5,69.2,66.0,66.1,18209000.0
2012/10/29,66.1,69.3,65.1,68.0,17487000.0
2012/10/31,68.7,70.5,66.4,70.3,25463000.0
2012/11/02,71.6,72.8,70.0,71.3,24136000.0
2012/11/06,72.0,73.0,71.0,72.0,8921000.0
2012/11/08,71.0,72.0,69.7,71.6,16189000.0
2012/11/12,72.4,72.4,69.5,69.9,13882000.0
2012/11/14,69.0,70.0,67.1,68.1,16426000.0
2012/11/16,68.1,69.5,67.6,69.0,11187000.0
2012/11/20,70.3,71.3,68.3,68.5,13649000.0
2012/11/22,69.0,71.0,68.5,70.9,10095000.0
2012/11/26,71.5,72.6,70.8,70.8,17151000.0
2012/11/28,71.0,72.1,70.0,72.0,16081000.0
2012/11/30,72.0,73.8,71.3,71.7,25042000.0
2012/12/04,71.3,72.1,70.7,70.8,12915000.0
2012/12/06,71.8,71.9,69.0,70.5,22416000.0
2012/12/10,70.9,70.9,67.5,68.0,25233000.0
2012/12/12,68.9,69.3,66.6,68.5,39410000.0
2012/12/14,68.6,70.2,67.0,67.5,36352000.0
2012/12/18,67.8,67.9,66.7,67.2,19260000.0
2012/12/20,66.5,67.3,65.1,65.8,19467000.0
2012/12/22,66.0,67.8,66.0,67.1,5607000.0
2012/12/25,67.6,68.2,67.1,67.7,4686000.0
2012/12/27,67.3,68.9,67.3,68.3,9454000.0
2013/01/02,68.0,68.8,67.5,68.3,13127000.0
2013/01/04,68.3,68.3,64.0,64.0,26509000.0
2013/01/08,64.0,64.0,61.4,62.4,43905000.0
2013/01/10,63.6,63.7,62.7,63.5,21113000.0
2013/01/14,62.5,64.7,62.2,63.7,18019000.0
2013/01/16,63.6,65.2,62.1,63.7,23696000.0
2013/01/18,64.9,65.0,63.6,64.0,18234000.0
2013/01/22,64.0,64.2,63.0,63.0,12289000.0
2013/01/24,62.5,63.6,61.7,63.6,21959000.0
2013/01/28,64.4,67.4,64.4,66.7,33496000.0
2013/01/30,67.2,69.0,66.6,68.9,32352000.0
2013/02/01,69.4,69.5,68.2,69.1,13398000.0
2013/02/05,68.8,69.0,67.5,68.0,13928000.0
2013/02/18,70.0,70.0,65.8,66.6,26037000.0
2013/02/20,67.0,67.2,65.9,66.4,16332000.0
2013/02/22,66.4,66.4,64.3,64.4,16630000.0
2013/02/26,63.6,64.0,63.3,63.3,16340000.0
2013/03/01,64.0,64.7,63.5,63.9,11545000.0
2013/03/05,64.3,65.6,63.8,65.4,13062000.0
2013/03/07,65.4,65.4,64.0,64.5,14302000.0
2013/03/11,65.0,66.0,64.5,65.8,18005000.0
2013/03/13,66.0,67.0,65.6,66.5,16845000.0
2013/03/15,67.0,67.3,64.0,64.2,23393000.0
2013/03/19,64.8,65.2,63.8,64.4,13324000.0
2013/03/21,65.7,66.5,64.8,65.1,13145000.0
2013/03/25,65.8,66.6,64.9,66.3,11170000.0
2013/03/27,66.8,66.9,65.1,65.8,8425000.0
2013/03/29,66.9,66.9,64.4,65.3,10043000.0
2013/04/02,65.3,65.4,64.2,64.5,12155000.0
2013/04/08,63.5,64.6,60.8,61.0,22092000.0
2013/04/10,61.0,61.6,60.3,60.6,16397000.0
2013/04/12,60.6,60.6,58.0,58.6,24613000.0
2013/04/16,58.0,59.0,57.4,58.0,19241000.0
2013/04/18,58.0,58.1,56.4,57.1,21244000.0
2013/04/22,57.0,59.2,56.4,59.0,24296000.0
2013/04/24,60.0,60.2,58.3,58.8,17734000.0
2013/04/26,59.2,60.5,59.0,60.5,14349000.0
2013/04/30,60.5,61.0,59.8,59.9,16311000.0
2013/05/03,60.5,60.7,59.9,60.3,10565000.0
2013/05/07,60.4,63.0,60.3,63.0,19734000.0
2013/05/09,63.5,63.5,61.7,63.1,14526000.0
2013/05/13,62.4,62.5,60.6,60.6,11288000.0
2013/05/15,60.1,64.9,60.1,64.0,23947000.0
2013/05/17,64.0,65.7,63.5,65.3,18289000.0
2013/05/21,65.3,65.5,64.2,64.4,13528000.0
2013/05/23,64.5,65.5,64.1,65.2,14858000.0
2013/05/27,65.2,65.8,64.5,65.4,8573000.0
2013/05/29,65.5,65.8,64.5,64.7,14517000.0
2013/05/31,64.7,65.1,63.2,63.9,14246000.0
2013/06/04,64.2,65.0,63.5,63.5,12809000.0
2013/06/06,62.5,62.7,60.2,61.0,16403000.0
2013/06/10,61.4,62.9,61.1,61.3,8376000.0
2013/06/13,59.5,61.0,59.3,61.0,16310000.0
2013/06/17,61.5,62.2,60.5,60.5,11947000.0
2013/06/19,61.5,62.7,60.2,61.6,10268000.0
2013/06/21,60.2,61.9,60.0,60.8,16825000.0
2013/06/25,62.0,63.7,61.3,63.0,14416000.0
2013/06/27,64.2,65.0,63.4,65.0,17195000.0
2013/07/01,64.8,65.0,63.7,65.0,10550000.0
2013/07/03,64.2,65.0,63.5,65.0,8563000.0
2013/07/05,65.0,66.5,64.7,65.8,13167000.0
2013/07/09,66.0,66.8,64.8,66.8,10669000.0
2013/07/11,67.5,70.1,67.1,69.0,18706000.0
2013/07/15,67.5,69.3,67.3,69.2,11004000.0
2013/07/17,68.6,69.0,67.6,68.5,10089000.0
2013/07/19,68.3,69.0,67.3,67.7,12691000.0
2013/07/23,68.3,70.7,67.8,69.4,17885000.0
2013/07/25,69.9,71.0,69.2,71.0,12109000.0
2013/07/29,70.9,70.9,68.8,70.1,11367000.0
2013/07/31,70.5,70.9,64.7,64.7,17586000.0
2013/08/02,66.1,66.5,63.7,64.0,9711000.0
2013/08/06,64.7,64.7,62.0,62.0,9962000.0
2013/08/08,61.8,62.6,61.0,61.2,9133000.0
2013/08/12,61.5,63.7,61.4,63.7,5950000.0
2013/08/14,63.7,63.9,61.1,61.8,9063000.0
2013/08/16,60.6,63.5,60.6,62.5,9078000.0
2013/08/20,61.8,62.8,60.5,62.6,9663000.0
2013/08/23,62.6,63.1,61.8,62.5,6219000.0
2013/08/27,62.0,63.3,61.6,62.5,7135000.0
2013/08/29,61.6,63.2,61.6,63.1,9756000.0
2013/09/02,63.1,64.6,63.1,64.1,7670000.0
2013/09/04,63.5,67.3,63.5,67.3,13572000.0
2013/09/06,66.9,67.9,66.5,66.8,9842000.0
2013/09/10,67.7,68.0,65.8,66.9,13546000.0
2013/09/12,66.5,67.4,66.0,66.5,12998000.0
2013/09/16,67.3,68.0,66.4,67.0,15892000.0
2013/09/18,66.8,67.8,63.3,63.5,52058000.0
2013/09/24,64.5,64.7,63.5,64.2,17752000.0
2013/09/26,64.1,64.7,63.6,63.9,6933000.0
2013/09/30,64.0,64.1,63.0,64.1,6420000.0
2013/10/02,63.6,65.4,63.1,65.4,12042000.0
2013/10/04,64.5,64.8,63.7,64.7,5100000.0
2013/10/08,64.5,65.3,63.7,65.0,7798000.0
2013/10/11,65.4,67.5,64.6,66.6,12136000.0
2013/10/15,67.0,67.6,66.5,66.8,9563000.0
2013/10/17,66.9,69.5,66.3,69.3,16747000.0
2013/10/21,69.3,69.9,68.4,69.4,12413000.0
2013/10/23,68.9,69.2,66.1,67.7,8300000.0
2013/10/25,67.5,68.7,66.9,68.5,13199000.0
2013/10/29,67.8,71.0,67.0,70.9,15583000.0
2013/10/31,70.5,70.8,67.5,67.5,15770000.0
2013/11/04,67.5,68.7,66.6,67.3,8579000.0
2013/11/06,67.9,70.9,67.5,70.9,12311000.0
2013/11/08,69.5,70.2,65.2,65.3,13721000.0
2013/11/12,65.5,66.7,64.6,64.7,17702000.0
2013/11/14,65.8,65.8,64.2,65.0,13070000.0
2013/11/18,65.0,65.0,63.2,64.6,9287000.0
2013/11/20,63.6,64.1,62.3,62.5,13431000.0
2013/11/22,62.6,63.8,62.4,62.9,11568000.0
2013/11/26,62.3,64.6,62.2,64.6,13326000.0
2013/11/28,65.0,66.1,64.0,65.9,12553000.0
2013/12/02,66.6,66.6,64.5,65.3,6754000.0
2013/12/04,65.1,65.8,64.7,65.3,14557000.0
2013/12/06,65.8,67.4,65.1,67.4,14648000.0
2013/12/10,67.3,68.1,66.0,66.8,16049000.0
2013/12/12,66.0,67.9,65.6,67.5,8816000.0
2013/12/16,67.0,67.5,66.1,66.1,8128000.0
2013/12/18,66.0,67.8,66.0,67.6,8944000.0
2013/12/20,67.6,69.1,67.0,68.7,11809000.0
2013/12/24,68.8,69.3,68.2,68.9,6224000.0
2013/12/26,68.6,69.1,68.6,68.7,7255000.0
2013/12/30,68.7,69.5,68.3,69.5,10379000.0
2014/01/02,69.5,69.7,67.6,67.8,6038000.0
2014/01/06,67.8,70.7,67.8,69.5,16342000.0
2014/01/08,69.3,70.3,69.3,70.0,14157000.0
2014/01/10,70.0,72.8,69.8,72.1,15395000.0
2014/01/14,73.0,77.8,73.0,77.8,32748000.0
2014/01/16,78.2,78.2,75.5,76.8,24777000.0
2014/01/20,76.8,79.9,76.4,76.9,19317000.0
2014/01/22,76.9,78.2,76.5,77.6,16444000.0
2014/01/24,77.7,77.9,73.6,75.0,16829000.0
2014/02/05,70.5,75.3,69.9,74.2,29272000.0
2014/02/07,74.5,75.4,72.5,74.0,11934000.0
2014/02/11,73.0,75.5,72.4,74.8,17563000.0
2014/02/13,73.7,75.0,73.5,74.0,8596000.0
2014/02/17,73.6,75.3,73.6,74.1,10044000.0
2014/02/19,74.2,75.2,74.2,75.2,10314000.0
2014/02/21,75.9,77.0,73.7,74.7,11918000.0
2014/02/25,75.2,75.3,73.7,75.1,10488000.0
2014/02/27,75.0,75.1,72.9,74.0,22169000.0
2014/03/04,73.6,78.8,73.4,78.8,26431000.0
2014/03/06,80.0,81.3,77.6,78.0,33123000.0
2014/03/10,78.0,79.6,76.4,79.0,22167000.0
2014/03/12,79.0,82.5,77.6,82.5,28862000.0
2014/03/14,81.1,82.0,80.4,81.0,32604000.0
2014/03/18,82.0,82.1,78.6,79.0,16045000.0
2014/03/20,79.0,79.4,77.9,78.1,21645000.0
2014/03/24,78.3,81.8,78.3,81.8,19996000.0
2014/03/26,82.3,87.5,82.2,87.5,35031000.0
2014/03/28,87.5,88.6,81.0,82.0,26426000.0
2014/04/01,81.1,83.8,80.6,83.8,30183000.0
2014/04/03,83.6,83.6,80.7,81.1,21112000.0
2014/04/08,81.3,81.8,79.1,81.7,20850000.0
2014/04/10,82.5,83.3,80.9,82.8,14444000.0
2014/04/14,82.8,82.8,80.2,82.5,10641000.0
2014/04/16,82.6,82.8,81.1,81.8,9382000.0
2014/04/18,81.8,82.2,81.4,82.1,3231000.0
2014/04/22,82.1,83.0,80.5,81.5,10949000.0
2014/04/24,82.0,82.1,78.0,78.0,16812000.0
2014/04/28,77.3,81.8,76.9,81.0,10985000.0
2014/04/30,82.0,83.1,80.5,80.5,22439000.0
2014/05/05,80.8,81.5,79.3,81.5,7169000.0
2014/05/07,82.0,84.0,80.3,83.3,17945000.0
2014/05/09,82.9,84.0,79.6,80.2,16871000.0
2014/05/13,81.0,81.1,78.3,80.5,25442000.0
2014/05/15,78.6,80.2,78.6,79.3,19973000.0
2014/05/19,79.9,80.8,79.3,80.3,10925000.0
2014/05/21,80.0,80.7,78.7,78.9,18520000.0
2014/05/23,78.5,80.5,78.5,79.5,19491000.0
2014/05/27,79.0,80.5,78.4,80.1,25598000.0
2014/05/29,78.6,80.7,77.6,80.7,36404000.0
2014/06/03,79.5,80.1,78.7,79.3,17644000.0
2014/06/05,79.8,80.5,78.8,80.1,11762000.0
2014/06/09,80.6,83.4,79.4,82.2,21180000.0
2014/06/11,82.4,84.6,82.1,83.4,15703000.0
2014/06/13,83.5,86.2,83.0,83.3,17417000.0
2014/06/17,84.0,86.2,83.6,85.5,18491000.0
2014/06/19,85.9,86.0,83.5,83.5,16486000.0
2014/06/23,84.1,85.9,83.5,85.3,12640000.0
2014/06/25,85.5,85.7,84.0,85.7,6962000.0
2014/06/27,85.5,89.5,85.1,87.0,14175000.0
2014/07/01,88.8,91.0,87.0,87.9,12924000.0
2014/07/03,87.5,87.9,86.3,87.1,9139000.0
2014/07/07,86.7,88.4,85.7,88.4,13263000.0
2014/07/09,88.4,88.4,86.6,87.4,8872000.0
2014/07/11,87.3,87.9,84.6,85.7,13873000.0
2014/07/15,87.4,87.7,86.0,86.5,13666000.0
2014/07/17,86.6,87.6,85.5,85.7,8522000.0
2014/07/21,86.4,87.8,86.4,87.7,4608000.0
2014/07/24,88.5,89.0,85.1,85.8,11096000.0
2014/07/28,85.8,89.2,85.8,87.7,10271000.0
2014/07/30,88.5,88.5,83.6,84.4,13627000.0
2014/08/01,79.7,84.1,79.2,84.1,16323000.0
2014/08/05,84.1,84.4,81.1,82.7,13645000.0
2014/08/07,82.7,82.9,81.2,82.0,11489000.0
2014/08/11,83.0,83.6,80.8,82.8,8853000.0
2014/08/13,82.8,85.5,82.5,84.4,8393000.0
2014/08/15,83.6,84.0,81.6,82.0,7085000.0
2014/08/19,82.4,84.0,82.0,84.0,7674000.0
2014/08/21,83.3,84.4,82.0,84.4,9843000.0
2014/08/25,84.0,84.4,83.5,83.7,3665000.0
2014/08/27,84.5,85.5,83.5,84.2,8686000.0
2014/08/29,83.8,85.5,83.1,83.7,9668000.0
2014/09/02,83.8,83.8,82.1,82.5,9118000.0
2014/09/04,82.5,82.6,81.5,81.9,8276000.0
2014/09/09,82.8,83.0,80.8,81.0,6076000.0
2014/09/11,82.5,82.5,80.0,80.0,9630000.0
2014/09/15,79.5,80.5,78.2,78.7,11644000.0
2014/09/17,79.2,79.6,77.9,79.0,15871000.0
2014/09/19,79.5,79.5,78.1,78.9,14571000.0
2014/09/23,78.5,79.0,75.8,76.2,12408000.0
2014/09/25,76.3,78.5,75.0,78.0,11948000.0
2014/09/29,78.4,78.8,76.5,77.2,15127000.0
2014/10/01,76.2,76.5,74.7,76.3,11852000.0
2014/10/03,75.6,77.6,75.6,77.0,8444000.0
2014/10/07,76.9,76.9,74.1,74.1,13972000.0
2014/10/09,74.5,75.4,70.0,71.5,21010000.0
2014/10/14,72.0,74.2,71.3,72.8,16128000.0
2014/10/16,72.0,73.5,71.1,73.0,17883000.0
2014/10/20,73.7,75.0,73.0,73.9,12937000.0
2014/10/22,74.8,74.8,73.7,74.4,4263000.0
2014/10/24,75.0,75.1,72.9,72.9,5544000.0
2014/10/28,73.8,76.5,73.7,76.4,17765000.0
2014/10/30,76.2,76.4,75.4,76.4,6634000.0
2014/11/03,76.9,78.0,76.4,76.5,6411000.0
2014/11/05,76.4,77.1,76.0,76.4,5312000.0
2014/11/07,75.8,77.1,75.2,76.7,5906000.0
2014/11/11,77.0,77.2,73.4,74.1,10795000.0
2014/11/13,69.5,72.5,69.5,71.5,35150000.0
2014/11/17,71.7,72.3,70.5,72.0,14252000.0
2014/11/19,72.5,75.3,72.0,75.3,19294000.0
2014/11/21,75.3,76.4,74.3,76.0,14347000.0
2014/11/25,76.0,76.7,75.5,76.0,13015000.0
2014/11/27,76.5,77.4,76.2,77.0,11907000.0
2014/12/01,76.0,79.3,75.5,78.6,13665000.0
2014/12/03,78.6,79.4,76.7,77.1,9736000.0
2014/12/05,77.1,78.5,76.7,78.2,5922000.0
2014/12/09,78.5,78.8,76.0,76.4,9160000.0
2014/12/11,75.6,78.0,75.0,77.4,7507000.0
2014/12/15,77.0,78.2,75.9,77.0,13846000.0
2014/12/17,78.0,78.5,74.8,75.0,17537000.0
2014/12/19,75.9,78.8,75.5,78.5,12096000.0
2014/12/23,78.8,78.9,77.4,78.5,8586000.0
2014/12/25,78.5,78.8,77.9,78.5,4168000.0
2014/12/27,78.8,79.9,78.2,79.3,808839000.0
2014/12/30,79.7,80.0,78.4,79.2,4559000.0
2015/01/05,78.5,78.8,76.4,76.6,11193000.0
2015/01/07,76.1,78.5,76.0,78.2,9253000.0
2015/01/09,79.2,79.7,77.2,77.6,6357000.0
2015/01/13,77.7,78.4,76.8,77.0,12532000.0
2015/01/15,77.1,77.7,75.6,75.6,10491000.0
2015/01/19,76.2,78.2,76.2,77.9,10621000.0
2015/01/21,78.4,79.0,77.9,79.0,10283000.0
2015/01/23,79.5,80.7,79.1,79.7,13420000.0
2015/01/27,80.0,80.5,79.3,80.1,10992000.0
2015/01/29,80.0,80.5,77.0,77.0,17057000.0
2015/02/02,77.0,80.2,77.0,79.4,8358000.0
2015/02/04,80.1,82.5,78.7,79.0,24221000.0
2015/02/06,78.5,79.4,78.0,78.3,12398000.0
2015/02/10,78.0,78.5,77.7,78.0,9604000.0
2015/02/12,78.5,79.5,77.7,79.3,12662000.0
2015/02/24,80.3,81.8,79.5,80.0,20926000.0
2015/02/26,79.1,82.0,78.9,79.5,13289000.0
2015/03/03,80.3,80.3,79.0,79.5,9058000.0
2015/03/05,79.0,79.2,77.2,78.8,12501000.0
2015/03/09,78.6,79.8,77.9,79.0,10994000.0
2015/03/11,77.6,78.5,77.4,78.5,13139000.0
2015/03/13,77.6,78.3,77.0,77.0,12266000.0
2015/03/17,77.2,78.0,76.5,76.5,8930000.0
2015/03/19,77.8,78.2,77.2,78.0,10913000.0
2015/03/23,76.9,77.2,76.2,76.5,10986000.0
2015/03/25,76.5,76.5,73.5,75.0,19712000.0
2015/03/27,74.0,75.3,74.0,74.5,16145000.0
2015/03/31,76.6,76.6,74.0,74.0,19877000.0
2015/04/02,74.2,75.4,74.1,74.9,15428000.0
2015/04/08,74.9,75.0,73.5,73.6,9022000.0
