1999/03/24,6877.49,6969.37,6845.8,6941.38,0.0
1999/03/26,7015.11,7052.44,6901.68,6901.68,0.0
1999/03/30,6964.41,6964.41,6831.94,6881.72,0.0
1999/04/01,6876.64,7232.51,6876.64,7232.51,0.0
1999/04/06,7229.94,7229.94,7110.59,7135.89,0.0
1999/04/08,7204.69,7381.64,7195.42,7265.7,0.0
1999/04/12,7262.36,7341.74,7189.45,7337.85,0.0
1999/04/14,7390.61,7498.17,7344.7,7498.17,0.0
1999/04/16,7590.92,7683.94,7414.62,7623.18,0.0
1999/04/20,7580.39,7703.76,7456.18,7474.16,0.0
1999/04/22,7540.52,7659.59,7447.52,7612.8,0.0
1999/04/26,7641.08,7664.42,7527.1,7550.13,0.0
1999/04/28,7563.25,7577.72,7281.3,7289.62,0.0
1999/04/30,7316.05,7403.68,7224.22,7383.26,0.0
1999/05/04,7433.52,7644.45,7433.52,7572.16,0.0
1999/05/06,7619.44,7664.89,7456.99,7469.33,0.0
1999/05/10,7441.28,7584.57,7399.92,7474.45,0.0
1999/05/12,7516.13,7532.07,7411.14,7416.2,0.0
1999/05/14,7470.19,7705.63,7470.19,7599.76,0.0
1999/05/18,7621.19,7658.67,7484.06,7614.6,0.0
1999/05/20,7665.66,7701.26,7594.76,7606.69,0.0
1999/05/24,7629.71,7644.97,7413.98,7417.03,0.0
1999/05/26,7361.84,7510.42,7348.88,7469.01,0.0
1999/05/28,7463.29,7465.8,7310.52,7316.57,0.0
1999/06/01,7324.42,7493.68,7313.12,7488.03,0.0
1999/06/03,7552.36,7628.14,7552.36,7590.44,0.0
1999/06/07,7693.25,7940.38,7688.84,7892.13,0.0
1999/06/09,7928.24,8058.18,7900.89,7996.76,0.0
1999/06/11,8008.96,8039.64,7926.53,7973.58,0.0
1999/06/15,8091.81,8109.28,7924.41,8059.02,0.0
1999/06/17,8155.44,8483.95,8155.44,8413.48,0.0
1999/06/22,8482.38,8661.39,8446.0,8492.32,0.0
1999/06/24,8497.9,8627.88,8251.65,8265.96,0.0
1999/06/28,8281.7,8514.27,8240.35,8514.27,0.0
1999/06/30,8544.26,8642.62,8444.59,8572.09,0.0
1999/07/05,8588.15,8668.15,8446.19,8454.49,0.0
1999/07/07,8464.75,8610.9,8390.99,8592.43,0.0
1999/07/09,8624.38,8663.06,8455.14,8463.9,0.0
1999/07/13,8441.14,8441.14,7792.54,7888.66,0.0
1999/07/15,7868.47,8024.19,7402.53,7411.58,0.0
1999/07/19,7364.88,7826.49,7192.99,7806.85,0.0
1999/07/21,7704.24,7830.76,7640.32,7678.67,0.0
1999/07/23,7634.82,7735.52,7590.39,7595.71,0.0
1999/07/27,7520.79,7538.53,7329.74,7484.5,0.0
1999/07/29,7513.08,7513.08,7150.04,7413.11,0.0
1999/08/02,7328.54,7355.15,6968.54,7175.19,0.0
1999/08/04,7181.08,7274.66,6941.65,6959.73,0.0
1999/08/06,6988.51,7110.82,6817.58,7028.01,0.0
1999/08/10,7051.33,7321.0,7030.26,7228.68,0.0
1999/08/12,7294.53,7683.03,7277.81,7626.05,0.0
1999/08/16,7748.15,8101.41,7748.15,8083.43,0.0
1999/08/18,8105.07,8155.74,7916.43,7964.67,0.0
1999/08/20,7976.84,8193.76,7975.52,8119.98,0.0
1999/08/24,8212.38,8255.48,7954.35,8127.09,0.0
1999/08/26,8171.28,8240.17,8027.86,8053.97,0.0
1999/08/30,8054.83,8196.66,8041.42,8157.73,0.0
1999/09/01,8225.61,8414.6,8214.61,8226.15,0.0
1999/09/03,8208.7,8217.24,8006.25,8130.28,0.0
1999/09/07,8162.8,8196.38,7891.66,7973.3,0.0
1999/09/09,7981.28,8175.36,7955.81,8161.46,0.0
1999/09/13,8201.0,8250.73,8054.87,8092.02,0.0
1999/09/15,8077.41,8117.97,7897.56,7968.9,0.0
1999/09/17,7987.74,8043.51,7903.3,7972.14,0.0
1999/09/27,7789.84,7789.84,7537.47,7577.85,0.0
1999/09/29,7515.48,7680.32,7415.58,7598.79,0.0
1999/10/01,7633.08,7715.38,7592.34,7685.48,0.0
1999/10/05,7743.72,7763.61,7462.45,7501.63,0.0
1999/10/07,7558.09,7656.85,7542.47,7552.98,0.0
1999/10/11,7555.94,7840.57,7554.07,7835.37,0.0
1999/10/13,7806.92,7890.86,7773.21,7879.91,0.0
1999/10/15,7923.19,7959.52,7726.62,7745.26,0.0
1999/10/19,7759.93,7798.16,7653.85,7666.64,0.0
1999/10/21,7766.74,7792.72,7505.07,7559.63,0.0
1999/10/25,7583.7,7787.38,7570.71,7700.29,0.0
1999/10/27,7731.17,7780.21,7669.49,7681.85,0.0
1999/10/29,7751.51,7874.26,7667.81,7814.89,0.0
1999/11/02,7789.35,7805.82,7572.11,7580.09,0.0
1999/11/04,7589.93,7605.95,7404.31,7488.26,0.0
1999/11/08,7318.28,7430.4,7261.31,7362.69,0.0
1999/11/10,7356.73,7549.29,7355.38,7532.22,0.0
1999/11/15,7575.61,7646.25,7492.48,7606.2,0.0
1999/11/17,7661.25,7745.9,7612.19,7718.06,0.0
1999/11/19,7787.2,8088.53,7756.34,8052.31,0.0
1999/11/23,8105.12,8152.33,7913.21,7921.85,0.0
1999/11/25,7919.68,7955.13,7558.4,7595.44,0.0
1999/11/29,7706.12,7884.23,7688.58,7720.87,0.0
1999/12/01,7702.18,7872.58,7684.42,7806.26,0.0
1999/12/03,7880.49,7982.74,7858.58,7894.46,0.0
1999/12/07,7899.85,7910.76,7798.92,7811.02,0.0
1999/12/09,7797.61,7862.37,7687.36,7733.77,0.0
1999/12/13,7782.48,7932.47,7782.48,7850.14,0.0
1999/12/15,7832.26,7904.84,7721.5,7739.76,0.0
1999/12/17,7762.88,7827.49,7684.64,7782.94,0.0
1999/12/21,7803.93,8079.57,7803.93,8002.76,0.0
1999/12/23,8043.88,8225.39,8013.18,8219.45,0.0
1999/12/27,8274.83,8480.5,8253.79,8448.84,0.0
2000/01/04,8644.91,8867.68,8642.5,8849.87,0.0
2000/01/06,8876.59,9023.99,8739.43,8845.47,0.0
2000/01/10,8918.6,9332.52,8890.45,8927.03,0.0
2000/01/12,8964.78,9237.85,8937.31,9107.19,0.0
2000/01/14,9172.17,9384.52,8967.56,9315.43,0.0
2000/01/18,9346.98,9353.89,9150.86,9151.44,0.0
2000/01/20,9175.27,9305.27,9077.7,9255.94,0.0
2000/01/24,9327.98,9425.87,9308.01,9372.37,0.0
2000/01/26,9469.74,9733.26,9469.74,9628.98,0.0
2000/01/28,9600.45,9753.72,9600.45,9744.89,0.0
2000/02/01,9829.68,10137.24,9800.63,10008.88,0.0
2000/02/10,10008.38,10227.33,9957.66,10128.67,0.0
2000/02/14,10140.65,10167.71,9853.86,9957.74,0.0
2000/02/16,10010.87,10267.46,10010.87,10202.2,0.0
2000/02/18,10266.79,10393.59,9912.67,9912.67,0.0
2000/02/22,9860.12,9917.13,9596.68,9642.26,0.0
2000/02/24,9725.3,9781.31,9407.79,9432.49,0.0
2000/02/29,9525.65,9689.1,9410.11,9689.1,0.0
2000/03/02,9757.08,9781.27,9543.58,9588.03,0.0
2000/03/06,9519.8,9519.8,9286.39,9380.07,0.0
2000/03/08,9402.7,9587.27,9379.29,9587.27,0.0
2000/03/10,9662.61,9712.39,8807.36,8811.95,0.0
2000/03/14,8728.3,8905.82,8598.07,8640.03,0.0
2000/03/16,8472.54,8799.09,8250.46,8763.27,0.0
2000/03/20,8509.32,9021.89,8355.89,9004.48,0.0
2000/03/22,9009.25,9567.89,8908.32,9533.87,0.0
2000/03/24,9565.24,9858.57,9405.14,9807.57,0.0
2000/03/28,9884.18,9985.15,9772.54,9805.69,0.0
2000/03/30,9827.85,10071.26,9798.61,9854.95,0.0
2000/04/05,9923.74,10328.98,9923.74,9969.28,0.0
2000/04/07,10035.26,10168.72,9913.38,10127.48,0.0
2000/04/11,10104.87,10194.91,9909.03,9911.39,0.0
2000/04/13,9720.67,9746.99,9374.49,9374.61,0.0
2000/04/17,8848.16,9389.35,8796.77,9307.03,0.0
2000/04/19,9435.02,9477.67,8943.89,9109.05,0.0
2000/04/21,9130.32,9243.04,8808.09,8808.09,0.0
2000/04/25,8711.68,9022.77,8465.76,8535.96,0.0
2000/04/27,8587.03,8860.5,8458.4,8824.36,0.0
2000/05/02,8836.83,8838.78,8395.23,8420.0,0.0
2000/05/04,8444.07,8699.02,8338.92,8698.53,0.0
2000/05/08,8669.47,8742.69,8538.5,8635.84,0.0
2000/05/10,8693.87,8749.62,8281.68,8349.91,0.0
2000/05/12,8472.82,8639.94,8454.72,8465.02,0.0
2000/05/16,8534.18,9131.86,8496.44,9085.74,0.0
2000/05/18,9040.33,9146.59,9002.03,9119.77,0.0
2000/05/22,8903.32,8967.36,8634.73,8671.01,0.0
2000/05/24,8496.06,8643.66,8418.5,8438.1,0.0
2000/05/26,8397.01,8701.61,8386.37,8588.25,0.0
2000/05/30,8668.7,8969.65,8641.43,8939.52,0.0
2000/06/01,8936.43,9026.86,8815.43,8883.45,0.0
2000/06/05,8961.36,9116.24,8894.82,9115.47,0.0
2000/06/08,9151.31,9209.48,9011.2,9036.66,0.0
2000/06/12,9065.22,9083.85,8879.52,8891.09,0.0
2000/06/14,8978.65,9014.27,8826.69,8844.97,0.0
2000/06/16,8852.32,8893.59,8653.62,8751.1,0.0
2000/06/20,8852.97,8861.03,8631.64,8637.6,0.0
2000/06/22,8623.4,8785.53,8616.85,8684.93,0.0
2000/06/26,8672.8,8675.47,8412.01,8424.17,0.0
2000/06/28,8429.05,8476.89,8112.08,8120.89,0.0
2000/06/30,8159.41,8368.56,8050.02,8297.77,0.0
2000/07/04,8329.77,8438.72,7988.54,8421.74,0.0
2000/07/06,8291.27,8383.69,8169.77,8173.08,0.0
2000/07/10,8209.86,8262.64,8015.38,8158.63,0.0
2000/07/12,8168.56,8304.01,8025.19,8267.66,0.0
2000/07/14,8309.67,8643.21,8309.67,8585.52,0.0
2000/07/18,8582.75,8582.75,8270.57,8411.88,0.0
2000/07/20,8355.21,8406.05,8058.14,8167.37,0.0
2000/07/24,8132.39,8177.7,7900.39,7900.39,0.0
2000/07/26,7944.9,8113.27,7723.44,7956.28,0.0
2000/07/28,7861.04,8165.12,7861.04,8114.92,0.0
2000/08/01,8171.58,8192.73,7910.28,7916.85,0.0
2000/08/03,7888.32,8029.14,7736.19,7925.2,0.0
2000/08/07,7804.0,7818.67,7670.28,7797.78,0.0
2000/08/09,7866.11,8105.63,7866.11,8024.69,0.0
2000/08/11,8012.64,8082.07,7838.5,7848.87,0.0
2000/08/15,7883.84,8023.17,7821.74,8003.53,0.0
2000/08/17,8059.02,8276.24,8000.46,8176.82,0.0
2000/08/21,8232.91,8305.67,8086.66,8118.05,0.0
2000/08/24,8162.0,8222.08,8014.95,8026.32,0.0
2000/08/28,7985.45,7985.45,7621.13,7817.49,0.0
2000/08/30,7784.74,7809.35,7440.81,7616.98,0.0
2000/09/01,7420.06,7814.49,7420.06,7803.02,0.0
2000/09/05,7829.34,7829.34,7605.32,7610.78,0.0
2000/09/07,7467.94,7520.17,7360.5,7367.99,0.0
2000/09/11,7297.78,7407.78,7153.23,7391.66,0.0
2000/09/14,7348.81,7367.27,7149.48,7155.45,0.0
2000/09/18,6990.48,7026.27,6712.2,6734.9,0.0
2000/09/20,6843.95,6946.84,6720.34,6920.9,0.0
2000/09/22,6737.54,6780.27,6550.21,6677.46,0.0
2000/09/26,6647.94,6840.38,6491.34,6717.04,0.0
2000/09/28,6744.79,6799.62,6432.36,6432.36,0.0
2000/10/02,6165.64,6248.12,5907.04,6143.44,0.0
2000/10/04,5989.45,6047.78,5904.98,6029.65,0.0
2000/10/06,6353.67,6353.67,6203.47,6209.42,0.0
2000/10/11,6070.43,6070.43,5763.81,5805.01,0.0
2000/10/13,5577.86,6161.16,5482.98,5630.95,0.0
2000/10/17,5512.0,5742.68,5427.46,5432.23,0.0
2000/10/19,5261.94,5404.78,5074.44,5404.78,0.0
2000/10/23,5644.73,5933.42,5539.97,5918.63,0.0
2000/10/25,5914.37,6035.17,5898.97,5941.85,0.0
2000/10/27,5991.83,6003.38,5615.9,5659.08,0.0
2000/10/31,5530.8,5626.03,5400.26,5425.02,0.0
2000/11/02,5385.54,5813.44,5381.42,5796.08,0.0
2000/11/06,5679.09,5877.77,5609.14,5877.77,0.0
2000/11/08,5926.4,6164.62,5889.01,6089.55,0.0
2000/11/10,6039.19,6126.09,5748.43,5793.52,0.0
2000/11/14,5747.0,5942.06,5696.01,5737.02,0.0
2000/11/16,5554.0,5581.93,5168.97,5351.36,0.0
2000/11/20,4994.73,5103.0,4760.68,5103.0,0.0
2000/11/22,5128.98,5293.89,5032.2,5146.92,0.0
2000/11/24,5218.18,5526.13,5218.18,5433.78,0.0
2000/11/28,5388.68,5411.0,5266.14,5319.46,0.0
2000/11/30,5323.7,5372.01,5163.23,5342.06,0.0
2000/12/04,5239.82,5243.05,5102.68,5199.2,0.0
2000/12/06,5323.2,5366.79,5131.94,5212.73,0.0
2000/12/08,5216.36,5300.3,5186.35,5284.41,0.0
2000/12/12,5320.61,5403.14,5320.61,5384.36,0.0
2000/12/14,5350.26,5350.26,5202.04,5224.74,0.0
2000/12/18,5116.07,5127.73,4957.27,5040.25,0.0
2000/12/20,4966.8,4998.35,4797.27,4817.22,0.0
2000/12/22,4765.1,4888.35,4711.38,4721.36,0.0
2000/12/27,4663.65,4797.14,4555.91,4797.14,0.0
2000/12/29,4797.08,4945.09,4678.0,4935.28,0.0
2001/01/03,4843.54,5169.13,4831.12,5136.13,0.0
2001/01/05,5153.01,5368.77,5117.63,5188.51,0.0
2001/01/09,5206.5,5476.9,5206.5,5436.78,0.0
2001/01/11,5475.59,5531.2,5288.79,5339.4,0.0
2001/01/15,5292.75,5665.98,5254.83,5662.94,0.0
2001/01/17,5702.87,5892.53,5652.52,5847.91,0.0
2001/01/29,5850.7,5933.68,5577.87,5792.5,0.0
2001/01/31,5853.62,5992.43,5821.89,5897.93,0.0
2001/02/02,5958.78,6103.1,5867.79,5932.42,0.0
2001/02/06,5905.6,6042.72,5685.59,5693.58,0.0
2001/02/08,5693.63,5893.4,5653.86,5809.84,0.0
2001/02/12,5807.61,6027.49,5795.68,6027.49,0.0
2001/02/14,6060.89,6104.24,5887.68,6104.24,0.0
2001/02/16,6156.36,6198.22,5846.07,5937.3,0.0
2001/02/20,5992.74,6079.62,5863.14,5949.96,0.0
2001/02/22,5885.67,5885.67,5678.23,5726.93,0.0
2001/02/26,5746.65,5805.4,5660.14,5674.69,0.0
2001/03/01,5581.95,5584.46,5471.62,5499.54,0.0
2001/03/05,5506.6,5736.32,5473.01,5635.06,0.0
2001/03/07,5735.79,5794.34,5697.67,5711.02,0.0
2001/03/09,5655.92,5683.11,5556.07,5582.67,0.0
2001/03/13,5509.79,5703.52,5498.56,5658.21,0.0
2001/03/15,5656.42,5846.39,5600.66,5783.93,0.0
2001/03/19,5783.02,5791.38,5624.3,5642.7,0.0
2001/03/21,5602.14,5735.74,5602.14,5730.95,0.0
2001/03/23,5801.57,5906.17,5790.29,5896.32,0.0
2001/03/27,5943.91,5981.31,5819.29,5819.39,0.0
2001/03/29,5812.6,5865.48,5772.39,5797.92,0.0
2001/04/02,5797.85,5797.85,5439.4,5446.82,0.0
2001/04/04,5386.59,5584.14,5345.6,5515.13,0.0
2001/04/09,5476.75,5506.1,5349.14,5353.5,0.0
2001/04/11,5470.67,5563.51,5362.43,5533.22,0.0
2001/04/13,5592.3,5601.49,5409.05,5432.28,0.0
2001/04/17,5404.76,5523.72,5391.25,5508.61,0.0
2001/04/19,5682.46,5683.63,5590.87,5596.63,0.0
2001/04/23,5607.46,5644.68,5562.67,5589.34,0.0
2001/04/25,5594.19,5601.35,5461.5,5518.73,0.0
2001/04/27,5505.61,5509.32,5371.81,5381.67,0.0
2001/05/02,5469.95,5502.53,5264.96,5405.54,0.0
2001/05/04,5384.3,5436.53,5200.75,5229.93,0.0
2001/05/08,5214.25,5256.79,5105.37,5232.64,0.0
2001/05/10,5215.55,5251.39,5033.56,5232.72,0.0
2001/05/14,5161.25,5212.04,5142.89,5158.79,0.0
2001/05/16,5147.02,5175.53,5081.14,5143.44,0.0
2001/05/18,5180.91,5180.91,4902.22,4958.61,0.0
2001/05/22,4991.67,5209.97,4963.46,5209.97,0.0
2001/05/24,5193.87,5246.79,5165.3,5170.08,0.0
2001/05/28,5123.9,5174.81,5073.15,5095.26,0.0
2001/05/30,5078.91,5103.65,5012.28,5048.86,0.0
2001/06/01,5090.66,5096.43,4944.98,4985.11,0.0
2001/06/05,5016.26,5234.12,4991.5,5220.44,0.0
2001/06/07,5172.69,5282.82,5126.3,5226.28,0.0
2001/06/11,5211.7,5298.69,5198.44,5266.24,0.0
2001/06/13,5270.16,5318.71,5091.52,5119.19,0.0
2001/06/15,5080.8,5158.63,5052.25,5070.52,0.0
2001/06/19,5073.35,5089.57,5025.08,5029.64,0.0
2001/06/21,5044.2,5066.17,4884.91,4904.34,0.0
2001/06/26,4932.15,4948.44,4773.88,4825.28,0.0
2001/06/28,4826.27,4898.99,4741.54,4883.43,0.0
2001/07/02,4886.49,4906.82,4805.49,4843.82,0.0
2001/07/04,4801.26,4801.26,4686.32,4709.2,0.0
2001/07/06,4670.27,4766.27,4636.9,4657.3,0.0
2001/07/10,4674.29,4692.41,4538.47,4548.29,0.0
2001/07/12,4587.69,4715.33,4483.09,4485.68,0.0
2001/07/16,4505.72,4510.74,4301.89,4371.99,0.0
2001/07/18,4387.07,4387.19,4065.64,4190.78,0.0
2001/07/20,4197.42,4270.19,4137.28,4151.93,0.0
2001/07/24,4101.61,4139.38,4008.08,4136.39,0.0
2001/07/26,4157.58,4417.62,4100.3,4320.59,0.0
2001/07/31,4299.57,4411.92,4275.42,4354.52,0.0
2001/08/02,4393.31,4579.16,4379.66,4530.68,0.0
2001/08/06,4507.84,4527.75,4367.54,4404.0,0.0
2001/08/08,4413.13,4521.16,4413.13,4448.52,0.0
2001/08/10,4470.75,4557.85,4394.09,4520.76,0.0
2001/08/14,4547.75,4665.37,4523.35,4623.11,0.0
2001/08/16,4651.03,4715.2,4626.84,4638.36,0.0
2001/08/20,4520.12,4595.75,4519.7,4562.73,0.0
2001/08/22,4509.03,4575.44,4435.97,4459.76,0.0
2001/08/24,4430.42,4430.42,4303.34,4384.55,0.0
2001/08/28,4405.22,4508.69,4340.65,4508.69,0.0
2001/08/30,4495.92,4576.33,4430.43,4509.44,0.0
2001/09/03,4520.0,4526.27,4403.96,4493.53,0.0
2001/09/05,4476.8,4510.58,4314.08,4338.26,0.0
2001/09/07,4274.76,4305.74,4214.94,4289.1,0.0
2001/09/11,4294.62,4304.57,3902.93,3952.49,0.0
2001/09/14,3871.31,3916.93,3663.66,3781.17,0.0
2001/09/20,3693.91,3725.91,3588.46,3591.85,0.0
2001/09/24,3503.33,3649.19,3461.97,3493.78,0.0
2001/09/26,3475.87,3625.53,3411.68,3567.63,0.0
2001/09/28,3587.81,3645.48,3484.08,3492.12,0.0
2001/10/03,3480.19,3610.16,3436.25,3493.66,0.0
2001/10/05,3502.37,3585.64,3467.94,3520.35,0.0
2001/10/09,3561.16,3810.84,3535.2,3789.93,0.0
2001/10/12,3898.36,3898.36,3706.15,3712.82,0.0
2001/10/16,3715.09,3872.81,3699.82,3817.13,0.0
2001/10/18,3761.1,3860.16,3758.58,3845.62,0.0
2001/10/22,3866.7,3959.14,3861.71,3874.42,0.0
2001/10/24,3884.62,4043.21,3884.62,4012.2,0.0
2001/10/26,4042.47,4104.21,4031.05,4065.1,0.0
2001/10/30,3961.56,3976.22,3872.33,3903.49,0.0
2001/11/01,3939.08,4037.31,3910.84,3998.48,0.0
2001/11/05,4014.74,4158.2,3984.68,4082.92,0.0
2001/11/07,4135.97,4208.51,4112.07,4135.03,0.0
2001/11/09,4135.03,4178.83,4087.35,4172.63,0.0
2001/11/13,4151.46,4286.52,4134.93,4277.7,0.0
2001/11/15,4291.15,4491.5,4285.33,4446.62,0.0
2001/11/19,4459.39,4605.68,4436.9,4455.8,0.0
2001/11/21,4409.07,4557.28,4401.46,4450.02,0.0
2001/11/23,4470.42,4622.33,4440.89,4608.32,0.0
2001/11/27,4722.18,4722.18,4445.69,4447.58,0.0
2001/11/29,4398.12,4507.94,4376.22,4441.12,0.0
2001/12/03,4534.37,4767.92,4532.19,4766.43,0.0
2001/12/05,4892.31,5214.77,4854.24,5208.86,0.0
2001/12/07,5234.54,5435.48,5180.4,5321.28,0.0
2001/12/11,5252.71,5553.89,5191.32,5539.31,0.0
2001/12/13,5623.6,5651.98,5293.52,5486.73,0.0
2001/12/17,5502.04,5588.45,5309.38,5329.19,0.0
2001/12/19,5391.31,5402.65,5142.83,5309.1,0.0
2001/12/21,5209.27,5264.08,5090.55,5164.73,0.0
2001/12/25,5198.17,5481.62,5197.32,5392.43,0.0
2001/12/27,5464.52,5505.19,5293.54,5398.28,0.0
2001/12/31,5481.07,5645.11,5477.53,5600.05,0.0
2002/01/03,5684.91,5690.29,5517.09,5638.53,0.0
2002/01/07,5691.15,5885.6,5657.93,5810.08,0.0
2002/01/09,5885.89,5915.42,5781.62,5871.28,0.0
2002/01/11,5889.49,5926.99,5578.46,5611.86,0.0
2002/01/15,5582.65,5645.4,5488.33,5488.33,0.0
2002/01/17,5375.4,5632.17,5375.4,5522.8,0.0
2002/01/21,5569.6,5880.83,5565.01,5804.1,472032704.0
2002/01/23,5770.96,5958.39,5735.7,5801.92,1048032704.0
2002/01/25,5925.78,6049.12,5897.67,6007.33,1121065408.0
2002/01/29,6008.22,6008.22,5738.99,5812.67,0.0
2002/01/31,5871.38,5948.1,5823.94,5857.93,0.0
2002/02/04,5867.45,5909.46,5773.07,5844.25,0.0
2002/02/06,5887.31,6048.65,5887.31,5968.61,0.0
2002/02/19,6000.61,6000.61,5685.82,5692.18,0.0
2002/02/21,5766.4,5769.59,5532.17,5609.83,0.0
2002/02/25,5644.22,5663.62,5492.94,5499.79,0.0
2002/02/27,5536.81,5736.22,5536.81,5680.78,0.0
2002/03/04,5878.46,6033.71,5834.26,5957.75,633032704.0
2002/03/06,5955.27,6137.01,5942.28,6048.15,2013065408.0
2002/03/08,6077.7,6212.28,5971.91,6196.26,2077065408.0
2002/03/12,6198.75,6208.58,6068.23,6088.34,1030065408.0
2002/03/14,6045.55,6112.64,5939.46,5951.45,330032704.0
2002/03/18,5999.6,6007.66,5877.39,5906.73,0.0
2002/03/20,5948.0,6080.45,5900.34,6046.52,0.0
2002/03/22,6149.16,6243.51,6127.04,6219.17,2067065408.0
2002/03/26,6206.18,6326.43,6139.18,6147.75,881032704.0
2002/03/28,6190.08,6265.02,6100.72,6167.47,1272032704.0
2002/04/01,6118.45,6326.13,6118.45,6243.46,928032704.0
2002/04/03,6220.49,6307.32,6164.06,6207.09,3294065408.0
2002/04/08,6204.57,6246.32,6069.07,6069.85,1707065408.0
2002/04/10,6036.08,6145.57,6016.04,6073.76,0.0
2002/04/12,6036.45,6261.78,6009.45,6196.0,5032704.0
2002/04/16,6249.93,6413.76,6222.43,6390.68,2092032704.0
2002/04/18,6434.46,6460.87,6373.97,6448.12,3009065408.0
2002/04/22,6470.45,6484.93,6372.4,6390.62,2586065408.0
2002/04/24,6403.77,6464.42,6348.42,6355.59,775032704.0
2002/04/26,6359.95,6369.95,6175.71,6205.09,104032704.0
2002/04/30,6201.84,6214.47,5855.96,5867.83,0.0
2002/05/03,5785.73,5910.67,5601.5,5642.48,0.0
2002/05/07,5525.3,5777.47,5525.3,5711.53,0.0
2002/05/09,5884.28,5884.28,5647.75,5807.3,0.0
2002/05/13,5751.46,5822.66,5718.6,5755.92,0.0
2002/05/15,5836.22,5933.68,5795.84,5801.47,0.0
2002/05/17,5830.72,5865.44,5564.96,5574.71,0.0
2002/05/21,5497.98,5544.18,5421.8,5541.64,0.0
2002/05/23,5536.41,5718.74,5526.74,5706.4,0.0
2002/05/27,5624.81,5796.73,5623.88,5669.53,0.0
2002/05/29,5620.87,5751.89,5565.0,5736.19,0.0
2002/05/31,5718.29,5718.29,5517.62,5571.08,2008000000.0
2002/06/04,5443.87,5626.31,5443.87,5599.42,1904000000.0
2002/06/06,5613.66,5656.91,5423.26,5433.02,0.0
2002/06/10,5477.01,5540.56,5391.75,5405.42,0.0
2002/06/12,5380.07,5580.07,5357.12,5562.23,527032704.0
2002/06/14,5539.21,5621.05,5531.64,5537.81,0.0
2002/06/18,5625.15,5625.15,5388.46,5399.5,0.0
2002/06/20,5333.83,5516.55,5264.35,5460.53,0.0
2002/06/24,5440.61,5467.25,5299.19,5316.04,0.0
2002/06/26,5225.58,5233.76,5048.31,5071.76,0.0
2002/06/28,5143.41,5181.37,4947.63,4969.32,1738000000.0
2002/07/02,4881.12,5054.25,4808.16,5047.82,2075000000.0
2002/07/04,5064.43,5255.23,5024.44,5255.23,0.0
2002/07/08,5350.31,5417.1,5310.73,5388.52,0.0
2002/07/10,5315.81,5332.06,5162.26,5202.59,0.0
2002/07/12,5287.46,5440.06,5287.46,5393.01,0.0
2002/07/16,5441.97,5460.09,5202.83,5250.82,0.0
2002/07/18,5257.89,5315.79,5133.29,5161.92,0.0
2002/07/22,5064.51,5159.23,4979.85,5159.23,0.0
2002/07/24,5066.87,5171.51,4998.84,5045.07,0.0
2002/07/26,4902.5,4917.26,4796.45,4858.44,0.0
2002/07/30,4971.98,5019.82,4927.44,4940.38,0.0
2002/08/01,4923.29,4970.36,4805.77,4920.89,2121000000.0
2002/08/05,4684.55,4737.77,4506.6,4572.35,2066000000.0
2002/08/07,4696.4,4764.03,4677.02,4700.23,0.0
2002/08/09,4802.41,4895.63,4786.21,4852.07,0.0
2002/08/13,4845.0,4887.43,4787.96,4887.43,1911000000.0
2002/08/15,4966.04,5008.35,4895.83,4919.02,0.0
2002/08/19,4937.77,4953.01,4875.89,4919.26,2119000000.0
2002/08/21,4886.78,4989.13,4856.03,4956.49,1809000000.0
2002/08/23,5005.74,5030.24,4899.5,4935.92,1860000000.0
2002/08/27,4947.8,4958.78,4775.74,4789.63,2145000000.0
2002/08/29,4770.91,4812.95,4747.42,4764.94,1848000000.0
2002/09/02,4756.01,4756.01,4577.94,4588.06,1829000000.0
2002/09/04,4499.51,4595.91,4459.37,4459.37,0.0
2002/09/09,4475.99,4668.01,4438.91,4668.01,1826000000.0
2002/09/11,4690.88,4707.55,4609.7,4647.37,1901000000.0
2002/09/13,4590.79,4613.47,4451.2,4457.16,3619000000.0
2002/09/17,4478.58,4633.86,4463.86,4482.65,2104000000.0
2002/09/19,4502.03,4542.84,4369.51,4429.25,3882000000.0
2002/09/23,4424.16,4450.08,4272.6,4286.94,3790000000.0
2002/09/25,4277.0,4287.63,4127.59,4222.22,0.0
2002/09/27,4240.48,4279.0,4082.94,4191.81,3826000000.0
2002/10/01,4146.67,4260.41,4143.62,4171.76,1974000000.0
2002/10/03,4138.29,4140.23,4014.21,4067.79,3888000000.0
2002/10/07,4020.42,4020.42,3874.25,3964.28,3842000000.0
2002/10/09,3974.51,4031.57,3845.76,3850.04,2102000000.0
2002/10/14,3885.68,4132.08,3847.1,4131.47,1899000000.0
2002/10/16,4249.23,4298.5,4155.02,4280.81,0.0
2002/10/18,4373.17,4489.63,4360.66,4463.52,778032704.0
2002/10/22,4512.82,4593.4,4352.32,4589.88,1298065408.0
2002/10/24,4611.42,4633.09,4516.07,4564.06,586032704.0
2002/10/28,4630.84,4682.94,4541.27,4554.13,148032704.0
2002/10/30,4537.86,4605.44,4448.03,4579.14,0.0
2002/11/01,4596.69,4626.29,4486.34,4583.68,0.0
2002/11/05,4631.71,4732.57,4552.94,4725.34,299032704.0
2002/11/07,4757.36,4811.01,4705.27,4811.01,1613065408.0
2002/11/11,4790.94,4794.74,4603.62,4676.47,88032704.0
2002/11/13,4697.5,4740.71,4634.97,4665.56,502065408.0
2002/11/15,4770.02,4862.66,4767.07,4790.61,2338065408.0
2002/11/19,4784.04,4799.19,4637.92,4653.5,0.0
2002/11/21,4722.06,4746.68,4573.08,4707.61,0.0
2002/11/25,4731.31,4772.36,4661.04,4677.89,0.0
2002/11/27,4641.99,4712.01,4588.4,4612.6,0.0
2002/11/29,4637.25,4683.18,4609.66,4683.18,0.0
2002/12/03,4684.12,4805.65,4675.16,4727.49,0.0
2002/12/05,4725.0,4771.67,4718.05,4738.98,0.0
2002/12/09,4826.12,4867.23,4718.38,4755.01,1070065408.0
2002/12/11,4786.34,4832.54,4623.3,4669.7,1710032704.0
2002/12/13,4652.57,4678.15,4537.41,4582.05,0.0
2002/12/17,4627.71,4633.65,4517.61,4535.93,0.0
2002/12/19,4498.13,4605.72,4480.98,4595.67,1913032704.0
2002/12/23,4607.79,4627.72,4539.34,4544.5,0.0
2002/12/25,4542.38,4567.37,4462.21,4567.37,0.0
2002/12/27,4560.42,4588.74,4445.34,4457.75,0.0
2002/12/31,4455.92,4553.11,4413.14,4524.87,2103000000.0
2003/01/03,4618.24,4710.31,4602.24,4689.86,848065408.0
2003/01/07,4759.81,4859.78,4695.44,4836.93,3377065408.0
2003/01/09,4833.55,4884.64,4798.16,4850.8,1853032704.0
2003/01/13,4895.3,5057.21,4895.3,4992.42,1536032704.0
2003/01/15,5039.76,5082.39,4943.29,4943.29,2108032704.0
2003/01/17,4955.94,4983.81,4875.74,4951.03,1785065408.0
2003/01/21,4972.85,5031.68,4905.79,4993.27,1606032704.0
2003/01/23,5035.79,5141.8,5035.79,5057.32,0.0
2003/01/27,5037.1,5055.31,4942.89,5015.16,2044065408.0
2003/02/06,4975.65,4975.65,4641.06,4735.37,1294065408.0
2003/02/10,4696.57,4715.18,4613.62,4618.98,0.0
2003/02/12,4599.67,4666.21,4507.96,4507.96,0.0
2003/02/14,4562.24,4707.73,4463.06,4705.08,0.0
2003/02/18,4698.1,4698.1,4550.83,4550.83,0.0
2003/02/20,4555.65,4606.75,4520.76,4548.35,0.0
2003/02/24,4585.8,4613.08,4454.35,4454.35,0.0
2003/02/26,4478.14,4495.64,4385.61,4432.46,0.0
2003/03/03,4483.44,4546.85,4472.17,4499.69,0.0
2003/03/05,4457.46,4475.97,4385.58,4397.44,0.0
2003/03/07,4352.73,4403.39,4308.52,4319.99,1799000000.0
2003/03/11,4272.02,4328.15,4240.6,4328.15,0.0
2003/03/13,4320.48,4532.97,4298.46,4476.17,0.0
2003/03/17,4441.8,4569.12,4357.88,4539.72,1971000000.0
2003/03/19,4533.45,4613.69,4495.03,4599.25,0.0
2003/03/21,4589.81,4619.98,4565.05,4570.68,1902000000.0
2003/03/25,4473.56,4537.0,4473.56,4496.05,3288000000.0
2003/03/27,4467.74,4517.51,4465.28,4477.01,3329000000.0
2003/03/31,4442.1,4442.1,4275.39,4337.61,3600000000.0
2003/04/02,4339.16,4411.07,4295.15,4358.39,3661000000.0
2003/04/04,4343.43,4597.23,4339.2,4575.83,0.0
2003/04/08,4559.22,4606.9,4509.3,4537.39,0.0
2003/04/10,4537.15,4597.5,4521.17,4530.4,0.0
2003/04/14,4540.09,4549.64,4456.96,4487.59,3819000000.0
2003/04/16,4541.66,4628.0,4541.66,4566.66,0.0
2003/04/18,4633.59,4677.42,4609.47,4648.12,0.0
2003/04/22,4622.25,4626.46,4546.2,4564.93,0.0
2003/04/24,4538.37,4538.37,4231.56,4233.54,0.0
2003/04/28,4126.25,4227.82,4044.73,4200.32,0.0
2003/04/30,4260.08,4268.84,4108.67,4187.82,0.0
2003/05/05,4167.42,4250.89,4146.14,4220.45,2123000000.0
2003/05/07,4253.43,4276.69,4191.25,4191.25,1818000000.0
2003/05/09,4194.55,4296.72,4194.55,4261.02,1893000000.0
2003/05/13,4320.13,4362.34,4317.99,4341.1,1989000000.0
2003/05/15,4329.98,4365.11,4283.77,4283.77,3656000000.0
2003/05/19,4259.88,4263.81,4194.22,4251.59,2800000000.0
2003/05/21,4248.68,4271.3,4184.85,4271.3,3351000000.0
2003/05/23,4295.76,4465.57,4289.53,4465.57,0.0
2003/05/27,4463.36,4558.53,4445.74,4474.41,0.0
2003/05/29,4496.5,4639.01,4472.59,4555.9,422032704.0
2003/06/02,4620.54,4717.19,4612.1,4678.08,558032704.0
2003/06/05,4743.98,4779.4,4701.35,4740.45,469032704.0
2003/06/09,4725.84,4854.04,4715.82,4832.2,1173065408.0
2003/06/11,4872.46,4914.41,4804.65,4878.43,1592065408.0
2003/06/13,4878.47,4934.87,4865.91,4892.36,332065408.0
2003/06/17,4978.43,5089.08,4953.26,4999.07,1731032704.0
2003/06/19,5038.34,5078.79,4982.37,5002.58,1754032704.0
2003/06/23,5014.8,5036.86,4868.85,4909.31,533032704.0
2003/06/25,4923.85,4959.4,4894.01,4894.01,45032704.0
2003/06/27,4936.11,4949.49,4856.33,4872.15,0.0
2003/07/01,4893.58,5121.73,4893.58,5095.24,642032704.0
2003/07/03,5167.86,5197.72,5085.85,5151.85,1435032704.0
2003/07/07,5227.31,5416.98,5214.09,5367.97,0.0
2003/07/09,5365.98,5410.62,5282.38,5282.38,2019032704.0
2003/07/11,5234.02,5390.86,5179.36,5349.94,3251065408.0
2003/07/15,5399.26,5435.12,5326.08,5413.87,1729032704.0
2003/07/17,5389.52,5429.92,5250.03,5287.38,641032704.0
2003/07/21,5338.53,5349.2,5213.06,5261.01,210032704.0
2003/07/23,5299.12,5402.75,5277.3,5402.75,948032704.0
2003/07/25,5389.89,5504.38,5379.81,5451.8,2280065408.0
2003/07/29,5463.14,5464.95,5278.81,5307.18,283032704.0
2003/07/31,5294.52,5408.15,5260.83,5390.51,0.0
2003/08/04,5393.1,5407.5,5259.45,5259.45,0.0
2003/08/06,5214.09,5286.99,5193.18,5259.07,0.0
2003/08/08,5270.95,5315.18,5174.77,5214.6,0.0
2003/08/12,5250.45,5454.36,5245.09,5442.27,1012032704.0
2003/08/14,5463.54,5540.0,5410.12,5488.74,2476065408.0
2003/08/18,5528.09,5594.93,5480.64,5512.16,1279065408.0
2003/08/20,5548.84,5612.15,5522.42,5611.86,10032704.0
2003/08/22,5648.94,5692.93,5626.6,5686.85,1455065408.0
2003/08/26,5656.07,5656.07,5542.43,5553.43,66032704.0
2003/08/28,5596.56,5657.05,5504.52,5650.83,30032704.0
2003/09/01,5690.84,5726.48,5651.04,5715.95,248032704.0
2003/09/03,5751.37,5756.08,5624.75,5625.63,464032704.0
2003/09/05,5670.3,5751.99,5609.24,5727.01,0.0
2003/09/09,5786.97,5800.8,5591.33,5623.43,267032704.0
2003/09/12,5627.35,5654.44,5600.18,5623.22,0.0
2003/09/16,5606.17,5779.95,5605.99,5747.14,0.0
2003/09/18,5747.23,5809.43,5697.82,5757.91,385032704.0
2003/09/22,5732.81,5750.14,5641.71,5684.01,0.0
2003/09/24,5704.01,5722.36,5633.07,5688.23,0.0
2003/09/26,5690.87,5703.75,5627.43,5643.5,0.0
2003/09/30,5672.77,5677.12,5560.55,5581.66,0.0
2003/10/02,5644.5,5759.0,5639.98,5747.79,0.0
2003/10/06,5810.84,5879.68,5782.89,5856.68,2151065408.0
2003/10/08,5860.4,5872.98,5800.82,5869.88,2012065408.0
2003/10/13,5907.21,6020.22,5906.96,5938.42,3149065408.0
2003/10/15,5967.93,6037.53,5913.28,6035.74,2263065408.0
2003/10/17,6063.4,6085.62,6016.1,6077.89,2325065408.0
2003/10/21,6105.03,6116.58,6013.08,6041.86,2248065408.0
2003/10/23,5971.42,5997.82,5918.14,5918.14,20032704.0
2003/10/27,5946.02,6087.32,5941.09,6075.45,883032704.0
2003/10/29,6173.85,6173.85,6066.62,6108.13,966065408.0
2003/10/31,6110.78,6117.86,6024.97,6087.45,623065408.0
2003/11/04,6147.05,6167.15,6102.42,6142.32,1632065408.0
2003/11/06,6160.85,6182.2,5958.87,6056.83,260032704.0
2003/11/10,6053.14,6094.7,5971.13,6022.08,0.0
2003/11/12,6024.04,6060.79,5982.75,6035.44,0.0
2003/11/14,6040.31,6059.66,5942.41,5952.32,0.0
2003/11/18,5941.82,5966.51,5826.59,5865.51,0.0
2003/11/20,5872.61,5901.11,5749.19,5830.06,0.0
2003/11/24,5845.49,5917.7,5802.69,5861.18,0.0
2003/11/26,5872.19,5881.46,5740.57,5740.57,0.0
2003/11/28,5804.82,5878.13,5752.15,5870.17,0.0
2003/12/02,5919.23,5927.56,5882.08,5884.97,0.0
2003/12/04,5895.28,5945.53,5888.23,5900.05,0.0
2003/12/08,5869.16,5881.71,5830.3,5859.56,2125000000.0
2003/12/10,5813.28,5868.57,5773.75,5867.05,0.0
2003/12/12,5912.93,5924.24,5849.42,5924.24,0.0
2003/12/16,5876.56,5910.63,5718.44,5752.01,0.0
2003/12/18,5743.03,5829.02,5724.94,5759.23,0.0
2003/12/22,5782.09,5858.34,5773.64,5845.51,0.0
2003/12/24,5865.93,5900.1,5845.64,5853.7,0.0
2003/12/26,5873.4,5881.33,5804.89,5804.89,0.0
2003/12/30,5845.17,5900.82,5813.34,5890.69,0.0
2004/01/02,5907.15,6137.91,5907.15,6125.42,866032704.0
2004/01/06,6170.02,6215.45,6110.69,6141.25,3875065408.0
2004/01/08,6180.36,6257.89,6142.24,6226.98,2492065408.0
2004/01/12,6225.23,6255.94,6195.64,6210.22,0.0
2004/01/14,6195.09,6306.95,6190.35,6264.37,1576065408.0
2004/01/16,6300.76,6399.82,6264.04,6384.63,2321065408.0
2004/01/28,6360.71,6421.45,6303.21,6312.65,0.0
2004/01/30,6331.71,6388.97,6319.96,6319.96,3525065408.0
2004/02/03,6281.53,6297.92,6210.35,6241.39,2952065408.0
2004/02/05,6241.92,6384.09,6241.92,6353.35,1858032704.0
2004/02/09,6442.84,6503.24,6422.62,6488.34,323065408.0
2004/02/11,6518.16,6578.82,6397.34,6436.95,1376130816.0
2004/02/13,6467.15,6590.25,6459.14,6565.37,0.0
2004/02/17,6586.49,6661.13,6576.22,6605.85,141065408.0
2004/02/19,6647.86,6708.04,6626.47,6665.54,366065408.0
2004/02/23,6686.67,6695.45,6589.23,6589.23,0.0
2004/02/25,6619.69,6730.96,6595.24,6693.25,0.0
2004/02/27,6732.63,6896.36,6713.67,6888.43,1451065408.0
2004/03/02,6964.66,7003.88,6897.36,6932.17,1779065408.0
2004/03/04,6963.23,7135.0,6943.47,6943.68,1496065408.0
2004/03/08,6997.66,7025.11,6865.2,6973.9,1676887704.0
2004/03/10,6967.16,6995.48,6805.71,6879.11,1555073704.0
2004/03/12,6781.11,6897.78,6635.98,6635.98,0.0
2004/03/16,6645.43,6669.93,6564.31,6577.98,1064166704.0
2004/03/18,6572.73,6833.49,6570.53,6815.09,0.0
2004/03/22,6360.33,6368.03,6020.64,6172.89,1567760408.0
2004/03/24,6265.74,6265.74,6100.83,6156.73,1371132704.0
2004/03/26,6227.17,6474.17,6117.27,6474.11,810902408.0
2004/03/30,6492.93,6569.56,6441.43,6522.19,3809644408.0
2004/04/01,6504.54,6581.99,6459.74,6545.54,2007304408.0
2004/04/05,6627.23,6744.56,6555.41,6635.54,1938645704.0
2004/04/07,6642.43,6690.45,6606.83,6672.86,536728408.0
2004/04/09,6650.31,6801.5,6607.89,6777.78,531984704.0
2004/04/13,6824.23,6880.18,6766.87,6880.18,0.0
2004/04/15,6905.16,6916.31,6729.16,6818.2,0.0
2004/04/19,6852.45,6870.71,6767.17,6799.97,1809105704.0
2004/04/21,6801.75,6912.09,6678.7,6732.09,1439600704.0
2004/04/23,6791.36,6806.98,6694.59,6710.7,701156704.0
2004/04/27,6717.52,6720.14,6556.87,6574.75,6649704.0
2004/04/29,6484.98,6516.03,6023.58,6117.81,3100489408.0
2004/05/03,6102.6,6191.84,5986.85,6188.15,0.0
2004/05/05,6190.9,6190.9,5818.57,5909.79,1449282408.0
2004/05/07,5892.94,6040.26,5803.74,5825.05,0.0
2004/05/11,5855.72,6026.64,5704.21,5958.79,0.0
2004/05/13,5928.57,5971.44,5777.32,5777.32,0.0
2004/05/17,5632.58,5632.58,5450.72,5557.68,0.0
2004/05/19,5690.18,5926.27,5684.52,5815.33,830234408.0
2004/05/21,5836.08,6021.5,5805.72,5942.08,700342704.0
2004/05/25,5917.08,6116.45,5917.08,6027.27,366235704.0
2004/05/27,6068.95,6137.26,6001.44,6137.26,0.0
2004/05/31,6106.19,6106.19,5895.17,5986.2,0.0
2004/06/02,5908.01,5945.54,5671.45,5671.45,0.0
2004/06/04,5667.08,5938.04,5630.12,5935.82,0.0
2004/06/08,6004.99,6010.5,5937.73,5965.7,232997704.0
2004/06/10,5915.96,5938.61,5728.2,5735.07,0.0
2004/06/14,5753.23,5782.67,5514.17,5646.49,0.0
2004/06/16,5722.18,5722.18,5526.6,5664.35,0.0
2004/06/18,5628.8,5666.61,5542.36,5556.54,0.0
2004/06/23,5591.79,5799.81,5591.79,5779.09,0.0
2004/06/25,5767.38,5827.97,5680.51,5709.84,0.0
2004/06/29,5672.72,5851.17,5652.44,5839.44,0.0
2004/07/01,5849.74,5870.59,5716.77,5746.7,0.0
2004/07/05,5687.61,5733.57,5627.72,5733.57,2033170000.0
2004/07/07,5643.65,5780.68,5643.65,5713.39,0.0
2004/07/09,5736.95,5804.92,5694.76,5758.74,0.0
2004/07/13,5718.18,5720.95,5623.65,5623.65,0.0
2004/07/15,5596.07,5611.64,5501.93,5502.14,0.0
2004/07/19,5483.61,5528.01,5314.6,5325.68,0.0
2004/07/21,5388.35,5440.66,5285.16,5387.96,0.0
2004/07/23,5372.35,5427.65,5297.26,5331.71,1814033000.0
2004/07/27,5335.56,5444.71,5280.42,5383.57,0.0
2004/07/29,5378.23,5450.38,5349.66,5420.57,1883396000.0
2004/08/02,5404.19,5404.19,5337.57,5367.22,4079560000.0
2004/08/04,5338.42,5442.32,5255.06,5427.61,1938233000.0
2004/08/06,5372.23,5466.29,5323.96,5399.45,1905278000.0
2004/08/10,5407.83,5438.43,5353.94,5367.34,2093554000.0
2004/08/12,5349.53,5408.76,5313.8,5389.93,1628474000.0
2004/08/16,5380.64,5391.36,5341.12,5342.49,3119638000.0
2004/08/18,5349.24,5605.04,5299.62,5602.99,132609704.0
2004/08/20,5601.35,5674.4,5591.03,5660.97,0.0
2004/08/26,5743.39,5837.61,5743.39,5797.71,1038997704.0
2004/08/30,5791.87,5864.57,5745.33,5765.54,221582704.0
2004/09/01,5799.82,5871.6,5799.82,5852.85,8702704.0
2004/09/03,5859.78,5880.21,5712.95,5775.99,747033704.0
2004/09/07,5786.19,5887.49,5786.19,5846.02,642692704.0
2004/09/09,5853.88,5898.8,5817.42,5846.19,0.0
2004/09/13,5917.61,5970.29,5888.95,5919.77,567535408.0
2004/09/15,5910.76,5929.79,5826.38,5891.05,0.0
2004/09/17,5901.79,5901.79,5814.15,5864.54,0.0
2004/09/21,5901.97,5970.18,5894.52,5970.18,169536704.0
2004/09/23,5921.68,5943.87,5882.88,5892.21,0.0
2004/09/27,5872.02,5884.25,5809.75,5809.75,0.0
2004/09/30,5864.05,5945.35,5827.38,5945.35,149747704.0
2004/10/04,6020.68,6111.23,6012.92,6081.01,229465704.0
2004/10/06,6093.22,6135.55,6060.61,6103.0,362486704.0
2004/10/08,6083.01,6115.93,6041.31,6089.28,71363704.0
2004/10/12,6073.47,6077.97,5957.47,5963.07,440985704.0
2004/10/14,5924.44,5924.44,5782.02,5820.82,0.0
2004/10/18,5848.15,5857.54,5765.32,5807.79,0.0
2004/10/20,5790.24,5849.18,5756.26,5797.24,0.0
2004/10/22,5833.63,5837.73,5655.98,5662.88,0.0
2004/10/27,5663.76,5735.24,5597.8,5695.56,0.0
2004/10/29,5693.11,5732.7,5628.25,5656.17,0.0
2004/11/02,5670.77,5862.85,5648.29,5862.85,0.0
2004/11/04,5864.12,5959.88,5831.55,5931.31,0.0
2004/11/08,5937.16,5947.51,5894.98,5945.2,0.0
2004/11/10,5948.38,5957.58,5873.28,5874.52,0.0
2004/11/12,5901.79,5974.35,5894.39,5906.69,0.0
2004/11/16,5917.42,6028.68,5894.98,6028.68,207341704.0
2004/11/18,6063.56,6088.12,6018.19,6026.55,2728704.0
2004/11/22,5962.32,5970.33,5790.27,5851.1,0.0
2004/11/24,5868.73,5925.08,5855.24,5855.24,0.0
2004/11/26,5883.59,5935.2,5756.41,5785.26,0.0
2004/11/30,5770.81,5844.76,5722.18,5798.62,0.0
2004/12/02,5861.52,5893.27,5826.51,5893.27,0.0
2004/12/06,5864.45,5927.68,5857.64,5925.28,0.0
2004/12/08,5908.92,5923.54,5879.88,5913.97,0.0
2004/12/10,5906.26,5978.96,5818.28,5878.89,0.0
2004/12/14,5908.13,6011.12,5873.4,6002.58,536474704.0
2004/12/16,6007.0,6028.75,5990.59,6009.32,0.0
2004/12/20,5913.27,6000.77,5910.04,5987.85,0.0
2004/12/22,6008.67,6043.77,5966.1,5997.67,0.0
2004/12/24,5989.77,6037.71,5973.17,5985.94,0.0
2004/12/28,5980.13,6102.89,5980.13,6088.49,71317704.0
2004/12/30,6109.98,6160.96,6077.51,6139.69,0.0
2005/01/03,6166.39,6183.15,6053.18,6060.46,0.0
2005/01/05,5999.47,6030.19,5971.58,5982.12,0.0
2005/01/07,5990.78,6007.34,5929.11,5942.85,0.0
2005/01/11,5948.07,5993.39,5878.39,5879.08,0.0
2005/01/13,5899.76,5922.26,5813.15,5889.52,0.0
2005/01/17,5955.62,5969.03,5926.8,5933.57,0.0
2005/01/19,5952.59,5961.78,5835.68,5888.1,0.0
2005/01/21,5877.31,5898.86,5763.84,5771.48,0.0
2005/01/25,5759.21,5847.41,5734.87,5835.37,0.0
2005/01/27,5849.23,5902.72,5820.72,5879.93,0.0
2005/01/31,5905.3,6015.78,5900.37,5981.54,184336704.0
2005/02/02,6016.33,6064.66,6006.23,6034.6,0.0
2005/02/14,6130.32,6148.95,6089.44,6122.39,0.0
2005/02/16,6134.53,6158.8,6072.16,6072.16,0.0
2005/02/18,6072.45,6172.27,6062.96,6142.78,109204704.0
2005/02/22,6155.54,6161.0,6048.63,6121.52,0.0
2005/02/24,6123.59,6233.53,6109.9,6207.83,744328704.0
2005/03/01,6227.42,6267.52,6207.78,6225.25,65348704.0
2005/03/03,6219.71,6219.71,6164.15,6193.62,0.0
2005/03/07,6224.44,6257.54,6156.98,6173.34,0.0
2005/03/09,6163.56,6227.13,6163.56,6192.53,0.0
2005/03/11,6225.75,6238.43,6151.8,6155.51,0.0
2005/03/15,6155.49,6169.52,6028.17,6072.36,0.0
2005/03/17,6021.8,6054.75,6002.1,6043.95,0.0
2005/03/21,6056.1,6077.94,5998.78,6018.79,0.0
2005/03/23,6005.36,6054.65,5970.2,6001.0,0.0
2005/03/25,6018.79,6093.19,6016.48,6048.74,0.0
2005/03/29,6035.77,6035.77,5940.18,5957.98,0.0
2005/03/31,6005.87,6028.99,5959.28,6028.75,0.0
2005/04/04,6013.7,6048.37,6006.3,6013.49,0.0
2005/04/07,6032.01,6043.1,5971.76,6024.07,0.0
2005/04/11,6021.33,6021.33,5955.24,5993.89,1969969000.0
2005/04/13,6004.49,6008.6,5964.33,5976.68,0.0
2005/04/15,5946.2,5946.2,5679.35,5715.16,0.0
2005/04/19,5736.97,5799.85,5683.0,5693.01,0.0
2005/04/21,5565.41,5799.73,5565.41,5747.09,0.0
2005/04/25,5753.24,5815.14,5727.42,5805.25,1927160000.0
2005/04/27,5806.69,5842.27,5755.08,5842.27,2033982000.0
2005/04/29,5810.34,5865.9,5780.97,5818.22,0.0
2005/05/04,5827.74,5957.87,5793.25,5927.5,0.0
2005/05/06,5932.04,5974.86,5917.02,5966.85,0.0
2005/05/10,5973.37,5976.83,5900.72,5917.13,0.0
2005/05/12,5917.99,6001.19,5906.37,5981.48,0.0
2005/05/16,5992.31,5997.77,5879.19,5894.01,0.0
2005/05/18,5901.08,5997.76,5889.47,5970.71,0.0
2005/05/20,5987.1,5996.11,5884.06,5885.45,1922020000.0
2005/05/24,5888.85,5956.64,5879.08,5888.53,0.0
2005/05/26,5903.01,5998.78,5883.18,5991.55,0.0
2005/05/30,5996.89,6026.53,5971.97,6011.56,0.0
2005/06/01,6002.55,6065.23,5962.88,6039.48,0.0
2005/06/03,6062.78,6140.74,6051.27,6137.57,696027704.0
2005/06/07,6144.25,6170.47,6096.84,6161.66,0.0
2005/06/09,6172.37,6198.3,6144.27,6192.35,349174704.0
2005/06/13,6194.9,6266.25,6167.78,6205.76,0.0
2005/06/15,6219.8,6298.35,6215.73,6282.41,0.0
2005/06/17,6304.24,6357.39,6272.97,6296.89,481752704.0
2005/06/21,6304.33,6381.23,6265.69,6357.83,40763704.0
2005/06/23,6382.6,6401.81,6324.22,6340.69,99381704.0
2005/06/27,6307.61,6342.45,6279.39,6316.84,0.0
2005/06/29,6370.14,6375.68,6231.65,6241.94,0.0
2005/07/01,6240.08,6288.96,6195.17,6271.2,0.0
2005/07/05,6269.78,6279.2,6221.03,6222.05,0.0
2005/07/07,6219.46,6230.51,6180.58,6201.4,0.0
2005/07/11,6255.4,6365.76,6249.41,6358.81,0.0
2005/07/13,6360.6,6427.32,6352.21,6418.35,15645704.0
2005/07/15,6428.44,6454.33,6387.86,6416.34,252318704.0
2005/07/20,6438.22,6480.97,6344.84,6394.03,968672408.0
2005/07/22,6412.87,6434.45,6365.38,6420.45,0.0
2005/07/26,6416.22,6439.98,6305.93,6327.25,0.0
2005/07/28,6347.89,6420.64,6310.63,6311.98,607192704.0
2005/08/01,6320.67,6360.43,6290.93,6343.54,0.0
2005/08/03,6391.68,6481.62,6379.51,6446.01,0.0
2005/08/08,6400.04,6408.05,6361.19,6380.0,0.0
2005/08/10,6408.86,6430.13,6326.37,6353.71,0.0
2005/08/12,6389.27,6398.72,6238.02,6245.13,0.0
2005/08/16,6262.87,6266.33,6207.58,6241.92,0.0
2005/08/18,6252.32,6260.28,6138.62,6158.94,0.0
2005/08/22,6194.89,6234.31,6181.51,6195.18,0.0
2005/08/24,6174.25,6174.79,6097.23,6109.66,0.0
2005/08/26,6130.83,6148.95,6031.2,6049.44,0.0
2005/08/30,6087.86,6087.86,5976.4,6033.47,0.0
2005/09/02,6081.71,6131.95,6075.35,6098.78,0.0
2005/09/06,6141.28,6168.51,6123.84,6141.14,0.0
2005/09/08,6157.47,6170.0,6108.4,6119.06,0.0
2005/09/12,6155.38,6172.6,6130.99,6169.08,0.0
2005/09/14,6159.97,6172.89,6079.57,6082.56,0.0
2005/09/16,6080.19,6086.88,6015.56,6035.59,2058086000.0
2005/09/20,6015.98,6121.62,5994.46,6067.34,0.0
2005/09/22,6017.25,6039.85,5899.59,5925.54,0.0
2005/09/26,5967.69,5975.98,5894.99,5945.05,0.0
2005/09/28,5943.12,6009.99,5912.88,6009.99,0.0
2005/09/30,6053.59,6139.22,6047.2,6123.92,0.0
2005/10/04,6141.74,6171.87,6114.02,6135.01,0.0
2005/10/06,6094.18,6112.83,6075.67,6081.84,0.0
2005/10/11,6097.88,6112.68,5987.4,5987.4,0.0
2005/10/13,5970.1,6006.96,5928.86,5969.07,0.0
2005/10/17,5990.23,5991.35,5805.7,5830.79,0.0
2005/10/19,5788.83,5788.83,5647.92,5748.0,0.0
2005/10/21,5678.62,5766.35,5678.62,5717.28,0.0
2005/10/25,5796.81,5803.67,5672.89,5700.72,0.0
2005/10/27,5663.24,5717.05,5618.9,5632.97,0.0
2005/10/31,5692.82,5829.82,5681.2,5798.41,0.0
2005/11/02,5832.34,5908.69,5816.9,5858.01,0.0
2005/11/04,5907.27,5930.24,5842.37,5860.39,0.0
2005/11/08,5865.91,5971.06,5836.24,5971.06,0.0
2005/11/10,5987.28,6075.26,5971.89,6075.26,0.0
2005/11/14,6066.24,6090.87,6003.48,6030.74,0.0
2005/11/16,6021.61,6079.3,5994.91,6020.94,0.0
2005/11/18,6084.07,6138.4,6077.98,6103.42,0.0
2005/11/22,6091.77,6123.52,6050.24,6123.52,0.0
2005/11/24,6122.97,6145.01,6104.11,6128.2,0.0
2005/11/28,6167.08,6212.35,6139.51,6139.51,0.0
2005/11/30,6172.96,6206.45,6162.86,6179.82,0.0
2005/12/02,6254.35,6348.31,6209.77,6348.31,0.0
2005/12/06,6319.13,6370.82,6290.6,6329.52,0.0
2005/12/08,6302.08,6316.58,6223.35,6264.36,0.0
2005/12/12,6272.61,6282.23,6206.83,6261.18,0.0
2005/12/14,6272.48,6280.52,6227.25,6258.47,0.0
2005/12/16,6293.41,6439.2,6293.41,6431.42,0.0
2005/12/20,6428.25,6481.56,6413.46,6471.89,0.0
2005/12/22,6501.37,6516.11,6417.2,6512.63,0.0
2005/12/26,6565.67,6573.97,6505.46,6531.59,0.0
2005/12/28,6492.8,6600.12,6479.34,6575.53,0.0
2005/12/30,6589.84,6600.17,6424.03,6462.06,0.0
2006/01/03,6476.2,6670.96,6457.09,6616.44,0.0
2006/01/05,6669.8,6761.01,6666.84,6694.82,0.0
2006/01/09,6752.09,6763.86,6678.84,6707.4,0.0
2006/01/11,6702.47,6797.2,6650.61,6725.61,0.0
2006/01/13,6729.58,6733.52,6664.8,6724.18,0.0
2006/01/17,6752.24,6775.73,6467.73,6498.92,0.0
2006/01/19,6514.71,6571.64,6442.78,6486.63,0.0
2006/01/23,6385.88,6478.5,6373.63,6451.94,0.0
2006/01/25,6500.63,6626.43,6477.34,6594.6,0.0
2006/02/06,6568.35,6747.43,6530.8,6720.08,0.0
2006/02/08,6712.87,6715.18,6620.32,6630.13,0.0
2006/02/10,6652.33,6652.33,6557.76,6562.29,0.0
2006/02/14,6553.28,6659.52,6540.71,6598.49,0.0
2006/02/16,6661.3,6726.73,6647.03,6673.75,0.0
2006/02/20,6652.55,6717.53,6631.51,6631.51,0.0
2006/02/22,6634.83,6650.71,6466.21,6474.69,0.0
2006/02/24,6474.05,6567.91,6473.8,6561.63,0.0
2006/03/01,6518.0,6685.45,6518.0,6642.96,0.0
2006/03/03,6643.79,6659.44,6531.5,6575.78,0.0
2006/03/07,6553.97,6557.15,6436.14,6459.57,0.0
2006/03/09,6476.96,6528.56,6465.23,6490.68,0.0
2006/03/13,6520.36,6551.13,6444.14,6460.01,0.0
2006/03/15,6516.14,6594.18,6478.71,6504.98,0.0
2006/03/17,6507.55,6569.53,6471.71,6516.52,0.0
2006/03/21,6525.3,6536.01,6387.36,6391.26,0.0
2006/03/23,6412.66,6418.48,6344.73,6376.62,0.0
2006/03/27,6408.2,6469.67,6399.08,6453.85,0.0
2006/03/29,6447.7,6559.21,6444.4,6546.06,0.0
2006/03/31,6564.86,6672.11,6564.86,6660.76,0.0
2006/04/04,6679.82,6760.82,6651.96,6760.82,0.0
2006/04/07,6758.82,6815.73,6722.39,6780.64,0.0
2006/04/11,6772.96,6813.66,6709.83,6808.5,0.0
2006/04/13,6850.19,6952.54,6828.95,6952.54,0.0
2006/04/17,6982.47,7015.91,6918.46,6989.46,0.0
2006/04/19,7073.32,7107.68,7030.89,7102.74,0.0
2006/04/21,7130.68,7160.74,7057.19,7096.04,0.0
2006/04/25,7125.9,7173.56,7047.96,7168.98,0.0
2006/04/27,7203.75,7229.35,7103.87,7171.77,0.0
2006/05/02,7174.93,7265.17,7141.91,7242.37,0.0
2006/05/04,7280.82,7455.83,7278.49,7370.44,0.0
2006/05/08,7438.41,7476.07,7364.19,7388.94,0.0
2006/05/10,7398.27,7426.37,7254.97,7361.45,0.0
2006/05/12,7269.92,7326.48,7167.03,7176.35,0.0
2006/05/16,7202.35,7202.9,7057.99,7116.83,0.0
2006/05/18,6989.48,7097.27,6987.65,7074.15,0.0
2006/05/22,7111.42,7112.42,6833.98,6843.98,0.0
2006/05/24,6904.28,6932.28,6791.11,6861.65,0.0
2006/05/26,6951.76,6976.33,6856.55,6878.88,0.0
2006/05/30,6910.3,6922.34,6829.4,6872.84,0.0
2006/06/02,6951.42,6967.38,6700.47,6715.27,0.0
2006/06/06,6684.58,6738.78,6612.74,6612.74,0.0
2006/06/08,6562.1,6564.1,6268.92,6444.63,0.0
2006/06/12,6384.32,6443.21,6328.38,6337.21,0.0
2006/06/14,6343.66,6535.13,6340.28,6426.39,0.0
2006/06/16,6589.7,6629.33,6541.33,6583.04,0.0
2006/06/20,6536.11,6552.17,6290.63,6299.59,0.0
2006/06/22,6427.71,6487.91,6362.23,6452.31,0.0
2006/06/26,6464.4,6622.81,6448.51,6572.39,0.0
2006/06/28,6500.38,6623.39,6481.65,6607.39,0.0
2006/06/30,6731.07,6735.34,6682.38,6718.5,0.0
2006/07/04,6748.47,6789.55,6651.55,6659.96,0.0
2006/07/06,6630.04,6671.74,6608.49,6660.61,0.0
2006/07/10,6609.86,6702.64,6588.55,6639.13,0.0
2006/07/12,6681.9,6725.42,6562.54,6567.6,0.0
2006/07/14,6472.29,6489.65,6232.49,6257.8,0.0
2006/07/18,6257.45,6359.82,6244.15,6277.24,0.0
2006/07/20,6423.61,6446.29,6373.59,6420.01,0.0
2006/07/24,6316.83,6435.83,6308.72,6390.99,0.0
2006/07/26,6389.49,6461.92,6360.11,6459.25,0.0
2006/07/28,6450.04,6531.11,6428.26,6454.58,0.0
2006/08/01,6464.59,6488.68,6421.78,6471.42,0.0
2006/08/03,6496.01,6514.9,6421.55,6442.61,0.0
2006/08/07,6425.99,6502.14,6405.09,6502.14,0.0
2006/08/09,6493.89,6606.28,6488.59,6578.61,0.0
2006/08/11,6612.48,6634.73,6559.27,6611.9,0.0
2006/08/15,6628.5,6699.83,6595.35,6696.63,0.0
2006/08/17,6752.99,6761.79,6719.75,6721.08,0.0
2006/08/21,6715.72,6715.72,6498.18,6590.2,0.0
2006/08/23,6584.66,6587.46,6454.71,6550.64,0.0
2006/08/25,6594.82,6600.94,6422.38,6444.76,0.0
2006/08/29,6485.98,6602.81,6460.67,6587.12,0.0
2006/08/31,6647.67,6667.62,6611.77,6651.46,0.0
2006/09/04,6706.51,6766.81,6706.51,6734.73,0.0
2006/09/06,6712.8,6747.98,6630.25,6685.23,0.0
2006/09/08,6664.11,6802.84,6654.77,6693.88,0.0
2006/09/12,6698.38,6698.38,6620.71,6664.87,0.0
2006/09/14,6687.57,6691.51,6550.03,6681.09,0.0
2006/09/18,6784.77,6915.08,6775.12,6881.87,0.0
2006/09/20,6850.4,6938.93,6839.69,6889.89,0.0
2006/09/22,6872.26,6921.36,6844.33,6911.21,0.0
2006/09/26,6945.04,6961.71,6899.37,6946.27,0.0
2006/09/28,6955.6,6961.92,6858.03,6883.05,0.0
2006/10/02,6907.43,6976.62,6907.43,6956.88,0.0
2006/10/04,6967.77,7004.42,6874.98,6997.24,0.0
2006/10/11,6984.45,7039.93,6983.46,6984.58,0.0
2006/10/13,7060.19,7159.85,7046.65,7151.42,464156172.0
2006/10/17,7133.85,7133.85,6980.07,7017.6,0.0
2006/10/19,7000.68,7048.09,6986.85,7039.37,0.0
2006/10/23,7041.7,7120.24,7008.13,7097.42,0.0
2006/10/25,7099.94,7119.55,7059.89,7080.84,0.0
2006/10/27,7112.54,7132.29,6995.1,6995.2,0.0
2006/10/31,7020.35,7058.69,7004.15,7013.99,0.0
2006/11/02,7008.42,7186.98,7005.13,7161.61,274765380.0
2006/11/06,7036.89,7219.06,7036.89,7184.65,287144055.0
2006/11/08,7200.77,7242.45,7146.72,7151.13,1249095513.0
2006/11/10,7159.8,7191.09,7130.57,7136.06,0.0
2006/11/14,7185.66,7269.01,7168.85,7236.85,1282319622.0
2006/11/16,7272.5,7290.25,7240.25,7259.54,493893484.0
2006/11/20,7266.4,7320.06,7228.97,7309.69,0.0
2006/11/22,7330.01,7430.9,7314.36,7384.69,1269843239.0
2006/11/24,7394.75,7506.07,7366.08,7498.15,1566144043.0
2006/11/28,7447.67,7513.51,7431.87,7474.19,1012457445.0
2006/11/30,7527.47,7621.81,7500.24,7613.57,3452858344.0
2006/12/04,7622.09,7703.25,7575.14,7609.9,3695185871.0
2006/12/06,7634.79,7716.85,7620.98,7686.52,1213410742.0
2006/12/08,7658.04,7658.04,7582.62,7612.12,120374021.0
2006/12/12,7604.75,7604.75,7369.09,7450.3,1091836958.0
2006/12/14,7456.31,7568.02,7428.38,7538.82,27651608.0
2006/12/18,7568.82,7648.76,7561.88,7598.88,366755658.0
2006/12/20,7627.94,7685.88,7614.45,7620.94,1040893425.0
2006/12/22,7636.73,7667.44,7621.48,7646.81,0.0
2006/12/26,7668.92,7790.31,7668.92,7733.18,1716105611.0
2006/12/28,7777.86,7823.72,7720.29,7823.72,898903187.0
2007/01/02,7871.41,7999.42,7843.6,7917.3,3123017631.0
2007/01/04,7929.89,7955.9,7821.71,7835.57,2360591804.0
2007/01/08,7778.57,7827.93,7736.11,7790.01,257791811.0
2007/01/10,7737.25,7748.96,7599.55,7618.55,2331884759.0
2007/01/12,7713.63,7814.85,7704.39,7783.5,203611878.0
2007/01/16,7792.77,7841.26,7747.58,7833.98,0.0
2007/01/18,7852.26,7896.95,7830.23,7840.08,108415531.0
2007/01/22,7866.17,7871.01,7784.21,7852.36,20719986.0
2007/01/24,7943.24,7990.55,7916.39,7923.77,276482307.0
2007/01/26,7825.75,7883.5,7746.37,7751.79,0.0
2007/01/30,7763.53,7778.69,7637.54,7699.64,0.0
2007/02/01,7751.3,7801.63,7679.78,7777.03,0.0
2007/02/05,7786.77,7875.75,7772.05,7875.75,0.0
2007/02/07,7894.77,7894.77,7790.63,7842.22,0.0
2007/02/09,7847.18,7884.55,7764.51,7776.36,0.0
2007/02/13,7782.07,7812.18,7725.81,7809.45,0.0
2007/02/26,7939.4,7950.2,7881.92,7901.96,0.0
2007/03/01,7707.63,7761.4,7625.99,7670.77,0.0
2007/03/05,7565.95,7565.95,7306.07,7495.72,263263393.0
2007/03/07,7496.92,7573.87,7449.67,7573.87,0.0
2007/03/09,7615.81,7640.14,7550.83,7629.15,0.0
2007/03/13,7664.7,7694.59,7526.48,7570.27,0.0
2007/03/15,7631.67,7743.37,7631.67,7719.8,12045974.0
2007/03/19,7739.56,7798.27,7713.78,7736.2,0.0
2007/03/21,7780.3,7856.99,7746.35,7823.67,0.0
2007/03/23,7834.62,7887.33,7806.89,7877.82,0.0
2007/03/27,7876.76,7928.03,7769.3,7788.14,0.0
2007/03/29,7765.07,7888.82,7764.05,7884.41,0.0
2007/04/02,7888.17,7932.91,7866.59,7932.91,458320574.0
2007/04/04,7989.65,8066.77,7970.46,8056.56,1219740646.0
2007/04/10,8064.54,8105.82,8002.49,8084.45,386709267.0
2007/04/12,8043.78,8108.5,7999.69,8002.3,275162907.0
2007/04/16,8088.83,8100.61,7952.18,7959.29,1514440687.0
2007/04/18,7981.36,8003.31,7883.92,7888.63,151024701.0
2007/04/20,7915.91,8062.7,7912.49,8010.46,0.0
2007/04/24,8011.81,8051.67,7984.65,7984.65,0.0
2007/04/26,8046.72,8052.55,7949.42,7949.42,0.0
2007/04/30,7956.03,7956.03,7843.05,7903.04,0.0
2007/05/03,7954.16,8066.06,7861.43,8066.06,4189477.0
2007/05/07,8122.2,8132.8,8083.18,8095.84,0.0
2007/05/09,8092.1,8105.09,8043.46,8096.86,0.0
2007/05/11,8026.36,8072.15,8013.83,8030.56,0.0
2007/05/15,8022.58,8041.55,7968.92,7988.57,0.0
2007/05/17,8029.6,8080.63,8013.89,8034.14,0.0
2007/05/21,8067.23,8205.89,8043.9,8188.63,0.0
2007/05/23,8232.53,8256.25,8207.96,8216.41,0.0
2007/05/25,8170.58,8201.65,8130.17,8156.82,0.0
2007/05/29,8178.7,8229.44,8110.28,8147.34,0.0
2007/05/31,8204.72,8261.67,8144.95,8249.9,0.0
2007/06/04,8310.09,8321.42,8267.59,8303.99,31705363.0
2007/06/07,8298.97,8368.56,8263.61,8300.71,0.0
2007/06/11,8351.03,8396.22,8328.61,8370.26,520219672.0
2007/06/13,8388.49,8476.13,8336.53,8450.72,704250073.0
2007/06/15,8519.38,8761.88,8511.07,8755.88,3067551049.0
2007/06/21,8789.09,8884.03,8722.15,8846.39,3030913114.0
2007/06/25,8882.3,8985.93,8856.29,8865.75,1436566855.0
2007/06/27,8862.29,8914.69,8820.68,8892.83,2377275231.0
2007/06/29,8932.18,8939.49,8849.04,8939.49,2407116783.0
2007/07/03,8983.24,9112.74,8977.09,9068.98,0.0
2007/07/05,9114.06,9199.66,9086.19,9188.31,0.0
2007/07/09,9246.44,9404.76,9239.2,9384.73,0.0
2007/07/11,9322.69,9400.37,9263.26,9354.41,0.0
2007/07/13,9530.72,9540.35,9403.73,9417.32,125299327.0
2007/07/17,9444.87,9574.69,9337.67,9485.35,759172805.0
2007/07/19,9449.72,9585.9,9441.79,9585.9,184527696.0
2007/07/23,9576.06,9745.32,9563.72,9744.06,692614059.0
2007/07/25,9683.97,9807.91,9566.42,9566.42,1852972144.0
2007/07/27,9244.62,9376.95,8996.81,9072.57,826723495.0
2007/07/31,9211.8,9307.81,8891.88,8891.88,0.0
2007/08/02,9076.11,9134.6,8727.64,9057.82,1570533660.0
2007/08/06,8865.58,9068.83,8856.91,8862.31,974813176.0
2007/08/08,8961.12,9219.02,8938.54,9182.6,2032462922.0
2007/08/10,8870.27,9030.93,8870.27,8938.96,2050342828.0
2007/08/14,8952.54,9023.26,8561.02,8593.04,1858904823.0
2007/08/16,8397.24,8438.08,7987.61,8090.29,3375549224.0
2007/08/20,8496.97,8586.73,8397.26,8479.08,402806375.0
2007/08/22,8487.24,8735.1,8432.32,8732.84,768469615.0
2007/08/24,8727.09,8849.96,8668.05,8718.31,0.0
2007/08/28,8697.15,8753.39,8514.47,8643.32,0.0
2007/08/30,8782.35,8982.16,8750.62,8982.16,1429182874.0
2007/09/03,9018.89,9027.77,8883.87,8922.98,563680222.0
2007/09/05,9017.51,9026.3,8841.64,9017.08,0.0
2007/09/07,9056.14,9078.47,8906.09,8937.58,0.0
2007/09/11,8981.34,9084.97,8953.37,9018.12,69232786.0
2007/09/13,9062.31,9062.31,8924.62,9031.63,0.0
2007/09/17,9039.28,9090.9,8874.71,8926.38,1646727203.0
2007/09/20,8987.52,9109.52,8950.62,9105.28,1146226725.0
2007/09/26,9180.93,9413.65,9178.77,9413.65,2965290957.0
2007/09/28,9447.33,9555.07,9411.95,9488.5,3183713858.0
2007/10/02,9622.3,9783.75,9587.7,9700.07,0.0
2007/10/04,9663.53,9676.35,9565.0,9617.26,1029191673.0
2007/10/08,9736.93,9744.97,9591.94,9639.83,1545609976.0
2007/10/11,9707.93,9731.16,9490.01,9496.47,2455242516.0
2007/10/15,9565.36,9618.03,9431.66,9592.47,999676143.0
2007/10/17,9582.19,9667.07,9492.89,9637.07,1549994140.0
2007/10/19,9666.58,9673.96,9275.72,9360.63,973061971.0
2007/10/23,9419.54,9640.49,9419.54,9442.62,867092183.0
2007/10/25,9546.85,9661.94,9503.83,9631.51,1083908590.0
2007/10/29,9743.73,9859.65,9727.58,9757.93,2932236964.0
2007/10/31,9777.58,9787.9,9556.22,9598.23,3247138384.0
2007/11/02,9373.41,9433.07,9129.49,9308.6,2392479371.0
2007/11/06,9324.61,9437.43,9278.01,9300.22,1040994720.0
2007/11/08,9096.03,9105.63,8853.81,8970.92,2527303726.0
2007/11/12,8755.37,8765.51,8599.39,8727.21,1099680383.0
2007/11/14,8965.66,8993.89,8897.89,8905.41,551682467.0
2007/11/16,8767.21,8838.28,8678.55,8680.71,0.0
2007/11/20,8483.61,8704.08,8372.05,8484.11,530599758.0
2007/11/22,8431.03,8573.74,8342.2,8342.2,0.0
2007/11/26,8462.93,8534.27,8207.97,8375.76,0.0
2007/11/28,8429.09,8481.45,8276.26,8447.03,0.0
2007/11/30,8499.23,8645.62,8499.23,8583.84,303548009.0
2007/12/04,8557.32,8705.87,8557.0,8676.95,0.0
2007/12/06,8784.69,8804.93,8654.86,8722.38,54531657.0
2007/12/10,8700.48,8706.58,8569.54,8638.33,0.0
2007/12/12,8495.59,8554.12,8187.95,8187.95,549773169.0
2007/12/14,8186.25,8202.94,7830.85,7830.85,736089090.0
2007/12/18,7730.79,8020.39,7664.62,8014.31,814778629.0
2007/12/20,8044.17,8048.0,7810.27,7941.44,0.0
2007/12/24,8074.44,8181.61,8061.31,8167.07,0.0
2007/12/26,8125.45,8355.28,8071.63,8313.72,78233671.0
2007/12/28,8269.32,8506.28,8269.32,8506.28,50669695.0
2008/01/02,8491.57,8532.92,8130.41,8184.2,0.0
2008/01/04,8134.04,8247.18,7883.37,7883.37,593517446.0
2008/01/08,7909.26,8085.06,7818.31,8085.06,741825503.0
2008/01/10,8153.08,8177.13,8026.34,8029.31,204955376.0
2008/01/14,8254.0,8546.2,8097.68,8428.84,1829271479.0
2008/01/16,8286.31,8375.06,8004.47,8101.63,2112543737.0
2008/01/18,7934.86,8220.63,7883.91,8110.2,2944390606.0
2008/01/22,7595.17,7741.99,7384.61,7408.4,1797764556.0
2008/01/24,7639.23,7739.59,7412.97,7739.59,1425295511.0
2008/01/28,7678.81,7705.61,7447.44,7576.42,0.0
2008/01/30,7604.29,7667.07,7400.74,7521.13,59350167.0
2008/02/01,7613.58,7706.03,7530.37,7553.3,0.0
2008/02/13,7644.8,7865.28,7533.6,7865.28,107522730.0
2008/02/15,7766.49,7988.02,7761.93,7890.9,0.0
2008/02/19,7985.47,8040.83,7855.48,7894.47,225025612.0
2008/02/21,7982.35,8108.71,7972.13,8108.71,953160748.0
2008/02/25,8228.92,8386.54,8228.92,8307.67,4190315012.0
2008/02/27,8401.12,8473.71,8362.94,8412.76,3780596706.0
2008/03/03,8213.7,8471.07,8147.27,8470.11,2181933300.0
2008/03/05,8493.97,8658.64,8439.35,8658.64,3988659867.0
2008/03/07,8537.24,8624.65,8286.57,8299.37,1908022170.0
2008/03/11,8206.74,8577.85,8206.74,8435.3,1353631956.0
2008/03/13,8408.46,8447.98,8120.49,8161.39,951842246.0
2008/03/17,8041.31,8082.57,7900.8,8057.82,594356000.0
2008/03/19,8215.8,8343.38,8124.67,8337.62,551969005.0
2008/03/21,8453.56,9049.23,8412.52,8865.35,1241238954.0
2008/03/25,8853.78,8899.26,8712.39,8768.02,136615015.0
2008/03/27,8698.16,8708.92,8559.1,8623.48,1857076116.0
2008/03/31,8605.9,8627.53,8419.72,8419.72,1890930945.0
2008/04/02,8578.59,8621.59,8519.67,8596.34,1540910526.0
2008/04/07,8638.63,8729.79,8619.99,8672.85,911975696.0
2008/04/09,8684.66,8829.4,8628.62,8829.4,1604532047.0
2008/04/11,8872.65,8937.12,8839.12,8892.68,707322994.0
2008/04/15,8931.08,9068.97,8885.32,9066.04,1968471854.0
2008/04/17,9185.58,9194.86,9025.01,9074.34,0.0
2008/04/21,9156.77,9160.1,8997.02,9037.25,3909992538.0
2008/04/23,9032.61,9079.43,8951.53,8990.33,2514254878.0
2008/04/25,9053.3,9079.6,8945.22,9079.6,2092948549.0
2008/04/29,9056.16,9077.77,8882.57,8919.92,1823909970.0
2008/05/02,8998.06,9010.71,8814.48,8837.07,2202232031.0
2008/05/06,8852.2,8977.9,8782.96,8926.34,1390543613.0
2008/05/08,8865.73,8896.31,8792.39,8792.39,1713766930.0
2008/05/12,8808.59,8995.35,8754.27,8989.53,980383697.0
2008/05/14,9038.85,9158.95,8994.17,9157.18,1128019777.0
2008/05/16,9211.21,9295.2,9171.39,9295.2,3791187234.0
2008/05/20,9309.95,9309.95,8973.15,9015.57,1413564651.0
2008/05/22,8898.94,9050.78,8834.73,8834.73,2679469641.0
2008/05/26,8808.74,8811.07,8706.78,8778.39,1718292825.0
2008/05/28,8826.94,8834.52,8665.73,8684.92,105851481.0
2008/05/30,8762.3,8765.99,8548.32,8724.47,2063255353.0
2008/06/03,8664.66,8693.48,8558.46,8627.8,0.0
2008/06/05,8649.72,8809.33,8520.8,8745.35,0.0
2008/06/09,8522.37,8602.11,8370.0,8370.0,0.0
2008/06/11,8402.31,8423.42,8053.07,8062.31,0.0
2008/06/13,8119.49,8227.39,8042.89,8169.77,641317317.0
2008/06/17,8182.35,8253.85,8067.96,8217.58,0.0
2008/06/19,8075.26,8107.2,7897.97,7902.44,0.0
2008/06/23,7767.59,7928.41,7738.12,7738.12,0.0
2008/06/25,7751.12,7904.9,7679.08,7811.8,0.0
2008/06/27,7489.97,7604.42,7466.2,7523.54,217175781.0
2008/07/01,7528.54,7569.18,7351.74,7353.86,0.0
2008/07/03,7190.75,7439.47,7115.07,7228.41,697678787.0
2008/07/07,7207.92,7343.63,7016.21,7051.85,0.0
2008/07/09,7153.68,7225.6,6976.6,7075.65,507596558.0
2008/07/11,7095.76,7270.49,7044.48,7156.96,252858154.0
2008/07/15,7022.98,7036.42,6708.46,6710.64,38853684.0
2008/07/17,6892.35,7075.5,6782.2,6815.32,347052531.0
2008/07/21,6991.71,7098.68,6991.71,7065.65,762889713.0
2008/07/23,7194.22,7368.08,7177.73,7368.08,722760677.0
2008/07/25,7213.32,7234.12,6958.89,7014.47,724188310.0
2008/07/30,7147.26,7151.33,6965.08,7024.06,0.0
2008/08/01,6920.75,7010.93,6903.85,6977.36,0.0
2008/08/05,7005.17,7026.24,6809.96,7026.24,0.0
2008/08/07,7022.28,7216.58,6993.2,7209.04,706514292.0
2008/08/11,7313.08,7357.69,7260.12,7293.8,468388199.0
2008/08/13,7272.49,7353.31,7213.11,7326.07,377939129.0
2008/08/15,7374.38,7376.69,6996.78,7000.74,0.0
2008/08/19,6876.23,7053.56,6849.83,7040.9,0.0
2008/08/21,6989.94,7017.1,6837.25,6911.64,0.0
2008/08/25,6974.07,7050.31,6917.31,6964.6,0.0
2008/08/27,6950.88,7127.84,6929.87,7033.37,0.0
2008/08/29,7092.85,7111.7,6801.22,6813.09,0.0
2008/09/02,6802.96,6811.57,6552.1,6584.93,0.0
2008/09/04,6534.67,6603.1,6211.35,6307.28,0.0
2008/09/08,6560.73,6668.45,6407.75,6424.77,0.0
2008/09/10,6396.28,6497.72,6249.52,6251.95,0.0
2008/09/12,6338.61,6354.68,6020.7,6052.45,0.0
2008/09/16,5748.17,6027.29,5724.52,5800.87,491240551.0
2008/09/18,5558.05,5982.64,5530.19,5970.38,195603333.0
2008/09/22,6156.86,6182.21,6011.71,6182.21,94026559.0
2008/09/24,6136.98,6198.48,6028.77,6060.83,493312100.0
2008/09/26,6095.14,6095.14,5534.72,5719.28,0.0
2008/10/01,5854.0,5854.0,5672.39,5703.72,0.0
2008/10/03,5611.51,5747.73,5505.7,5505.7,0.0
2008/10/07,5352.9,5539.31,5206.4,5206.4,0.0
2008/10/09,5183.43,5295.05,4971.36,5020.44,0.0
2008/10/14,5321.25,5321.25,5178.68,5246.26,0.0
2008/10/16,5069.07,5085.97,4924.73,4960.4,1771119069.0
2008/10/20,4845.31,5045.45,4805.68,4942.72,0.0
2008/10/22,4843.71,4955.61,4706.13,4730.51,1753282183.0
2008/10/24,4599.13,4603.56,4301.33,4366.87,1726544957.0
2008/10/28,4160.53,4622.55,4110.09,4406.52,384407211.0
2008/10/30,4448.51,4911.8,4448.51,4870.66,495661569.0
2008/11/03,4925.74,5015.12,4836.51,4992.63,157953444.0
2008/11/05,5077.01,5095.98,4688.11,4694.12,246631630.0
2008/11/07,4468.08,4777.23,4468.08,4740.27,0.0
2008/11/11,4652.63,4706.18,4545.86,4615.57,0.0
2008/11/13,4425.25,4541.35,4374.64,4452.7,0.0
2008/11/17,4362.53,4475.93,4265.05,4305.18,0.0
2008/11/19,4266.0,4320.85,4089.93,4089.93,0.0
2008/11/21,3962.69,4194.71,3955.43,4160.54,0.0
2008/11/25,4280.43,4323.94,4220.97,4271.8,0.0
2008/11/27,4348.49,4476.33,4348.49,4460.49,0.0
2008/12/01,4436.12,4567.76,4292.08,4356.98,0.0
2008/12/03,4346.05,4379.25,4209.91,4254.96,0.0
2008/12/05,4213.07,4424.09,4190.02,4418.33,0.0
2008/12/09,4479.14,4658.87,4456.44,4658.87,1122905347.0
2008/12/11,4665.04,4694.4,4401.05,4481.27,2227667517.0
2008/12/15,4604.5,4676.46,4532.41,4616.89,0.0
2008/12/17,4706.23,4725.06,4625.69,4694.81,1123612350.0
2008/12/19,4661.69,4750.96,4535.54,4535.54,245828295.0
2008/12/23,4517.05,4523.13,4325.46,4423.09,0.0
2008/12/25,4430.1,4466.75,4385.78,4425.08,0.0
2008/12/29,4429.35,4602.21,4381.49,4589.04,1836832327.0
2008/12/31,4627.98,4778.52,4537.52,4698.31,0.0
2009/01/06,4719.54,4817.44,4679.43,4789.84,451951534.0
2009/01/08,4670.62,4687.4,4472.45,4502.74,0.0
2009/01/12,4487.68,4532.36,4423.14,4532.36,0.0
2009/01/14,4538.25,4579.24,4315.62,4320.77,0.0
2009/01/16,4374.78,4398.53,4313.19,4366.76,2047718073.0
2009/01/20,4304.35,4304.35,4164.19,4247.97,0.0
2009/02/02,4277.1,4389.87,4240.08,4372.81,0.0
2009/02/04,4422.56,4422.56,4363.25,4363.25,0.0
2009/02/06,4438.3,4574.74,4432.16,4494.59,0.0
2009/02/10,4524.05,4575.95,4448.24,4575.95,0.0
2009/02/12,4581.3,4599.61,4466.42,4592.5,0.0
2009/02/16,4605.77,4607.97,4475.17,4491.78,0.0
2009/02/18,4455.75,4571.31,4428.29,4528.87,0.0
2009/02/20,4483.91,4513.99,4371.02,4477.78,0.0
2009/02/24,4407.95,4549.32,4394.76,4493.74,0.0
2009/02/26,4548.53,4564.32,4492.7,4557.15,0.0
2009/03/02,4528.27,4528.27,4328.05,4435.34,0.0
2009/03/04,4442.71,4677.89,4429.51,4637.2,759438587.0
2009/03/06,4604.84,4662.36,4578.05,4628.24,0.0
2009/03/10,4605.92,4798.06,4605.92,4759.96,1665158427.0
2009/03/12,4782.21,4923.57,4743.76,4897.39,1758559740.0
2009/03/16,4940.85,5050.63,4915.4,5041.39,2132575501.0
2009/03/18,5074.63,5125.4,5021.48,5035.93,3241582375.0
2009/03/20,5060.25,5124.18,4961.62,5124.18,1152595807.0
2009/03/24,5237.78,5365.81,5205.94,5346.38,0.0
2009/03/26,5374.77,5468.49,5335.35,5390.7,0.0
2009/03/30,5362.9,5362.9,5166.87,5210.84,2622479351.0
2009/04/01,5271.83,5477.97,5271.83,5473.78,958118058.0
2009/04/03,5541.34,5624.28,5482.18,5556.22,7824895.0
2009/04/07,5497.88,5608.96,5435.04,5443.56,1745886960.0
2009/04/09,5532.99,5788.21,5526.13,5781.96,0.0
2009/04/13,5814.17,5898.76,5765.81,5892.68,0.0
2009/04/15,5879.86,6025.85,5798.62,5997.17,0.0
2009/04/17,6068.55,6071.06,5648.1,5781.66,3629505991.0
2009/04/21,5665.94,5925.92,5663.56,5886.11,3523661691.0
2009/04/23,5900.45,5987.23,5789.27,5880.77,1854592075.0
2009/04/27,5931.87,5946.97,5596.73,5596.73,3767460384.0
2009/04/29,5627.54,5995.12,5571.93,5992.57,2358011975.0
2009/05/04,6285.6,6562.77,6256.29,6379.94,693005574.0
2009/05/06,6389.55,6628.54,6372.94,6572.87,2559604829.0
2009/05/08,6510.22,6680.97,6483.21,6647.5,0.0
2009/05/12,6550.28,6553.69,6404.93,6485.14,1962182527.0
2009/05/14,6362.77,6520.04,6339.47,6489.09,0.0
2009/05/18,6516.13,6784.26,6457.14,6655.59,261203329.0
2009/05/20,6708.54,6746.1,6590.79,6718.81,0.0
2009/05/22,6650.51,6878.66,6650.51,6734.46,0.0
2009/05/26,6780.37,6930.59,6649.95,6890.44,0.0
2009/06/01,7033.33,7084.83,6892.69,6949.08,220400530.0
2009/06/03,6915.0,6931.29,6716.33,6786.06,2936713979.0
2009/06/05,6825.73,6907.32,6628.02,6628.02,1690981606.0
2009/06/09,6636.84,6640.44,6389.94,6462.27,1701728086.0
2009/06/11,6458.62,6586.2,6353.78,6448.23,522602687.0
2009/06/15,6362.22,6383.98,6143.24,6220.81,86192833.0
2009/06/17,6239.51,6306.46,6100.08,6144.53,0.0
2009/06/19,6187.97,6348.74,6151.51,6341.21,0.0
2009/06/23,6206.31,6511.97,6191.63,6380.08,743235924.0
2009/06/25,6427.88,6527.86,6404.38,6463.56,619975133.0
2009/06/29,6512.42,6522.13,6381.42,6432.16,0.0
2009/07/01,6445.85,6686.7,6433.69,6667.53,811799058.0
2009/07/03,6632.98,6693.44,6607.62,6649.91,22132037.0
2009/07/07,6675.81,6745.31,6629.83,6668.14,292974195.0
2009/07/09,6696.72,6807.46,6696.72,6769.86,929785271.0
2009/07/13,6795.23,6797.72,6525.9,6639.41,376178669.0
2009/07/15,6672.28,6878.68,6651.86,6780.3,1485989320.0
2009/07/17,6851.96,6961.45,6791.75,6938.86,1181670617.0
2009/07/21,6995.5,7030.13,6904.88,6985.32,2643535113.0
2009/07/23,6987.79,7046.46,6926.27,6973.28,1794619584.0
2009/07/27,7008.18,7142.63,6954.3,7142.63,1355860097.0
2009/07/29,7185.52,7185.52,6944.5,7027.11,2463292002.0
2009/07/31,7111.15,7132.11,6986.29,7056.71,2375141146.0
2009/08/04,7129.43,7138.94,6827.16,6848.24,808454276.0
2009/08/06,6886.7,6909.16,6775.87,6882.87,821737767.0
2009/08/11,6904.45,6933.51,6812.06,6898.9,0.0
2009/08/13,6949.5,7132.33,6931.55,7069.51,420687021.0
2009/08/17,7034.27,7051.78,6746.3,6789.77,0.0
2009/08/19,6843.69,6854.59,6647.32,6733.23,0.0
2009/08/21,6785.7,6859.79,6629.1,6838.25,0.0
2009/08/25,6840.27,6865.92,6663.84,6719.21,0.0
2009/08/27,6678.24,6824.65,6658.73,6809.86,0.0
2009/08/31,6844.91,7019.75,6760.05,7019.75,145922883.0
2009/09/02,6966.18,7131.31,6961.01,7104.65,401736107.0
2009/09/04,7167.24,7240.34,7121.21,7224.59,324269791.0
2009/09/08,7263.23,7363.11,7202.69,7250.72,1408979066.0
2009/09/10,7507.49,7507.49,7286.82,7337.14,1440174565.0
2009/09/14,7337.04,7362.16,7218.18,7346.26,0.0
2009/09/16,7414.96,7513.73,7391.84,7477.3,1452400287.0
2009/09/18,7463.39,7558.88,7434.83,7502.46,131282069.0
2009/09/22,7522.83,7534.66,7352.23,7376.76,386964554.0
2009/09/24,7372.11,7386.99,7280.04,7345.22,0.0
2009/09/28,7332.49,7436.29,7257.63,7429.98,0.0
2009/09/30,7456.57,7599.62,7443.88,7545.29,696389311.0
2009/10/02,7415.16,7483.43,7381.02,7437.98,0.0
2009/10/06,7479.51,7619.03,7447.54,7608.66,2004487770.0
2009/10/08,7615.61,7635.66,7500.32,7571.96,1878606745.0
2009/10/12,7620.17,7620.17,7471.53,7596.6,521160828.0
2009/10/14,7649.07,7780.66,7618.79,7710.4,2746241274.0
2009/10/16,7712.03,7758.13,7691.21,7751.32,0.0
2009/10/20,7808.03,7811.92,7675.61,7701.5,593208213.0
2009/10/22,7692.75,7710.82,7577.89,7649.28,599341201.0
2009/10/26,7701.19,7751.68,7586.53,7657.34,0.0
2009/10/28,7637.44,7675.15,7233.63,7355.69,890647949.0
2009/10/30,7428.72,7433.21,7218.89,7335.18,0.0
2009/11/03,7339.36,7467.04,7314.97,7467.04,0.0
2009/11/05,7471.61,7521.01,7412.74,7463.05,0.0
2009/11/09,7562.59,7614.54,7512.5,7593.49,0.0
2009/11/11,7603.68,7709.89,7555.83,7670.93,0.0
2009/11/13,7651.13,7792.68,7639.57,7792.68,0.0
2009/11/17,7875.48,7875.48,7733.21,7766.69,1784425980.0
2009/11/19,7767.98,7797.41,7649.19,7682.97,259350533.0
2009/11/23,7694.9,7735.91,7671.54,7714.56,0.0
2009/11/25,7718.78,7818.0,7716.36,7739.16,274469279.0
2009/11/27,7614.41,7633.5,7490.91,7582.21,874001808.0
2009/12/01,7615.95,7741.85,7549.01,7677.62,300930779.0
2009/12/03,7733.51,7738.03,7650.77,7650.91,0.0
2009/12/07,7704.69,7802.27,7704.69,7768.71,6186589.0
2009/12/09,7747.6,7829.41,7631.06,7677.91,1693917980.0
2009/12/11,7709.96,7841.51,7700.76,7819.13,980825069.0
2009/12/16,7801.3,7836.43,7724.58,7742.17,200416990.0
2009/12/18,7690.44,7827.14,7688.0,7787.27,0.0
2009/12/22,7850.05,7910.88,7823.34,7901.5,0.0
2009/12/24,7935.34,8009.0,7928.09,7972.59,685955456.0
2009/12/28,8007.54,8088.01,8007.54,8053.83,1531107115.0
2009/12/30,8078.91,8188.11,8060.33,8188.11,935028517.0
2010/01/04,8222.42,8283.64,8143.45,8211.4,0.0
2010/01/06,8237.1,8369.55,8216.92,8237.42,0.0
2010/01/08,8266.87,8357.9,8178.93,8323.82,3143650100.0
2010/01/12,8343.73,8356.97,8194.81,8196.56,1647694491.0
2010/01/14,8245.86,8380.23,8237.67,8356.89,1972872496.0
2010/01/18,8290.38,8395.39,8227.3,8249.0,2407380920.0
2010/01/20,8309.19,8309.19,8107.55,8127.87,1113657786.0
2010/01/22,7986.43,8015.95,7828.34,7872.99,646050825.0
2010/01/26,7903.03,7922.07,7530.41,7560.03,1405978134.0
2010/01/28,7630.16,7756.77,7481.9,7640.44,0.0
2010/02/01,7653.89,7661.7,7398.8,7429.61,0.0
2010/02/03,7523.79,7578.18,7441.92,7542.04,0.0
2010/02/05,7323.16,7352.98,7173.18,7215.88,359697450.0
2010/02/09,7225.71,7441.84,7197.13,7441.84,0.0
2010/02/22,7619.87,7619.87,7502.45,7597.44,0.0
2010/02/24,7516.47,7585.19,7400.42,7426.96,0.0
2010/02/26,7451.17,7620.56,7383.68,7577.75,0.0
2010/03/02,7649.62,7670.25,7592.66,7629.52,0.0
2010/03/04,7664.0,7694.89,7524.19,7666.26,0.0
2010/03/08,7741.8,7770.59,7716.28,7770.59,0.0
2010/03/10,7797.7,7818.84,7736.7,7749.66,0.0
2010/03/12,7773.52,7773.52,7634.92,7634.92,0.0
2010/03/16,7671.41,7849.38,7645.17,7847.84,0.0
2010/03/18,7861.27,7922.48,7847.55,7897.91,412020162.0
2010/03/22,7861.9,7889.04,7791.25,7811.87,0.0
2010/03/24,7875.27,7881.37,7753.51,7838.1,0.0
2010/03/26,7808.15,7961.14,7770.42,7947.45,0.0
2010/03/30,7992.12,7994.62,7920.06,7920.06,0.0
2010/04/01,7952.62,8026.06,7952.62,8025.93,490428362.0
2010/04/06,8083.03,8133.45,8082.37,8121.78,81534181.0
2010/04/08,8106.0,8149.68,8038.37,8092.03,811338317.0
2010/04/12,8149.76,8152.53,8022.94,8029.73,0.0
2010/04/14,8077.94,8190.01,8040.01,8171.94,926489100.0
2010/04/16,8161.85,8162.85,7845.77,7854.22,1066622327.0
2010/04/20,7908.11,7998.76,7842.07,7990.53,0.0
2010/04/22,7948.89,8030.11,7897.14,8004.89,0.0
2010/04/26,8107.22,8174.85,8093.14,8146.44,171219737.0
2010/04/28,7944.7,8107.36,7944.7,8054.05,443937757.0
2010/04/30,8116.39,8163.94,7916.04,7952.17,880281866.0
2010/05/04,8006.79,8010.98,7695.69,7696.9,511750464.0
2010/05/06,7696.27,7702.11,7387.19,7567.1,498343263.0
2010/05/10,7610.88,7743.41,7577.31,7608.44,0.0
2010/05/12,7663.34,7787.32,7596.21,7770.57,0.0
2010/05/14,7735.6,7772.54,7574.06,7598.72,0.0
2010/05/18,7630.1,7637.99,7467.2,7559.16,0.0
2010/05/20,7557.17,7557.17,7164.21,7237.71,0.0
2010/05/24,7296.15,7344.92,7032.4,7086.37,0.0
2010/05/26,7161.4,7254.68,7079.85,7243.16,0.0
2010/05/28,7338.77,7373.98,7271.3,7373.98,0.0
2010/06/01,7327.01,7348.56,7159.75,7195.71,0.0
2010/06/03,7322.51,7377.56,7309.46,7344.59,0.0
2010/06/07,7139.76,7179.14,7085.55,7151.99,0.0
2010/06/09,7166.19,7193.04,7048.6,7181.77,0.0
2010/06/11,7302.97,7393.41,7273.7,7387.4,0.0
2010/06/15,7454.06,7534.06,7454.06,7515.78,0.0
2010/06/18,7538.55,7645.71,7459.93,7635.56,0.0
2010/06/22,7630.64,7639.66,7549.98,7582.15,0.0
2010/06/24,7601.72,7607.63,7463.29,7474.71,0.0
2010/06/28,7507.15,7584.81,7423.57,7423.57,0.0
2010/06/30,7277.39,7337.32,7251.6,7254.06,0.0
2010/07/02,7285.01,7447.18,7285.01,7439.96,0.0
2010/07/06,7385.33,7565.37,7382.37,7534.46,0.0
2010/07/08,7612.71,7652.55,7583.36,7647.25,0.0
2010/07/12,7674.26,7705.11,7587.87,7597.42,0.0
2010/07/14,7688.82,7732.31,7681.87,7704.52,0.0
2010/07/16,7717.24,7719.05,7596.26,7649.83,488998806.0
2010/07/20,7678.89,7752.8,7638.49,7701.29,0.0
2010/07/22,7699.36,7782.02,7665.78,7761.22,140537196.0
2010/07/26,7787.07,7807.07,7748.01,7748.01,0.0
2010/07/28,7736.59,7799.57,7726.4,7798.99,289201389.0
2010/07/30,7765.25,7917.95,7731.19,7911.68,958902178.0
2010/08/03,7961.68,7978.16,7915.83,7972.66,1771139980.0
2010/08/05,8010.07,8018.74,7921.98,7963.3,1935948325.0
2010/08/09,7974.67,8054.29,7971.19,7976.74,1716444912.0
2010/08/11,7923.57,7956.9,7776.66,7829.79,747650570.0
2010/08/13,7845.98,7941.22,7830.46,7941.22,760018632.0
2010/08/17,7962.7,7984.57,7897.18,7924.1,1823502414.0
2010/08/19,7925.48,7948.73,7886.73,7927.31,721878452.0
2010/08/23,7938.21,8013.12,7924.1,7940.64,833822957.0
2010/08/25,7889.57,7889.57,7666.51,7689.74,1610727715.0
2010/08/27,7702.59,7806.91,7662.23,7741.2,0.0
2010/08/31,7669.31,7687.47,7577.1,7668.25,0.0
2010/09/02,7764.8,7830.21,7715.31,7830.21,216209258.0
2010/09/06,7879.7,7922.07,7841.83,7884.4,199236359.0
2010/09/08,7866.35,7903.47,7817.87,7835.54,20241661.0
2010/09/10,7900.56,8091.3,7859.33,8091.3,889495572.0
2010/09/14,8121.68,8163.82,8081.79,8163.82,1130463671.0
2010/09/16,8174.85,8197.82,8099.75,8158.33,1223805456.0
2010/09/20,8174.88,8196.4,8161.82,8196.4,147420736.0
2010/09/23,8201.68,8223.22,8129.21,8166.62,299786621.0
2010/09/27,8239.11,8240.86,8173.26,8189.44,360523778.0
2010/09/29,8241.65,8286.93,8204.84,8237.78,1104582016.0
2010/10/01,8259.08,8300.04,8220.73,8246.1,749304000.0
2010/10/05,8217.86,8301.39,8155.3,8284.03,1575036733.0
2010/10/07,8304.91,8310.8,8232.02,8244.19,942515245.0
2010/10/11,8277.78,8277.78,8058.59,8090.22,0.0
2010/10/13,8116.69,8252.2,8067.87,8215.45,305883605.0
2010/10/15,8216.87,8242.77,8057.12,8060.54,636724896.0
2010/10/19,8044.9,8131.19,7992.81,8124.62,0.0
2010/10/21,8135.57,8174.03,8109.79,8168.06,0.0
2010/10/25,8204.01,8353.86,8199.49,8343.23,405321650.0
2010/10/27,8369.75,8386.29,8281.52,8354.05,394287680.0
2010/10/29,8348.39,8407.91,8278.72,8379.75,70170253.0
2010/11/02,8380.06,8398.3,8273.47,8293.9,550870229.0
2010/11/04,8321.36,8458.47,8317.86,8449.34,1466023264.0
2010/11/08,8473.66,8473.66,8416.2,8445.63,758681865.0
2010/11/10,8457.09,8471.57,8422.96,8436.95,171574476.0
2010/11/12,8404.43,8416.35,8226.71,8240.65,0.0
2010/11/16,8234.22,8324.51,8228.24,8255.54,0.0
2010/11/18,8285.55,8372.16,8238.77,8306.12,0.0
2010/11/22,8343.32,8396.49,8323.81,8328.63,0.0
2010/11/24,8277.33,8355.39,8277.33,8349.99,0.0
2010/11/26,8371.27,8401.42,8312.15,8367.17,0.0
2010/11/30,8384.64,8520.11,8363.97,8520.11,2236973250.0
2010/12/02,8598.01,8659.62,8572.65,8624.01,3083585327.0
2010/12/06,8675.45,8718.53,8654.49,8704.39,1118037701.0
2010/12/08,8727.88,8782.82,8683.98,8753.84,278245621.0
2010/12/10,8740.71,8764.51,8684.05,8736.59,1650917536.0
2010/12/14,8771.9,8789.25,8698.41,8756.71,1749148699.0
2010/12/16,8770.74,8860.38,8767.44,8817.9,2416717203.0
2010/12/20,8861.09,8861.09,8740.3,8827.79,259658640.0
2010/12/22,8847.27,8914.34,8834.32,8898.87,1884139834.0
2010/12/24,8910.61,8911.41,8828.67,8892.31,1431354242.0
2010/12/28,8919.26,8919.26,8839.83,8866.35,112434487.0
2010/12/30,8883.21,8990.38,8871.07,8972.5,1086358312.0
2011/01/03,9039.63,9046.18,8988.58,8997.19,0.0
2011/01/05,9014.32,9027.16,8812.36,8883.21,1587949593.0
2011/01/07,8905.25,8907.11,8738.93,8817.88,2006347924.0
2011/01/11,8810.77,9000.78,8794.77,8965.0,2167410630.0
2011/01/13,9034.17,9034.17,8937.5,8972.51,1337032986.0
2011/01/17,8998.89,9006.36,8887.03,8988.0,1778119558.0
2011/01/19,9023.3,9092.28,9005.77,9022.17,1514600517.0
2011/01/21,8935.29,8993.56,8892.27,8947.79,296452239.0
2011/01/25,9001.74,9072.76,8991.39,9055.59,503532201.0
2011/01/27,9093.54,9145.35,9092.97,9145.35,616798907.0
2011/02/08,9220.69,9220.69,8992.64,9006.82,1850613111.0
2011/02/10,8962.07,8979.35,8574.65,8609.86,3091359618.0
2011/02/14,8666.61,8753.05,8565.05,8721.93,569228835.0
2011/02/16,8740.32,8767.09,8669.77,8683.88,448651221.0
2011/02/18,8763.69,8874.5,8763.69,8839.22,654086884.0
2011/02/22,8744.81,8744.81,8521.25,8528.94,1814109426.0
2011/02/24,8561.16,8633.24,8541.64,8599.65,0.0
2011/03/01,8611.79,8734.24,8611.79,8619.9,33241769.0
2011/03/03,8661.63,8829.23,8661.63,8784.4,930237682.0
2011/03/07,8769.87,8769.87,8692.1,8747.75,0.0
2011/03/09,8810.35,8824.41,8635.75,8642.9,247742034.0
2011/03/11,8566.91,8616.29,8395.11,8520.02,797570217.0
2011/03/15,8493.83,8519.9,8070.52,8324.58,753700187.0
2011/03/17,8190.5,8399.17,8150.73,8394.75,749798589.0
2011/03/21,8421.66,8552.82,8394.22,8508.04,0.0
2011/03/23,8529.93,8603.43,8481.96,8576.4,0.0
2011/03/25,8645.37,8658.05,8549.26,8553.06,0.0
2011/03/29,8538.44,8671.59,8522.57,8646.31,0.0
2011/03/31,8683.69,8705.13,8608.05,8705.13,0.0
2011/04/06,8772.13,8901.72,8767.21,8901.72,169229322.0
2011/04/08,8904.44,8929.06,8836.38,8880.27,332888227.0
2011/04/12,8839.22,8839.22,8700.08,8780.2,0.0
2011/04/14,8787.75,8835.39,8716.7,8718.12,0.0
2011/04/18,8752.56,8763.79,8592.23,8638.55,0.0
2011/04/20,8704.48,8992.08,8698.97,8957.65,1197347637.0
2011/04/22,8980.43,9037.09,8950.75,8950.75,0.0
2011/04/26,8894.01,9060.5,8866.74,9049.25,405976177.0
2011/04/28,9088.97,9099.75,9007.87,9007.87,370356121.0
2011/05/03,9014.33,9018.7,8864.55,8947.35,0.0
2011/05/05,8930.24,9029.58,8907.97,8977.23,0.0
2011/05/09,9001.8,9081.26,8984.43,9023.28,106052070.0
2011/05/11,9073.88,9082.01,8963.24,9033.68,0.0
2011/05/13,9039.55,9059.46,8911.71,8911.71,0.0
2011/05/17,8917.25,8946.99,8854.14,8944.84,0.0
2011/05/19,8952.25,9026.18,8822.75,8837.03,0.0
2011/05/23,8767.3,8776.46,8673.38,8756.61,0.0
2011/05/25,8732.3,8807.08,8682.49,8788.4,0.0
2011/05/27,8806.29,8860.03,8748.13,8823.68,0.0
2011/05/31,8860.58,9089.47,8860.58,9062.35,181533883.0
2011/06/02,8981.71,9046.28,8977.67,9046.28,0.0
2011/06/07,9025.21,9070.25,8981.44,9007.53,0.0
2011/06/09,9020.6,9053.39,8837.82,8837.82,0.0
2011/06/13,8791.67,8836.51,8703.52,8829.21,0.0
2011/06/15,8833.86,8876.14,8654.43,8654.43,0.0
2011/06/17,8671.45,8702.0,8518.66,8530.68,0.0
2011/06/21,8571.93,8679.37,8523.04,8621.04,0.0
2011/06/23,8601.15,8619.39,8508.16,8532.83,0.0
2011/06/27,8456.36,8572.62,8433.46,8478.86,0.0
2011/06/29,8540.35,8652.59,8499.24,8652.59,0.0
2011/07/01,8684.39,8808.47,8659.57,8774.72,0.0
2011/07/05,8777.22,8842.17,8743.45,8824.44,0.0
2011/07/07,8795.0,8839.14,8740.0,8749.55,0.0
2011/07/11,8749.55,8749.55,8479.9,8491.01,0.0
2011/07/13,8480.26,8539.18,8410.44,8481.35,0.0
2011/07/15,8494.7,8580.33,8462.05,8538.57,0.0
2011/07/19,8528.2,8706.17,8490.79,8706.17,230387191.0
2011/07/21,8705.84,8794.48,8683.05,8765.32,814720240.0
2011/07/25,8764.68,8794.24,8661.76,8794.24,0.0
2011/07/27,8775.18,8819.93,8702.84,8767.2,783144972.0
2011/07/29,8737.72,8771.64,8629.97,8701.38,1455578359.0
2011/08/02,8629.09,8629.09,8360.73,8456.86,1112513342.0
2011/08/04,8472.37,8496.07,7844.77,7853.13,2512396588.0
2011/08/08,7769.6,7799.49,7148.76,7493.12,1851214019.0
2011/08/10,7717.58,7761.4,7499.54,7719.09,3099568914.0
2011/08/12,7825.8,7853.53,7637.02,7819.39,701048374.0
2011/08/16,7886.93,7896.19,7732.32,7741.76,0.0
2011/08/18,7721.19,7721.19,7316.83,7342.96,0.0
2011/08/22,7348.71,7564.64,7248.69,7550.23,33165501.0
2011/08/24,7592.51,7594.81,7409.02,7410.87,0.0
2011/08/26,7438.52,7608.77,7389.57,7578.01,0.0
2011/08/30,7654.37,7741.36,7599.27,7741.36,0.0
2011/09/01,7799.18,7886.04,7703.1,7757.06,549264345.0
2011/09/05,7637.9,7637.9,7357.76,7367.19,0.0
2011/09/07,7468.29,7626.78,7428.7,7548.37,0.0
2011/09/09,7610.57,7610.57,7382.0,7391.37,0.0
2011/09/14,7455.5,7477.86,7186.75,7385.68,273435540.0
2011/09/16,7494.29,7606.7,7468.77,7480.88,70023483.0
2011/09/20,7485.6,7574.78,7389.39,7535.88,0.0
2011/09/22,7419.49,7419.49,6997.61,7046.22,318107005.0
2011/09/26,7026.49,7119.14,6877.12,7089.95,0.0
2011/09/28,7148.38,7218.57,7061.01,7182.61,0.0
2011/09/30,7222.16,7251.87,6998.37,7013.97,0.0
2011/10/04,6937.24,7091.01,6889.99,6989.15,0.0
2011/10/06,7094.61,7211.96,7094.61,7211.96,0.0
2011/10/11,7348.86,7407.08,7323.54,7382.35,0.0
2011/10/13,7423.18,7444.33,7353.8,7358.08,0.0
2011/10/17,7412.88,7475.06,7322.01,7359.48,0.0
2011/10/19,7393.73,7393.73,7240.15,7244.32,0.0
2011/10/21,7272.51,7472.5,7205.21,7470.3,0.0
2011/10/25,7506.08,7548.51,7425.99,7535.82,0.0
2011/10/27,7548.36,7743.37,7504.96,7616.06,609819948.0
2011/10/31,7637.48,7658.97,7505.96,7622.01,0.0
2011/11/02,7500.54,7603.45,7448.28,7460.31,0.0
2011/11/04,7581.61,7638.03,7578.36,7621.72,0.0
2011/11/08,7652.47,7683.09,7561.86,7561.86,0.0
2011/11/10,7431.26,7434.37,7274.84,7367.29,45406627.0
2011/11/14,7472.16,7544.23,7472.16,7491.06,0.0
2011/11/16,7520.95,7541.68,7284.3,7387.81,0.0
2011/11/18,7296.09,7327.67,7042.64,7042.64,0.0
2011/11/22,7064.61,7082.4,6806.43,6806.43,0.0
2011/11/24,6748.92,6950.5,6744.26,6784.52,0.0
2011/11/28,6844.3,6998.06,6844.3,6988.65,0.0
2011/11/30,7001.59,7199.26,6860.05,7178.69,271603975.0
2011/12/02,7164.0,7186.66,7057.33,7098.08,0.0
2011/12/06,7075.84,7075.84,6956.28,7033.0,0.0
2011/12/08,7018.64,7018.64,6831.39,6893.3,0.0
2011/12/12,6975.62,7002.09,6850.88,6896.31,0.0
2011/12/14,6912.54,6926.09,6764.59,6764.59,0.0
2011/12/16,6783.02,6810.08,6609.11,6633.33,0.0
2011/12/20,6654.67,6966.48,6646.3,6966.48,0.0
2011/12/22,6968.22,7122.28,6940.85,7110.73,0.0
2011/12/26,7125.04,7125.67,7043.64,7085.03,0.0
2011/12/28,7086.1,7093.47,6998.97,7074.82,0.0
2011/12/30,7109.85,7139.03,6948.67,6952.21,2104640545.0
2012/01/03,7005.39,7116.22,7005.39,7082.97,0.0
2012/01/05,7099.35,7139.04,7073.32,7120.51,0.0
2012/01/09,7103.09,7181.74,7050.25,7178.87,0.0
2012/01/11,7203.1,7212.36,7173.87,7186.58,0.0
2012/01/13,7226.24,7258.84,7091.35,7103.62,0.0
2012/01/17,7144.2,7233.69,7118.36,7233.69,0.0
2012/01/30,7382.72,7517.08,7382.72,7517.08,1437173132.0
2012/02/01,7520.36,7652.46,7488.97,7652.46,2488927363.0
2012/02/03,7658.68,7752.28,7608.41,7687.98,1870850114.0
2012/02/07,7680.36,7869.91,7673.91,7869.91,1119149920.0
2012/02/09,7863.36,7941.63,7840.38,7862.27,2378237796.0
2012/02/13,7849.21,7937.28,7829.76,7884.08,0.0
2012/02/15,7919.41,8011.87,7851.62,7869.7,0.0
2012/02/17,7956.91,8013.46,7862.11,7954.82,0.0
2012/02/21,7953.06,8018.54,7870.26,8001.68,0.0
2012/02/23,7981.92,7991.92,7899.62,7959.34,0.0
2012/02/29,8046.14,8151.7,8046.14,8118.34,0.0
2012/03/02,8161.87,8170.72,8087.2,8114.44,0.0
2012/03/05,8105.27,8115.49,7860.87,7937.97,0.0
2012/03/07,7846.49,8000.93,7824.45,7984.56,0.0
2012/03/09,8012.59,8028.87,7927.55,7927.55,0.0
2012/03/13,7990.6,8170.31,7974.38,8125.26,0.0
2012/03/15,8141.93,8142.98,8054.94,8054.94,0.0
2012/03/19,8113.46,8123.15,7965.96,7972.7,0.0
2012/03/21,7993.46,8075.97,7940.19,8059.94,0.0
2012/03/23,8067.93,8076.61,7958.72,7967.62,0.0
2012/03/27,8033.22,8085.43,7978.74,8038.07,0.0
2012/03/29,7997.87,7997.87,7775.75,7933.0,0.0
2012/04/02,7905.88,7928.43,7723.39,7760.85,0.0
2012/04/05,7603.31,7713.24,7528.03,7706.26,0.0
2012/04/09,7587.68,7692.94,7529.39,7640.68,0.0
2012/04/11,7592.94,7673.84,7573.05,7662.92,0.0
2012/04/13,7734.55,7788.27,7714.14,7729.86,0.0
2012/04/17,7736.7,7752.1,7585.87,7605.0,0.0
2012/04/19,7602.28,7632.73,7507.15,7507.15,0.0
2012/04/23,7488.82,7533.55,7430.93,7498.84,0.0
2012/04/25,7552.78,7600.45,7509.88,7521.35,0.0
2012/04/27,7569.29,7598.45,7422.14,7501.72,0.0
2012/05/02,7511.76,7681.23,7511.76,7659.53,0.0
2012/05/04,7619.73,7704.87,7515.69,7538.08,0.0
2012/05/08,7572.16,7572.31,7448.9,7475.71,0.0
2012/05/10,7479.14,7523.37,7382.95,7401.37,0.0
2012/05/14,7389.89,7412.59,7291.44,7395.64,0.0
2012/05/16,7376.71,7399.83,7234.57,7356.77,0.0
2012/05/18,7252.24,7253.1,7149.36,7192.23,0.0
2012/05/22,7257.96,7274.89,7130.52,7147.75,0.0
2012/05/24,7155.74,7190.55,7066.39,7071.63,0.0
2012/05/28,7067.55,7349.85,7047.32,7342.29,0.0
2012/05/30,7331.64,7331.64,7132.8,7301.5,0.0
2012/06/01,7213.69,7218.75,6857.35,6894.66,0.0
2012/06/05,6988.52,7076.28,6967.31,7056.15,0.0
2012/06/07,7133.78,7139.16,6979.82,6999.65,0.0
2012/06/11,7081.72,7137.98,7039.35,7072.08,0.0
2012/06/13,7103.2,7114.07,7059.85,7075.1,0.0
2012/06/15,7094.0,7302.82,7085.92,7281.5,0.0
2012/06/19,7286.54,7334.63,7239.42,7334.63,0.0
2012/06/21,7301.79,7311.39,7185.31,7222.05,0.0
2012/06/25,7222.61,7222.61,7117.17,7137.93,0.0
2012/06/27,7137.99,7236.71,7127.98,7169.61,0.0
2012/06/29,7183.45,7359.99,7177.59,7345.16,0.0
2012/07/03,7363.37,7442.55,7357.67,7422.59,0.0
2012/07/05,7412.55,7426.62,7328.03,7368.59,0.0
2012/07/09,7301.72,7333.28,7228.88,7251.35,0.0
2012/07/11,7207.08,7261.59,7130.93,7130.93,0.0
2012/07/13,7113.14,7153.85,7085.38,7090.04,0.0
2012/07/17,7056.8,7133.05,7046.09,7049.05,0.0
2012/07/19,7109.33,7164.68,7098.18,7164.68,0.0
2012/07/23,7105.99,7105.99,6968.78,7008.35,0.0
2012/07/25,6932.12,7036.95,6922.73,6970.69,0.0
2012/07/27,7060.43,7184.31,7045.31,7158.88,0.0
2012/07/31,7140.53,7273.62,7140.53,7267.96,0.0
2012/08/03,7220.51,7340.56,7186.78,7286.33,0.0
2012/08/07,7289.89,7357.42,7265.96,7319.8,0.0
2012/08/09,7341.87,7458.23,7341.87,7441.12,0.0
2012/08/13,7495.81,7520.65,7423.84,7479.25,0.0
2012/08/15,7489.81,7515.02,7442.72,7490.21,0.0
2012/08/17,7502.85,7516.71,7422.44,7431.91,0.0
2012/08/21,7459.5,7536.32,7459.5,7496.58,0.0
2012/08/23,7486.58,7519.03,7454.85,7477.53,0.0
2012/08/27,7504.45,7523.54,7359.83,7361.94,0.0
2012/08/29,7379.48,7405.3,7360.1,7371.44,0.0
2012/08/31,7363.25,7462.15,7363.25,7450.53,0.0
2012/09/04,7471.31,7479.01,7364.68,7367.44,0.0
2012/09/06,7383.04,7446.1,7313.56,7424.91,0.0
2012/09/10,7435.34,7509.16,7435.34,7485.13,0.0
2012/09/12,7518.68,7594.76,7515.04,7578.8,0.0
2012/09/14,7660.38,7778.06,7660.38,7762.22,0.0
2012/09/18,7740.57,7781.91,7714.43,7781.91,0.0
2012/09/20,7781.81,7785.47,7704.61,7754.59,0.0
2012/09/24,7760.33,7789.39,7706.95,7734.13,0.0
2012/09/26,7702.77,7708.9,7649.5,7683.8,0.0
2012/09/28,7704.23,7721.29,7657.88,7675.72,0.0
2012/10/02,7703.1,7727.53,7680.98,7684.63,0.0
2012/10/04,7678.48,7721.93,7621.38,7690.65,0.0
2012/10/08,7707.97,7707.97,7590.75,7592.01,0.0
2012/10/11,7494.58,7501.22,7398.8,7437.04,0.0
2012/10/15,7433.22,7471.02,7392.61,7471.02,0.0
2012/10/17,7505.41,7518.36,7448.06,7465.41,0.0
2012/10/19,7443.61,7449.22,7310.79,7373.04,0.0
2012/10/23,7367.46,7375.5,7274.88,7314.88,0.0
2012/10/25,7329.5,7339.21,7132.77,7134.06,0.0
2012/10/29,7147.2,7206.35,7091.19,7182.59,0.0
2012/10/31,7220.02,7222.84,7050.05,7179.64,0.0
2012/11/02,7232.2,7235.13,7161.7,7185.36,0.0
2012/11/06,7223.02,7287.18,7165.58,7287.18,0.0
2012/11/08,7229.0,7302.27,7170.29,7293.22,0.0
2012/11/12,7303.93,7307.59,7129.87,7136.05,0.0
2012/11/14,7141.58,7165.86,7066.28,7143.84,0.0
2012/11/16,7125.24,7194.28,7108.84,7129.04,0.0
2012/11/20,7179.1,7189.1,7061.87,7088.49,0.0
2012/11/22,7116.8,7326.01,7097.38,7326.01,0.0
2012/11/26,7372.38,7436.78,7370.28,7430.2,0.0
2012/11/28,7418.42,7521.52,7385.91,7503.55,0.0
2012/11/30,7519.07,7628.29,7515.15,7599.91,0.0
2012/12/04,7572.11,7650.12,7536.66,7649.05,0.0
2012/12/06,7660.97,7673.62,7616.79,7642.26,0.0
2012/12/10,7658.39,7669.05,7556.67,7613.69,0.0
2012/12/12,7653.9,7757.09,7645.54,7757.09,0.0
2012/12/14,7722.88,7723.74,7603.51,7631.28,0.0
2012/12/18,7620.29,7685.63,7616.04,7677.47,0.0
2012/12/20,7646.13,7646.13,7491.52,7519.93,0.0
2012/12/22,7537.52,7566.09,7520.8,7535.52,0.0
2012/12/25,7556.24,7683.09,7543.83,7634.19,0.0
2012/12/27,7634.8,7708.31,7622.73,7699.5,0.0
2013/01/02,7738.05,7855.16,7715.26,7836.84,0.0
2013/01/04,7818.27,7818.27,7725.47,7755.09,0.0
2013/01/08,7737.07,7763.97,7692.98,7738.64,0.0
2013/01/10,7780.98,7845.36,7760.09,7819.15,0.0
2013/01/14,7795.68,7823.97,7731.32,7765.02,0.0
2013/01/16,7766.09,7774.97,7603.27,7616.64,0.0
2013/01/18,7697.28,7739.37,7674.18,7724.92,0.0
2013/01/22,7746.79,7773.2,7699.25,7744.18,0.0
2013/01/24,7717.04,7724.68,7637.2,7672.58,0.0
2013/01/28,7685.67,7802.0,7685.67,7802.0,0.0
2013/01/30,7832.95,7850.02,7800.9,7850.02,0.0
2013/02/01,7853.75,7929.97,7832.0,7923.16,0.0
2013/02/05,7896.67,7941.65,7863.91,7906.65,0.0
2013/02/18,8000.69,8005.73,7927.95,7960.88,0.0
2013/02/20,8021.31,8029.1,7957.46,7957.46,0.0
2013/02/22,7947.88,7995.11,7913.16,7947.68,0.0
2013/02/26,7891.41,7927.49,7871.23,7897.98,0.0
2013/03/01,7917.72,7964.63,7849.52,7867.34,0.0
2013/03/05,7910.44,7982.39,7882.56,7950.3,0.0
2013/03/07,7950.9,8029.14,7942.37,8015.14,0.0
2013/03/11,8021.88,8089.21,7986.59,7994.71,0.0
2013/03/13,8018.9,8047.56,7946.29,7951.76,0.0
2013/03/15,7989.67,7999.92,7807.61,7811.34,0.0
2013/03/19,7843.47,7863.77,7786.56,7798.03,0.0
2013/03/21,7828.95,7843.16,7796.22,7796.22,0.0
2013/03/25,7862.58,7877.05,7845.56,7856.36,0.0
2013/03/27,7872.75,7905.71,7844.84,7866.88,0.0
2013/03/29,7904.5,7937.73,7883.81,7899.24,0.0
2013/04/02,7897.16,7954.15,7879.55,7942.35,0.0
2013/04/08,7831.22,7843.1,7714.93,7728.54,0.0
2013/04/10,7772.95,7857.98,7739.99,7857.98,0.0
2013/04/12,7861.12,7864.86,7753.24,7763.53,0.0
2013/04/16,7690.91,7822.81,7688.62,7809.07,0.0
2013/04/18,7781.48,7933.72,7757.33,7930.8,0.0
2013/04/22,7976.1,7996.55,7913.6,7942.77,0.0
2013/04/24,7977.4,8026.46,7968.28,8021.75,0.0
2013/04/26,8034.47,8081.37,8014.27,8029.74,0.0
2013/04/30,8065.92,8139.49,8065.92,8128.51,0.0
2013/05/03,8157.51,8197.52,8121.07,8169.05,0.0
2013/05/07,8177.58,8284.09,8145.1,8267.09,0.0
2013/05/09,8314.37,8322.69,8258.62,8280.26,0.0
2013/05/13,8285.45,8296.54,8230.65,8251.82,0.0
2013/05/15,8264.1,8414.88,8251.51,8390.05,0.0
2013/05/17,8377.26,8402.34,8347.33,8377.05,0.0
2013/05/21,8381.36,8439.15,8361.96,8398.84,0.0
2013/05/23,8367.85,8373.09,8173.16,8209.78,0.0
2013/05/27,8218.88,8303.71,8210.32,8263.05,0.0
2013/05/29,8303.2,8344.21,8228.8,8243.29,0.0
2013/05/31,8318.77,8334.44,8149.45,8201.02,0.0
2013/06/04,8243.22,8250.17,8161.1,8181.91,0.0
2013/06/06,8135.56,8162.25,8071.98,8095.2,0.0
2013/06/10,8161.51,8190.87,8116.15,8116.15,0.0
2013/06/13,8041.5,8057.33,7912.37,7937.74,0.0
2013/06/17,7953.65,8024.95,7940.72,8011.02,0.0
2013/06/19,8033.32,8056.19,7890.93,7898.91,0.0
2013/06/21,7778.84,7815.79,7739.09,7758.03,0.0
2013/06/25,7750.34,7821.14,7663.23,7784.8,0.0
2013/06/27,7841.32,8062.21,7834.33,8062.21,0.0
2013/07/01,8011.95,8064.12,7974.15,8015.86,0.0
2013/07/03,7991.53,7995.3,7877.06,7893.72,0.0
2013/07/05,7932.3,8018.93,7885.0,7886.34,0.0
2013/07/09,7891.53,8057.92,7891.37,8011.69,0.0
2013/07/11,8080.97,8220.49,8080.97,8220.49,0.0
2013/07/15,8178.26,8260.11,8175.55,8260.11,0.0
2013/07/17,8239.1,8265.7,8181.99,8194.88,0.0
2013/07/19,8117.94,8139.81,8046.7,8105.45,0.0
2013/07/23,8152.72,8233.1,8145.09,8196.19,0.0
2013/07/25,8173.19,8222.82,8135.73,8149.4,0.0
2013/07/29,8146.14,8176.74,8074.29,8163.55,0.0
2013/07/31,8163.44,8170.57,8056.22,8056.22,0.0
2013/08/02,8114.51,8162.91,8075.99,8138.63,0.0
2013/08/06,8129.85,8129.85,7921.29,7921.29,0.0
2013/08/08,7910.2,7955.0,7853.97,7856.14,0.0
2013/08/12,7878.22,7986.27,7862.04,7986.27,0.0
2013/08/14,7978.74,7981.56,7850.27,7887.26,0.0
2013/08/16,7854.68,7949.43,7850.49,7900.21,0.0
2013/08/20,7896.38,7924.52,7737.33,7814.38,0.0
2013/08/23,7863.73,7913.74,7845.92,7894.97,0.0
2013/08/27,7875.93,7895.23,7761.76,7824.54,0.0
2013/08/29,7841.99,8021.89,7841.99,8021.89,0.0
2013/09/02,8010.15,8102.66,7993.13,8088.37,0.0
2013/09/04,8066.67,8169.1,8041.49,8169.1,0.0
2013/09/06,8180.53,8192.11,8117.87,8192.11,0.0
2013/09/10,8217.21,8238.91,8137.07,8208.99,0.0
2013/09/12,8180.38,8228.67,8162.14,8168.2,0.0
2013/09/16,8189.61,8255.34,8189.61,8249.78,0.0
2013/09/18,8248.18,8293.03,8209.18,8292.83,0.0
2013/09/24,8295.5,8310.94,8253.43,8283.9,0.0
2013/09/26,8290.1,8290.1,8184.68,8230.68,0.0
2013/09/30,8174.86,8222.38,8137.11,8187.02,0.0
2013/10/02,8215.96,8376.79,8204.34,8359.02,0.0
2013/10/04,8345.82,8376.06,8323.79,8333.66,0.0
2013/10/08,8340.33,8378.37,8311.59,8344.73,0.0
2013/10/11,8407.45,8433.53,8269.16,8273.96,0.0
2013/10/15,8320.48,8384.03,8320.48,8332.18,0.0
2013/10/17,8390.88,8441.19,8364.89,8441.19,0.0
2013/10/21,8456.68,8459.3,8376.27,8418.27,0.0
2013/10/23,8419.8,8438.95,8346.52,8413.72,0.0
2013/10/25,8380.31,8414.81,8322.15,8407.83,0.0
2013/10/29,8394.85,8465.06,8380.21,8465.06,0.0
2013/10/31,8437.76,8476.63,8378.94,8388.18,0.0
2013/11/04,8371.83,8372.8,8262.2,8262.2,0.0
2013/11/06,8275.07,8298.06,8232.5,8283.71,0.0
2013/11/08,8235.3,8266.72,8168.92,8182.56,0.0
2013/11/12,8233.62,8233.62,8104.26,8104.26,0.0
2013/11/14,8137.82,8210.1,8100.73,8177.12,0.0
2013/11/18,8201.85,8260.82,8186.47,8260.21,0.0
2013/11/20,8250.31,8262.91,8093.82,8099.45,0.0
2013/11/22,8107.98,8217.62,8107.98,8187.51,0.0
2013/11/26,8200.7,8312.32,8187.28,8295.88,0.0
2013/11/28,8320.65,8414.79,8320.65,8406.83,0.0
2013/12/02,8429.24,8437.13,8390.73,8392.55,0.0
2013/12/04,8379.44,8437.6,8362.39,8375.54,0.0
2013/12/06,8372.61,8477.87,8361.99,8444.62,0.0
2013/12/10,8451.81,8501.77,8413.52,8433.77,0.0
2013/12/12,8405.62,8406.93,8346.83,8376.94,0.0
2013/12/16,8368.83,8384.26,8313.87,8352.93,0.0
2013/12/18,8361.75,8426.08,8333.31,8407.4,0.0
2013/12/20,8400.21,8477.47,8392.38,8456.46,0.0
2013/12/24,8473.02,8484.05,8450.49,8467.76,0.0
2013/12/26,8467.73,8543.5,8465.85,8535.04,0.0
2013/12/30,8552.13,8647.24,8552.13,8611.51,0.0
2014/01/02,8618.6,8632.81,8537.86,8546.54,0.0
2014/01/06,8553.0,8568.24,8488.64,8512.3,0.0
2014/01/08,8548.61,8587.08,8506.02,8514.68,0.0
2014/01/10,8559.18,8607.23,8521.5,8566.2,0.0
2014/01/14,8545.46,8619.56,8523.46,8602.55,0.0
2014/01/16,8653.54,8668.95,8580.49,8596.0,0.0
2014/01/20,8595.59,8650.14,8584.5,8599.9,0.0
2014/01/22,8598.98,8647.87,8595.1,8595.1,0.0
2014/01/24,8581.49,8608.64,8442.19,8462.57,0.0
2014/02/05,8290.17,8333.56,8230.46,8311.01,0.0
2014/02/07,8383.99,8447.02,8356.93,8391.95,0.0
2014/02/11,8413.86,8510.87,8401.54,8510.87,0.0
2014/02/13,8506.22,8566.99,8467.7,8513.68,0.0
2014/02/17,8537.83,8558.5,8506.06,8556.23,0.0
2014/02/19,8565.06,8577.01,8513.08,8524.62,0.0
2014/02/21,8571.29,8612.21,8541.65,8560.61,0.0
2014/02/25,8581.14,8626.68,8563.87,8600.86,0.0
2014/02/27,8626.51,8647.9,8545.24,8601.98,0.0
2014/03/04,8583.58,8652.22,8554.54,8632.93,0.0
2014/03/06,8660.29,8787.62,8660.29,8713.96,0.0
2014/03/10,8706.43,8716.31,8651.54,8702.33,0.0
2014/03/12,8671.4,8768.66,8651.99,8747.79,0.0
2014/03/14,8697.73,8709.56,8662.49,8700.1,0.0
2014/03/18,8747.38,8759.55,8682.75,8689.46,0.0
2014/03/20,8638.59,8642.82,8562.57,8577.17,0.0
2014/03/24,8540.27,8689.3,8508.01,8689.3,0.0
2014/03/26,8741.03,8780.42,8717.79,8779.57,0.0
2014/03/28,8779.91,8849.28,8751.07,8849.28,0.0
2014/04/01,8847.34,8922.79,8826.16,8905.45,0.0
2014/04/03,8902.94,8913.74,8828.59,8876.44,0.0
2014/04/08,8878.88,8936.57,8860.7,8930.57,0.0
2014/04/10,8964.34,8978.52,8848.24,8908.05,0.0
2014/04/14,8897.23,8918.94,8852.66,8916.71,0.0
2014/04/16,8921.07,8968.56,8894.29,8944.16,0.0
2014/04/18,8994.77,9002.7,8938.47,8951.19,0.0
2014/04/22,8956.22,9022.28,8947.86,8956.92,0.0
2014/04/24,8968.82,8971.94,8749.51,8774.12,0.0
2014/04/28,8680.14,8884.48,8671.65,8872.11,0.0
2014/04/30,8885.7,8890.09,8791.44,8867.32,0.0
2014/05/05,8895.87,8927.39,8844.45,8912.39,0.0
2014/05/07,8903.72,8941.46,8856.98,8930.9,0.0
2014/05/09,8943.14,8945.63,8803.43,8808.61,0.0
2014/05/13,8865.61,8886.66,8809.06,8875.16,0.0
2014/05/15,8852.92,8896.72,8816.92,8888.45,0.0
2014/05/19,8901.54,8930.79,8877.46,8887.79,0.0
2014/05/21,8894.16,8969.63,8848.53,8969.63,0.0
2014/05/23,8960.79,9053.75,8960.79,9036.12,0.0
2014/05/27,9045.08,9125.14,9035.69,9121.71,0.0
2014/05/29,9123.46,9139.57,9075.91,9075.91,0.0
2014/06/03,9106.61,9140.55,9070.45,9119.96,0.0
2014/06/05,9127.56,9174.77,9094.13,9134.46,0.0
2014/06/09,9153.93,9222.37,9138.93,9222.37,0.0
2014/06/11,9218.5,9229.8,9186.79,9204.65,0.0
2014/06/13,9192.73,9214.19,9171.51,9202.93,0.0
2014/06/17,9223.02,9316.64,9200.86,9279.93,0.0
2014/06/19,9288.69,9339.83,9273.79,9273.79,0.0
2014/06/23,9293.06,9302.65,9225.73,9246.2,0.0
2014/06/25,9250.13,9320.94,9229.8,9320.94,0.0
2014/06/27,9316.89,9393.07,9303.57,9393.07,0.0
2014/07/01,9393.07,9547.05,9374.28,9484.96,0.0
2014/07/03,9468.78,9550.11,9449.78,9510.05,0.0
2014/07/07,9497.27,9540.57,9454.67,9530.98,0.0
2014/07/09,9510.0,9568.75,9478.76,9565.12,0.0
2014/07/11,9561.71,9591.27,9478.07,9520.3,0.0
2014/07/15,9558.42,9593.68,9471.65,9484.73,0.0
2014/07/17,9420.11,9461.86,9335.38,9400.97,0.0
2014/07/21,9453.78,9499.36,9418.74,9499.36,0.0
2014/07/24,9508.26,9538.07,9412.48,9439.29,0.0
2014/07/28,9415.9,9483.75,9357.32,9391.88,0.0
2014/07/30,9409.62,9456.03,9313.87,9315.85,0.0
2014/08/01,9223.75,9330.19,9201.83,9330.19,0.0
2014/08/05,9316.82,9316.82,9070.09,9143.97,0.0
2014/08/07,9162.65,9172.88,9014.89,9085.96,0.0
2014/08/11,9109.83,9198.1,9107.21,9163.12,0.0
2014/08/13,9155.02,9282.01,9147.14,9230.61,0.0
2014/08/15,9243.67,9243.67,9128.66,9141.31,0.0
2014/08/19,9188.63,9294.49,9188.63,9288.05,0.0
2014/08/21,9286.82,9380.6,9217.97,9380.1,0.0
2014/08/25,9393.24,9418.77,9369.24,9393.96,0.0
2014/08/27,9426.29,9502.42,9426.29,9478.37,0.0
2014/08/29,9459.81,9532.66,9425.35,9513.06,0.0
2014/09/02,9503.65,9503.65,9388.13,9450.35,0.0
2014/09/04,9439.76,9451.39,9365.7,9407.94,0.0
2014/09/09,9452.14,9465.93,9309.05,9357.61,0.0
2014/09/11,9376.38,9381.05,9223.18,9223.18,0.0
2014/09/15,9206.41,9242.23,9133.4,9133.4,0.0
2014/09/17,9171.04,9252.38,9159.85,9237.03,0.0
2014/09/19,9268.44,9289.22,9106.27,9134.65,0.0
2014/09/23,9134.29,9147.21,9071.8,9098.49,0.0
2014/09/25,9126.76,9149.41,8913.51,8989.82,0.0
2014/09/29,9018.46,9018.46,8860.17,8966.92,0.0
2014/10/01,8958.87,9014.26,8913.01,8975.19,0.0
2014/10/03,9010.3,9122.54,8998.27,9095.14,0.0
2014/10/07,9065.67,9074.8,8955.18,8955.18,0.0
2014/10/09,9021.31,9054.67,8711.39,8711.39,0.0
2014/10/14,8691.83,8776.91,8635.41,8655.51,0.0
2014/10/16,8602.65,8699.77,8501.29,8512.88,0.0
2014/10/20,8617.08,8679.85,8611.17,8654.64,0.0
2014/10/22,8744.91,8775.35,8714.88,8731.07,0.0
2014/10/24,8740.28,8750.42,8607.23,8627.78,0.0
2014/10/28,8692.52,8903.68,8692.52,8903.68,0.0
2014/10/30,8890.19,8974.76,8842.8,8974.76,0.0
2014/11/03,9009.38,9046.22,8965.5,8989.18,0.0
2014/11/05,8997.76,9013.06,8887.36,8891.02,0.0
2014/11/07,8881.19,9062.89,8867.78,9049.98,0.0
2014/11/11,9067.54,9069.44,8894.11,8918.95,0.0
2014/11/13,8947.97,8996.38,8927.09,8982.88,0.0
2014/11/17,9003.37,9024.0,8828.15,8859.07,0.0
2014/11/19,8896.16,9078.87,8879.29,9078.87,0.0
2014/11/21,9104.34,9165.71,9071.86,9122.33,0.0
2014/11/25,9125.27,9153.55,9098.32,9122.39,0.0
2014/11/27,9153.49,9217.73,9153.49,9187.15,0.0
2014/12/01,9038.41,9164.54,8998.55,9034.79,0.0
2014/12/03,9073.47,9251.85,9045.2,9225.11,0.0
2014/12/05,9220.25,9241.63,9174.51,9187.29,0.0
2014/12/09,9163.43,9177.14,9015.52,9032.16,0.0
2014/12/11,9003.84,9084.27,8971.53,9027.33,0.0
2014/12/15,8987.95,9031.07,8943.04,8950.91,0.0
2014/12/17,8961.64,8972.12,8826.03,8878.63,0.0
2014/12/19,8981.85,9099.85,8953.17,9095.0,0.0
2014/12/23,9123.78,9186.18,9093.43,9186.18,0.0
2014/12/25,9186.83,9214.07,9153.77,9214.07,0.0
2014/12/27,9218.5,9313.33,9216.43,9286.28,0.0
2014/12/30,9299.1,9338.06,9252.31,9307.26,0.0
2015/01/05,9292.31,9292.31,9043.44,9048.34,0.0
2015/01/07,9051.94,9246.62,9050.54,9238.03,0.0
2015/01/09,9247.4,9284.57,9178.3,9178.3,0.0
2015/01/13,9162.77,9253.82,9161.71,9180.23,0.0
2015/01/15,9197.32,9256.86,9109.46,9138.29,0.0
2015/01/19,9183.76,9259.31,9151.82,9251.69,0.0
2015/01/21,9283.79,9386.56,9275.68,9369.51,0.0
2015/01/23,9422.0,9478.53,9422.0,9477.67,0.0
2015/01/27,9505.56,9523.73,9471.19,9510.92,0.0
2015/01/29,9479.36,9482.13,9361.91,9361.91,0.0
2015/02/02,9368.83,9460.17,9352.19,9448.73,0.0
2015/02/04,9477.52,9533.88,9472.42,9512.05,0.0
2015/02/06,9521.88,9521.88,9413.18,9421.5,0.0
2015/02/10,9405.59,9488.72,9390.13,9462.22,0.0
2015/02/12,9496.39,9542.09,9447.19,9529.51,0.0
2015/02/24,9582.39,9699.54,9582.39,9699.54,0.0
2015/02/26,9687.48,9690.43,9588.36,9601.36,0.0
2015/03/03,9628.06,9642.95,9571.64,9621.73,0.0
2015/03/05,9627.04,9645.77,9564.44,9645.77,0.0
2015/03/09,9617.04,9617.04,9520.33,9536.53,0.0
2015/03/11,9503.28,9608.02,9472.54,9596.0,0.0
2015/03/13,9608.44,9633.51,9512.91,9512.91,0.0
2015/03/17,9555.1,9653.43,9539.44,9653.43,0.0
2015/03/19,9668.01,9749.69,9668.01,9749.69,0.0
2015/03/23,9759.88,9775.63,9701.33,9731.66,0.0
2015/03/25,9739.25,9743.58,9540.03,9619.12,0.0
2015/03/27,9593.07,9608.44,9503.53,9521.87,0.0
2015/03/31,9568.38,9594.75,9503.53,9507.66,0.0
2015/04/02,9535.98,9653.97,9535.98,9641.9,0.0
2015/04/08,9646.07,9663.05,9559.71,9568.04,0.0
2015/04/10,9626.88,9666.52,9582.84,9666.52,0.0
2015/04/14,9646.28,9664.1,9508.14,9540.06,0.0
2015/04/16,9578.71,9656.87,9570.93,9570.93,0.0
2015/04/20,9541.83,9598.86,9508.57,9533.98,0.0
2015/04/22,9549.61,9814.88,9549.61,9797.49,0.0
2015/04/24,9839.71,10002.58,9839.71,9973.12,0.0
2015/04/28,9998.08,10014.28,9842.5,9853.83,0.0
2015/04/30,9841.15,9894.9,9800.48,9845.04,0.0
2015/05/05,9849.13,9855.64,9735.94,9818.2,0.0
2015/05/07,9789.82,9789.82,9704.11,9704.11,0.0
