1999/03/24,15947.57,16061.02,15515.47,15986.04,0.0
1999/03/26,16030.53,16185.8,15905.66,16008.84,0.0
1999/03/30,16091.92,16184.54,15651.35,15836.59,0.0
1999/04/01,15868.05,16453.5,15813.41,16290.19,0.0
1999/04/05,16320.07,16634.79,16084.71,16479.71,0.0
1999/04/07,16429.86,16866.66,16341.25,16846.69,0.0
1999/04/09,16933.4,17166.06,16507.4,16507.4,0.0
1999/04/13,16617.05,16855.67,16436.19,16764.68,0.0
1999/04/15,16758.59,16979.06,16589.36,16851.58,0.0
1999/04/19,16858.28,16858.28,16526.53,16697.11,0.0
1999/04/21,16724.43,16736.06,16454.34,16665.88,0.0
1999/04/23,16715.86,17143.49,16715.86,16918.51,0.0
1999/04/27,16992.13,17149.91,16881.6,16942.24,0.0
1999/04/30,16919.58,17300.61,16701.53,17300.61,0.0
1999/05/07,17281.53,17281.53,16929.68,16977.01,0.0
1999/05/11,17003.44,17104.49,16736.9,16947.36,0.0
1999/05/13,16952.85,16960.77,16750.67,16810.39,0.0
1999/05/17,16750.91,16750.91,16291.12,16378.62,0.0
1999/05/19,16354.6,16354.6,15946.66,16199.99,0.0
1999/05/21,16220.38,16409.76,16138.88,16390.49,0.0
1999/05/25,16305.5,16334.87,16070.88,16230.52,0.0
1999/05/27,16287.02,16330.77,15886.62,15972.68,0.0
1999/05/31,15979.2,16408.5,15901.8,16408.5,0.0
1999/06/02,16404.12,16458.34,16127.9,16227.5,0.0
1999/06/04,16237.27,16576.51,16169.88,16475.89,0.0
1999/06/08,16497.95,16713.26,16450.76,16622.5,0.0
1999/06/10,16627.8,17483.38,16627.8,17198.55,0.0
1999/06/14,17193.61,17384.9,16990.55,17282.0,0.0
1999/06/16,17284.98,17550.13,17144.2,17470.45,0.0
1999/06/18,17504.33,17747.04,17431.26,17738.85,0.0
1999/06/22,17780.74,17843.53,17580.05,17586.75,0.0
1999/06/24,17590.01,17700.46,17430.42,17436.52,0.0
1999/06/28,17501.12,17825.79,17501.12,17782.79,0.0
1999/06/30,17832.59,17972.03,17529.74,17860.75,0.0
1999/07/02,17945.45,18243.14,17875.17,18135.06,0.0
1999/07/06,18131.76,18159.55,17949.73,17958.9,0.0
1999/07/08,17999.3,18045.56,17813.46,17937.73,0.0
1999/07/12,17921.58,18343.25,17843.39,18181.09,0.0
1999/07/14,18188.36,18459.51,18165.92,18431.86,0.0
1999/07/16,18438.05,18623.15,18248.3,18532.58,0.0
1999/07/21,18458.58,18458.58,17665.04,17730.34,0.0
1999/07/23,17657.17,17663.22,17414.36,17491.34,0.0
1999/07/27,17484.36,17729.68,17367.08,17579.91,0.0
1999/07/29,17633.34,17959.28,17633.34,17861.86,0.0
1999/08/02,17827.24,17969.93,17597.74,17969.93,0.0
1999/08/04,17913.62,17913.62,17210.04,17358.19,0.0
1999/08/06,17345.53,17345.53,17046.12,17190.45,0.0
1999/08/10,17188.87,17361.82,17040.72,17211.16,0.0
1999/08/12,17280.79,17493.95,17280.79,17435.17,0.0
1999/08/16,17499.12,17937.21,17499.12,17860.09,0.0
1999/08/18,17873.31,18082.47,17665.97,17879.74,0.0
1999/08/20,17907.52,18384.86,17907.52,18233.55,0.0
1999/08/24,18266.22,18397.93,17795.08,17855.16,0.0
1999/08/26,17863.91,17995.49,17567.86,17599.37,0.0
1999/08/30,17642.05,17925.07,17425.49,17436.56,0.0
1999/09/01,17479.57,17819.6,17479.57,17631.25,0.0
1999/09/03,17632.1,17839.71,17559.4,17756.51,0.0
1999/09/07,17777.92,17858.13,17509.73,17641.38,0.0
1999/09/09,17707.09,17859.71,17589.05,17711.02,0.0
1999/09/13,17735.6,17988.59,17610.31,17777.22,0.0
1999/09/16,17703.97,17703.97,17058.13,17342.27,0.0
1999/09/20,17418.23,17932.79,17418.23,17932.79,0.0
1999/09/22,17842.87,17842.87,16652.04,16871.73,0.0
1999/09/27,16888.02,17388.7,16820.93,17325.7,0.0
1999/09/29,17313.32,17771.21,17071.02,17605.46,0.0
1999/10/01,17589.73,17888.86,17510.29,17763.71,0.0
1999/10/05,17819.0,17985.47,17734.3,17896.42,0.0
1999/10/07,17985.96,18228.39,17915.15,18062.18,0.0
1999/10/12,18098.2,18221.69,17754.49,17754.49,0.0
1999/10/14,17765.75,17941.51,17511.11,17601.57,0.0
1999/10/18,17568.92,17568.92,17178.47,17254.17,0.0
1999/10/20,17297.66,17605.41,17297.66,17448.27,0.0
1999/10/22,17458.98,17787.73,17432.19,17648.79,0.0
1999/10/26,17656.43,17751.83,17360.83,17382.36,0.0
1999/10/28,17403.27,17947.57,17403.27,17942.08,0.0
1999/11/01,17982.39,18119.94,17857.11,17991.96,0.0
1999/11/04,18067.36,18491.31,18067.36,18354.9,0.0
1999/11/08,18381.24,18498.05,18179.78,18292.16,0.0
1999/11/10,18258.37,18659.55,18214.79,18327.28,0.0
1999/11/12,18358.28,18519.52,18198.09,18198.09,0.0
1999/11/16,18214.89,18509.7,18071.25,18274.82,0.0
1999/11/18,18299.95,18837.01,18292.3,18570.84,0.0
1999/11/22,18607.05,19036.08,18607.05,18896.21,0.0
1999/11/25,18914.64,19020.9,18649.31,18914.5,0.0
1999/11/29,18883.41,18909.89,18477.72,18558.23,0.0
1999/12/01,18563.26,18718.92,18339.85,18514.41,0.0
1999/12/03,18528.09,18664.49,18349.61,18507.2,0.0
1999/12/07,18512.98,18657.44,18383.89,18401.2,0.0
1999/12/09,18405.76,18416.07,18081.78,18271.85,0.0
1999/12/13,18284.98,18284.98,18039.61,18165.55,0.0
1999/12/15,18145.35,18302.83,18006.32,18111.31,0.0
1999/12/17,18126.11,18272.25,18060.35,18175.49,0.0
1999/12/21,18166.28,18461.93,18024.64,18461.93,0.0
1999/12/24,18496.46,18777.04,18472.6,18546.9,0.0
1999/12/28,18545.41,18886.04,18480.79,18810.58,0.0
1999/12/30,18793.55,19187.61,18722.51,19002.86,0.0
2000/01/05,19003.51,19003.51,18168.27,18168.27,0.0
2000/01/07,18194.05,18887.56,18068.1,18850.92,0.0
2000/01/12,18780.17,18845.03,18626.92,18833.29,0.0
2000/01/14,18882.99,19442.58,18733.83,19437.23,0.0
2000/01/18,19412.47,19412.47,18897.75,18897.75,0.0
2000/01/20,18930.26,19167.03,18713.17,18878.09,0.0
2000/01/24,18878.46,19131.19,18815.37,18895.53,0.0
2000/01/26,18982.84,19238.08,18971.68,19209.72,0.0
2000/01/28,19261.01,19595.83,19224.47,19539.7,0.0
2000/02/01,19536.68,19860.26,19266.96,19578.91,0.0
2000/02/03,19648.35,20011.91,19648.35,19763.13,0.0
2000/02/07,19832.76,19983.44,19780.56,19868.88,0.0
2000/02/09,19930.41,20046.14,19710.02,19710.02,0.0
2000/02/14,19698.57,19748.42,19331.05,19367.83,0.0
2000/02/16,19418.56,19803.69,19300.14,19791.4,0.0
2000/02/18,19852.18,19862.94,19543.75,19543.75,0.0
2000/02/22,19553.62,19712.37,19353.4,19519.55,0.0
2000/02/24,19616.26,19817.88,19539.0,19817.88,0.0
2000/02/28,19783.44,19978.75,19713.86,19959.52,0.0
2000/03/01,20030.08,20202.96,19903.29,20065.11,0.0
2000/03/03,20023.04,20160.03,19742.58,19796.35,0.0
2000/03/07,19802.54,19944.24,19692.04,19766.8,0.0
2000/03/09,19751.72,19982.44,19614.82,19750.4,0.0
2000/03/13,19731.5,19760.35,18956.25,19141.84,0.0
2000/03/15,19120.06,19313.18,18765.88,19253.23,0.0
2000/03/17,19335.6,19602.36,19335.6,19602.36,0.0
2000/03/22,19612.23,19762.3,19568.77,19704.6,0.0
2000/03/24,19752.16,20295.69,19697.57,20281.03,0.0
2000/03/28,20273.68,20809.18,20014.08,20706.65,0.0
2000/03/30,20706.45,20809.79,20259.35,20337.32,0.0
2000/04/03,20327.79,20747.82,20271.92,20594.93,0.0
2000/04/05,20546.6,20654.63,20171.62,20223.61,0.0
2000/04/07,20269.59,20640.11,20252.81,20619.06,0.0
2000/04/11,20544.4,20833.21,20436.74,20833.21,0.0
2000/04/13,20736.4,20736.4,20330.89,20434.68,0.0
2000/04/17,20341.5,20341.5,18547.38,18969.52,0.0
2000/04/19,18998.06,19382.44,18794.48,18959.32,0.0
2000/04/21,19050.68,19269.06,18091.1,18480.15,0.0
2000/04/25,18433.3,18630.3,17948.36,18134.31,0.0
2000/04/27,18122.7,18245.44,17926.43,17973.7,0.0
2000/05/01,17979.25,18586.16,17979.25,18439.36,0.0
2000/05/08,18465.71,18475.45,17804.04,17844.54,0.0
2000/05/10,17799.21,17803.44,16779.42,16882.46,0.0
2000/05/12,16963.87,17396.45,16963.87,17313.69,0.0
2000/05/16,17342.84,17691.39,17283.52,17404.03,0.0
2000/05/18,17365.09,17365.09,16572.05,16858.17,0.0
2000/05/22,16802.66,16802.66,16169.93,16318.73,0.0
2000/05/24,16237.88,16374.06,15876.34,16247.82,0.0
2000/05/26,16219.02,16245.44,15870.25,16245.44,0.0
2000/05/30,16275.96,16538.67,16210.04,16332.45,0.0
2000/06/01,16320.08,16941.42,16320.08,16800.06,0.0
2000/06/05,16842.04,17261.87,16842.04,17170.08,0.0
2000/06/07,17134.14,17250.83,16979.3,17004.34,0.0
2000/06/09,17004.72,17018.64,16785.77,16980.61,0.0
2000/06/13,16950.93,16950.93,16477.98,16654.42,0.0
2000/06/15,16635.24,16635.24,16289.92,16318.31,0.0
2000/06/19,16382.11,16907.55,16359.96,16907.55,0.0
2000/06/21,16922.25,17364.26,16854.21,17106.01,0.0
2000/06/23,17055.67,17214.47,16761.59,16925.4,0.0
2000/06/27,16969.48,17421.07,16969.48,17370.17,0.0
2000/06/29,17448.35,17511.32,17305.81,17411.05,0.0
2000/07/03,17451.65,17661.11,17434.07,17470.15,0.0
2000/07/05,17473.76,17576.28,17154.58,17282.37,0.0
2000/07/07,17290.46,17594.66,17290.46,17572.68,0.0
2000/07/11,17567.5,17573.69,17210.18,17342.13,0.0
2000/07/13,17348.34,17348.34,17009.65,17142.9,0.0
2000/07/17,17188.98,17476.86,16834.02,16945.07,0.0
2000/07/19,16905.34,17098.74,16703.01,16811.49,0.0
2000/07/24,16767.2,16767.2,16341.52,16573.59,0.0
2000/07/26,16553.57,16563.71,16027.34,16182.01,0.0
2000/07/28,16134.19,16134.19,15394.71,15727.49,0.0
2000/08/01,15784.6,16211.55,15773.72,16206.19,0.0
2000/08/03,16185.72,16185.72,15557.33,15667.36,0.0
2000/08/07,15666.81,16073.2,15666.81,15820.11,0.0
2000/08/09,15873.42,16053.61,15778.86,15975.65,0.0
2000/08/11,16008.06,16227.35,15888.56,16153.91,0.0
2000/08/15,16181.5,16409.13,16131.48,16356.03,0.0
2000/08/17,16356.14,16356.14,16079.74,16280.49,0.0
2000/08/21,16249.94,16454.74,15945.92,16454.74,0.0
2000/08/23,16446.47,16778.02,16351.42,16670.82,0.0
2000/08/25,16718.54,17209.16,16603.69,17181.12,0.0
2000/08/29,17165.91,17210.8,16895.36,16901.67,0.0
2000/08/31,16918.03,17056.54,16700.36,16739.78,0.0
2000/09/04,16764.33,16883.31,16401.28,16452.27,0.0
2000/09/06,16433.85,16531.81,16243.18,16300.46,0.0
2000/09/08,16370.23,16540.92,16089.0,16130.9,0.0
2000/09/12,16111.97,16306.4,15885.32,16190.52,0.0
2000/09/14,16208.33,16311.04,15965.71,16061.16,0.0
2000/09/19,16013.33,16523.27,15774.72,16458.31,0.0
2000/09/21,16422.49,16460.49,15785.63,15818.25,0.0
2000/09/25,15850.56,16144.19,15850.56,15928.62,0.0
2000/09/27,15907.19,15907.19,15621.88,15626.96,0.0
2000/09/29,15663.71,15902.51,15514.04,15902.51,0.0
2000/10/03,15905.25,16153.67,15779.54,16149.08,0.0
2000/10/05,16157.2,16192.78,15884.65,15994.24,0.0
2000/10/10,15958.12,15958.12,15424.71,15513.57,0.0
2000/10/12,15491.8,15580.32,15101.64,15330.31,0.0
2000/10/16,15366.81,15688.17,15340.22,15340.22,0.0
2000/10/18,15324.35,15324.35,14707.88,14811.08,0.0
2000/10/20,14842.81,15314.97,14842.81,15097.96,0.0
2000/10/24,15100.08,15229.46,14840.47,14840.47,0.0
2000/10/26,14787.38,14989.41,14577.2,14582.2,0.0
2000/10/30,14607.02,14715.66,14333.16,14539.6,0.0
2000/11/01,14557.45,14961.69,14557.45,14837.78,0.0
2000/11/06,14904.29,15422.15,14887.36,15340.33,0.0
2000/11/08,15256.16,15602.39,14997.91,15060.05,0.0
2000/11/10,14952.18,15015.19,14461.16,14664.64,0.0
2000/11/14,14680.54,14958.33,14549.73,14799.14,0.0
2000/11/16,14852.24,14857.48,14420.36,14544.3,0.0
2000/11/20,14510.39,14577.73,14211.03,14408.46,0.0
2000/11/22,14420.04,14464.0,14172.64,14315.35,0.0
2000/11/27,14422.25,14788.41,14412.43,14658.87,0.0
2000/11/29,14606.36,14683.5,14385.16,14648.51,0.0
2000/12/01,14600.53,15067.19,14596.39,14954.73,0.0
2000/12/05,15068.97,15109.64,14695.05,14889.37,0.0
2000/12/07,14825.62,14834.42,14622.83,14696.51,0.0
2000/12/11,14775.93,15270.89,14775.93,15114.64,0.0
2000/12/13,15086.25,15273.4,14883.35,14927.19,0.0
2000/12/15,14832.39,14832.39,14384.6,14483.9,0.0
2000/12/19,14461.64,14461.64,13801.98,13914.43,0.0
2000/12/21,13768.03,13780.71,13182.51,13427.08,0.0
2000/12/27,13935.26,13990.27,13797.74,13946.96,0.0
2000/12/29,13899.49,13990.57,13667.68,13691.49,0.0
2001/01/05,13763.22,13947.06,13460.82,13610.51,0.0
2001/01/10,13593.16,13593.16,13123.81,13201.07,0.0
2001/01/12,13246.2,13573.55,13246.2,13506.23,0.0
2001/01/16,13561.73,13688.9,13442.09,13667.63,0.0
2001/01/18,13734.79,14186.62,13723.21,13989.12,0.0
2001/01/22,14010.07,14060.23,13841.03,13984.66,0.0
2001/01/24,14020.61,14034.11,13730.17,13803.38,0.0
2001/01/26,13726.98,13908.4,13626.05,13845.28,0.0
2001/01/30,13885.27,13910.71,13713.55,13843.55,0.0
2001/02/01,13740.92,13862.29,13667.93,13703.63,0.0
2001/02/05,13588.64,13588.64,13240.37,13269.85,0.0
2001/02/07,13273.93,13373.78,12966.83,13138.23,0.0
2001/02/09,13140.61,13461.11,13135.02,13274.7,0.0
2001/02/14,13179.27,13416.55,13119.34,13327.39,0.0
2001/02/16,13348.72,13349.08,12950.74,13119.59,0.0
2001/02/20,13092.36,13248.36,13073.24,13100.08,0.0
2001/02/22,13041.72,13272.81,12861.33,13246.0,0.0
2001/02/26,13255.29,13315.86,13041.33,13059.86,0.0
2001/02/28,12987.5,13040.31,12528.5,12681.66,0.0
2001/03/02,12594.46,12594.46,12133.9,12322.16,0.0
2001/03/06,12402.89,12824.19,12351.14,12723.89,0.0
2001/03/08,12694.22,12756.97,12500.51,12627.9,0.0
2001/03/12,12509.67,12509.67,11710.33,11819.7,0.0
2001/03/14,11912.61,12152.83,11433.88,12152.83,0.0
2001/03/16,12169.65,12544.68,12071.49,12190.97,0.0
2001/03/21,12184.32,13237.33,12100.97,12853.97,0.0
2001/03/23,12866.02,13862.31,12866.02,13862.31,0.0
2001/03/27,13766.9,13867.58,13536.53,13765.51,0.0
2001/03/29,13620.07,13620.07,12992.45,12999.7,0.0
2001/04/02,13057.65,13357.96,12781.34,13124.47,0.0
2001/04/04,13043.18,13555.46,12874.76,13381.38,0.0
2001/04/06,13517.7,13674.58,12841.76,12841.76,0.0
2001/04/10,12847.89,13208.65,12579.56,13174.93,0.0
2001/04/12,13205.06,13578.64,13126.21,13385.72,0.0
2001/04/16,13338.92,13451.02,13019.6,13067.09,0.0
2001/04/18,13170.09,14099.49,13170.09,13868.28,0.0
2001/04/20,13855.03,14051.97,13639.11,13715.6,0.0
2001/04/24,13628.1,13920.67,13403.27,13827.5,0.0
2001/04/26,13968.93,14084.55,13795.05,13934.32,0.0
2001/05/01,14096.32,14444.84,14096.32,14421.64,0.0
2001/05/07,14384.14,14556.11,14184.85,14289.05,0.0
2001/05/09,14235.3,14235.3,13957.81,14017.79,0.0
2001/05/11,14055.09,14178.32,13828.7,13873.02,0.0
2001/05/15,13829.3,14103.06,13694.27,13694.27,0.0
2001/05/17,13845.49,14067.73,13725.25,13877.77,0.0
2001/05/21,13938.78,14345.42,13938.78,14091.19,0.0
2001/05/23,14012.19,14205.09,13801.46,13895.79,0.0
2001/05/25,13869.53,13958.35,13701.83,13737.77,0.0
2001/05/29,13697.61,13836.4,13468.73,13493.35,0.0
2001/05/31,13394.75,13419.94,13216.57,13261.84,0.0
2001/06/04,13294.21,13312.35,12984.07,13182.0,0.0
2001/06/06,13289.59,13313.14,13050.17,13277.51,0.0
2001/06/08,13324.25,13510.7,13224.99,13226.48,0.0
2001/06/12,13111.64,13164.19,12803.42,12823.45,0.0
2001/06/14,12826.18,12935.07,12578.78,12790.38,0.0
2001/06/18,12766.38,12912.92,12511.66,12574.26,0.0
2001/06/20,12575.35,13005.46,12512.13,12962.43,0.0
2001/06/22,13041.89,13079.11,12823.45,12896.47,0.0
2001/06/26,12856.15,13026.8,12828.98,12828.98,0.0
2001/06/28,12853.65,12985.21,12567.26,12969.05,0.0
2001/07/02,12929.66,12929.66,12629.51,12817.41,0.0
2001/07/04,12801.46,12801.46,12515.51,12607.3,0.0
2001/07/06,12499.3,12499.3,12029.2,12239.68,0.0
2001/07/10,12247.94,12382.29,12005.11,12005.11,0.0
2001/07/12,12133.05,12444.56,12133.05,12355.15,0.0
2001/07/16,12408.39,12408.39,12102.94,12128.57,0.0
2001/07/18,12121.41,12135.31,11847.73,11908.39,0.0
2001/07/23,11902.23,11902.23,11531.68,11883.25,0.0
2001/07/25,11823.1,12054.3,11760.97,11858.56,0.0
2001/07/27,11862.41,11948.2,11539.16,11579.27,0.0
2001/07/31,11656.65,11972.25,11656.65,11959.33,0.0
2001/08/02,12072.11,12407.37,12060.5,12241.97,0.0
2001/08/06,12170.11,12388.61,12079.55,12319.46,0.0
2001/08/08,12265.24,12293.39,11754.56,11754.56,0.0
2001/08/10,11683.22,11870.91,11417.7,11477.56,0.0
2001/08/14,11587.04,11936.75,11587.04,11755.4,0.0
2001/08/16,11645.3,11645.3,11412.36,11445.54,0.0
2001/08/20,11347.24,11370.61,11159.27,11280.38,0.0
2001/08/22,11220.25,11504.06,11104.18,11126.92,0.0
2001/08/24,11190.54,11366.18,11075.42,11275.01,0.0
2001/08/28,11255.68,11267.95,10973.27,10979.76,0.0
2001/08/30,10918.54,10969.06,10684.16,10713.51,0.0
2001/09/03,10729.6,10772.59,10325.83,10772.59,0.0
2001/09/05,10679.53,10812.89,10452.98,10650.33,0.0
2001/09/07,10541.86,10566.65,10195.69,10195.69,0.0
2001/09/11,10244.55,10344.58,9600.84,9610.1,0.0
2001/09/13,9663.93,10009.45,9476.87,10008.89,0.0
2001/09/17,9881.06,9945.8,9447.76,9679.88,0.0
2001/09/19,9682.52,10061.1,9681.79,9785.16,0.0
2001/09/21,9658.19,9867.86,9382.95,9693.97,0.0
2001/09/26,9687.51,9727.3,9551.73,9696.53,0.0
2001/09/28,9783.8,9972.28,9604.09,9972.28,0.0
2001/10/02,9937.81,10221.82,9871.94,9924.23,0.0
2001/10/04,10038.61,10261.86,10038.61,10205.87,0.0
2001/10/09,10143.39,10143.39,9934.0,9964.88,0.0
2001/10/11,10074.51,10632.35,10052.08,10632.35,0.0
2001/10/15,10545.25,10694.06,10412.25,10637.82,0.0
2001/10/17,10672.0,10790.03,10474.85,10474.85,0.0
2001/10/19,10472.44,10595.97,10437.8,10565.41,0.0
2001/10/23,10685.35,10960.91,10649.59,10802.15,0.0
2001/10/25,10847.1,11052.01,10774.29,10795.16,0.0
2001/10/29,10779.19,10798.08,10416.44,10512.82,0.0
2001/10/31,10443.65,10498.39,10318.17,10347.28,0.0
2001/11/02,10460.61,10538.45,10322.28,10447.54,0.0
2001/11/06,10518.02,10633.72,10284.98,10284.98,0.0
2001/11/08,10345.49,10431.79,10213.01,10215.71,0.0
2001/11/12,10225.59,10260.7,9955.09,10030.56,0.0
2001/11/14,10120.16,10489.89,10076.59,10489.89,0.0
2001/11/16,10488.7,10850.48,10454.2,10727.94,0.0
2001/11/20,10779.58,10789.18,10490.6,10661.08,0.0
2001/11/22,10617.44,11067.92,10529.21,11064.3,0.0
2001/11/27,11012.85,11186.75,10624.81,10624.81,0.0
2001/11/29,10607.45,10697.9,10512.66,10697.44,0.0
2001/12/03,10694.65,10695.04,10326.52,10452.65,0.0
2001/12/05,10549.39,11052.51,10523.22,10857.28,0.0
2001/12/07,10833.3,10918.19,10571.01,10571.01,0.0
2001/12/11,10523.86,10821.13,10467.61,10801.52,0.0
2001/12/13,10721.61,10731.81,10379.59,10511.65,0.0
2001/12/17,10482.4,10582.07,10302.97,10432.17,0.0
2001/12/19,10393.04,10501.98,10346.4,10434.52,0.0
2001/12/21,10394.73,10418.59,10178.87,10254.81,0.0
2001/12/26,10273.05,10457.61,10170.9,10457.61,0.0
2001/12/28,10498.8,10871.49,10427.62,10871.49,0.0
2002/01/07,10803.45,10979.92,10662.25,10695.6,0.0
2002/01/09,10661.25,10747.6,10494.35,10538.43,0.0
2002/01/11,10536.25,10571.5,10208.05,10208.05,0.0
2002/01/16,10172.16,10269.03,10074.45,10128.18,0.0
2002/01/18,10165.16,10393.56,10151.43,10280.25,0.0
2002/01/22,10225.52,10280.3,10040.91,10040.91,0.0
2002/01/24,10089.25,10240.39,10012.8,10144.14,0.0
2002/01/28,10190.28,10303.74,10026.03,10026.03,0.0
2002/01/30,9921.73,10012.15,9843.12,9997.8,0.0
2002/02/01,10026.96,10032.25,9623.99,9631.93,0.0
2002/02/05,9577.17,9683.93,9420.85,9420.85,0.0
2002/02/07,9481.09,9753.75,9458.7,9686.06,0.0
2002/02/12,9816.96,10039.25,9816.96,9968.35,0.0
2002/02/14,10014.18,10235.38,10014.18,10048.1,0.0
2002/02/18,10021.55,10129.34,9847.16,9847.16,0.0
2002/02/20,9783.16,10295.42,9773.95,10295.42,0.0
2002/02/22,10219.85,10446.28,10165.72,10296.47,0.0
2002/02/26,10405.46,10573.09,10183.52,10573.09,0.0
2002/02/28,10634.93,10813.45,10540.31,10812.0,0.0
2002/03/04,10942.5,11602.75,10941.36,11348.45,0.0
2002/03/06,11375.87,11690.36,11358.53,11648.34,0.0
2002/03/08,11710.2,12034.04,11634.31,11919.3,0.0
2002/03/12,11863.71,11912.29,11415.31,11415.31,0.0
2002/03/14,11471.83,11709.44,11347.25,11648.01,0.0
2002/03/18,11745.81,11792.82,11477.68,11792.82,0.0
2002/03/20,11833.97,11833.97,11326.22,11345.08,0.0
2002/03/25,11339.06,11524.23,11165.0,11207.92,0.0
2002/03/27,11251.7,11421.01,11190.39,11333.11,0.0
2002/03/29,11350.35,11389.6,11007.63,11028.7,0.0
2002/04/02,11142.83,11476.94,11042.25,11400.71,0.0
2002/04/04,11430.25,11537.13,11301.95,11335.49,0.0
2002/04/08,11321.28,11430.03,11113.08,11114.49,0.0
2002/04/10,11089.13,11320.67,11052.7,11147.27,0.0
2002/04/12,11069.84,11138.7,10896.12,11137.3,0.0
2002/04/16,11160.91,11544.83,11141.27,11543.71,0.0
2002/04/18,11499.78,11635.98,11386.72,11512.01,0.0
2002/04/22,11555.08,11812.99,11555.08,11736.83,0.0
2002/04/24,11749.32,11808.25,11583.07,11648.72,0.0
2002/04/26,11681.8,11685.08,11440.66,11492.54,0.0
2002/05/01,11540.09,11609.69,11518.57,11551.01,0.0
2002/05/07,11500.13,11581.41,11250.86,11520.75,0.0
2002/05/09,11633.8,11727.52,11523.84,11531.11,0.0
2002/05/13,11473.93,11507.66,11309.48,11356.19,0.0
2002/05/15,11486.06,11747.35,11486.06,11738.69,0.0
2002/05/17,11820.33,11942.91,11817.65,11856.54,0.0
2002/05/21,11803.74,11963.23,11765.21,11961.98,0.0
2002/05/23,12001.28,12023.42,11842.8,11976.28,0.0
2002/05/27,11975.33,12081.43,11889.56,11936.08,0.0
2002/05/29,11837.27,11887.73,11680.58,11770.03,0.0
2002/05/31,11780.49,11911.91,11743.99,11901.39,0.0
2002/06/04,11854.51,11874.3,11624.39,11663.87,0.0
2002/06/06,11700.13,11743.89,11365.61,11438.53,0.0
2002/06/10,11470.92,11522.04,11370.21,11449.44,0.0
2002/06/12,11392.32,11405.29,11132.59,11144.84,0.0
2002/06/14,11121.89,11127.16,10577.89,10664.11,0.0
2002/06/18,10799.43,10884.26,10448.7,10476.18,0.0
2002/06/20,10467.22,10629.44,10325.55,10354.35,0.0
2002/06/24,10255.99,10580.49,10169.07,10496.67,0.0
2002/06/26,10376.29,10376.29,10060.72,10261.6,0.0
2002/06/28,10390.53,10677.1,10366.47,10595.44,0.0
2002/07/02,10516.66,10862.69,10371.26,10812.3,0.0
2002/07/04,10752.34,10885.83,10625.92,10826.09,0.0
2002/07/08,10969.21,11050.69,10760.1,10960.25,0.0
2002/07/10,10865.93,10975.72,10457.07,10485.74,0.0
2002/07/12,10608.63,10694.41,10373.29,10375.15,0.0
2002/07/16,10313.21,10503.04,10113.61,10296.02,0.0
2002/07/18,10366.95,10513.99,10174.68,10202.36,0.0
2002/07/22,10076.3,10295.71,9982.24,10215.63,0.0
2002/07/24,10134.88,10166.68,9901.09,9929.91,0.0
2002/07/26,9868.33,9868.33,9547.85,9666.67,0.0
2002/07/30,9801.09,10013.99,9791.45,9877.94,0.0
2002/08/01,9912.59,9912.59,9633.83,9709.66,0.0
2002/08/05,9637.31,9775.93,9439.41,9501.02,0.0
2002/08/07,9637.24,9941.01,9636.54,9799.57,0.0
2002/08/09,9871.77,10043.3,9747.82,9747.82,0.0
2002/08/13,9671.33,9795.95,9618.87,9638.41,0.0
2002/08/15,9740.2,9883.65,9727.88,9788.13,0.0
2002/08/19,9773.38,9773.38,9499.51,9620.69,0.0
2002/08/21,9540.71,9851.89,9523.86,9814.02,0.0
2002/08/23,9894.8,10162.3,9797.04,10067.74,0.0
2002/08/27,10001.44,10067.25,9745.31,9766.73,0.0
2002/08/29,9681.41,9697.55,9524.78,9619.3,0.0
2002/09/02,9564.9,9565.08,9217.04,9217.04,0.0
2002/09/04,9122.7,9290.4,8995.2,9222.12,0.0
2002/09/06,9108.6,9353.44,8969.26,9306.26,0.0
2002/09/10,9354.89,9455.85,9274.46,9400.08,0.0
2002/09/12,9359.13,9440.54,9156.79,9241.93,0.0
2002/09/17,9349.38,9577.42,9257.86,9472.06,0.0
2002/09/19,9606.78,9884.6,9448.32,9481.08,0.0
2002/09/24,9396.42,9396.42,9106.45,9165.41,0.0
2002/09/26,9264.97,9572.37,9264.97,9530.44,0.0
2002/09/30,9421.25,9470.71,9143.28,9162.26,0.0
2002/10/02,9252.29,9293.86,8927.57,8936.43,0.0
2002/10/04,8899.77,9027.55,8650.36,8688.0,0.0
2002/10/08,8712.22,8798.94,8498.46,8539.34,0.0
2002/10/10,8468.03,8611.4,8197.22,8529.61,0.0
2002/10/15,8641.66,8974.79,8641.66,8884.87,0.0
2002/10/17,8894.13,9134.8,8894.13,9086.13,0.0
2002/10/21,9108.51,9116.52,8689.39,8689.39,0.0
2002/10/23,8623.87,8758.67,8499.49,8614.3,0.0
2002/10/25,8612.57,8758.75,8557.93,8757.51,0.0
2002/10/29,8715.74,8842.78,8615.3,8756.59,0.0
2002/10/31,8830.71,8830.71,8571.43,8685.72,0.0
2002/11/05,8790.66,9100.68,8790.57,8953.29,0.0
2002/11/07,8911.67,8955.7,8657.18,8690.77,0.0
2002/11/11,8619.74,8619.74,8380.46,8464.77,0.0
2002/11/13,8505.93,8505.93,8303.39,8303.39,0.0
2002/11/15,8402.26,8517.25,8292.35,8346.01,0.0
2002/11/19,8329.63,8533.01,8246.53,8459.62,0.0
2002/11/21,8537.97,8819.6,8530.93,8772.56,0.0
2002/11/25,8818.4,8983.24,8749.88,8823.99,0.0
2002/11/27,8761.17,9185.68,8761.17,9176.78,0.0
2002/11/29,9171.76,9294.1,9112.46,9174.47,0.0
2002/12/03,9244.17,9320.11,8960.62,9006.73,0.0
2002/12/05,8968.63,9035.42,8805.04,8863.26,0.0
2002/12/09,8836.68,8942.21,8753.5,8804.52,0.0
2002/12/11,8855.87,8876.03,8682.98,8708.69,0.0
2002/12/13,8694.23,8694.23,8416.2,8450.94,0.0
2002/12/17,8525.15,8583.68,8310.42,8344.01,0.0
2002/12/19,8312.3,8421.91,8256.52,8406.88,0.0
2002/12/24,8434.26,8556.58,8389.49,8501.14,0.0
2002/12/26,8575.58,8714.05,8572.72,8714.05,0.0
2002/12/30,8617.65,8761.78,8543.7,8713.33,0.0
2003/01/07,8810.74,8829.06,8491.49,8517.8,0.0
2003/01/09,8440.32,8569.85,8378.18,8470.45,0.0
2003/01/14,8512.82,8612.13,8451.7,8611.75,0.0
2003/01/16,8572.66,8732.85,8536.11,8690.25,0.0
2003/01/20,8639.04,8755.35,8495.0,8708.58,0.0
2003/01/22,8680.57,8794.97,8562.19,8790.92,0.0
2003/01/24,8779.44,8825.67,8588.63,8609.47,0.0
2003/01/28,8531.53,8582.93,8304.05,8331.08,0.0
2003/01/30,8364.9,8407.15,8237.03,8339.94,0.0
2003/02/03,8285.55,8579.41,8253.76,8484.9,0.0
2003/02/05,8425.19,8595.23,8423.93,8484.19,0.0
2003/02/07,8482.74,8517.45,8422.67,8484.93,0.0
2003/02/12,8514.78,8676.53,8514.78,8599.66,0.0
2003/02/14,8627.0,8821.31,8613.73,8771.89,0.0
2003/02/18,8775.38,8794.4,8667.17,8678.44,0.0
2003/02/20,8626.44,8685.42,8506.83,8513.54,0.0
2003/02/24,8503.98,8606.58,8324.7,8360.49,0.0
2003/02/26,8327.46,8429.17,8266.97,8359.38,0.0
2003/02/28,8429.98,8490.4,8332.41,8490.4,0.0
2003/03/04,8474.84,8499.77,8370.59,8472.62,0.0
2003/03/06,8461.71,8509.43,8144.12,8144.12,0.0
2003/03/10,8097.27,8112.87,7862.43,7862.43,0.0
2003/03/12,7908.23,8003.18,7868.56,7868.56,0.0
2003/03/14,7912.34,8038.46,7870.78,7871.64,0.0
2003/03/18,7975.25,8081.17,7824.82,8051.04,0.0
2003/03/20,8127.77,8451.05,8121.91,8435.07,0.0
2003/03/25,8351.54,8377.17,8231.95,8351.92,0.0
2003/03/27,8351.94,8381.93,8247.98,8280.16,0.0
2003/03/31,8240.1,8240.1,7866.67,7986.72,0.0
2003/04/02,8052.95,8178.24,7917.54,8017.75,0.0
2003/04/04,7999.9,8249.98,7966.39,8249.98,0.0
2003/04/08,8200.25,8200.25,8024.81,8057.61,0.0
2003/04/10,8028.8,8031.0,7807.99,7816.49,0.0
2003/04/14,7830.94,7906.19,7693.46,7838.83,0.0
2003/04/16,7898.41,7934.69,7807.96,7821.9,0.0
2003/04/18,7866.07,7996.54,7852.95,7969.08,0.0
2003/04/22,7946.95,7946.95,7747.86,7793.38,0.0
2003/04/24,7844.14,7937.86,7660.62,7699.5,0.0
2003/04/28,7679.11,7831.42,7603.76,7831.42,0.0
2003/05/01,7804.03,7907.19,7745.69,7907.19,0.0
2003/05/06,7995.49,8156.0,7995.49,8109.77,0.0
2003/05/08,8072.67,8152.16,8009.37,8152.16,0.0
2003/05/12,8193.73,8339.07,8152.38,8190.26,0.0
2003/05/14,8210.3,8271.47,8080.53,8123.4,0.0
2003/05/16,8127.13,8151.5,7974.17,8039.13,0.0
2003/05/20,7986.81,8120.91,7962.37,8018.51,0.0
2003/05/22,8008.01,8219.87,7998.27,8184.76,0.0
2003/05/26,8192.12,8262.81,8106.9,8120.24,0.0
2003/05/28,8216.48,8383.93,8216.48,8375.36,0.0
2003/05/30,8389.25,8602.22,8379.76,8547.17,0.0
2003/06/03,8547.65,8671.56,8492.24,8557.86,0.0
2003/06/05,8651.97,8814.04,8606.95,8785.87,0.0
2003/06/09,8790.03,8882.51,8716.62,8789.09,0.0
2003/06/11,8834.46,9007.29,8834.46,8918.6,0.0
2003/06/13,8941.79,9020.89,8809.47,8839.83,0.0
2003/06/17,8944.35,9188.95,8944.35,9092.97,0.0
2003/06/19,9118.18,9140.76,9001.95,9120.39,0.0
2003/06/23,9112.56,9172.53,8895.82,8919.26,0.0
2003/06/25,8899.81,8977.69,8846.75,8923.41,0.0
2003/06/27,9014.59,9140.71,9014.59,9083.11,0.0
2003/07/01,9097.61,9592.24,9078.74,9592.24,0.0
2003/07/03,9702.69,9896.64,9483.01,9547.73,0.0
2003/07/07,9589.19,10027.6,9589.19,9898.72,0.0
2003/07/09,9894.79,10070.11,9813.29,9955.62,0.0
2003/07/11,9849.15,9851.68,9600.96,9755.63,0.0
2003/07/15,9839.21,9909.65,9639.31,9735.97,0.0
2003/07/17,9659.3,9659.3,9460.28,9527.73,0.0
2003/07/22,9501.59,9631.26,9406.49,9615.34,0.0
2003/07/24,9635.06,9718.38,9569.87,9648.01,0.0
2003/07/28,9750.2,9932.18,9737.15,9834.31,0.0
2003/07/30,9811.6,9821.28,9507.39,9563.21,0.0
2003/08/01,9646.66,9652.19,9452.79,9452.79,0.0
2003/08/05,9456.82,9459.16,9287.39,9323.91,0.0
2003/08/07,9324.58,9367.64,9224.05,9327.53,0.0
2003/08/11,9349.05,9620.21,9332.47,9564.81,0.0
2003/08/13,9637.93,9924.69,9637.93,9913.47,0.0
2003/08/15,9945.3,10048.92,9854.27,10032.97,0.0
2003/08/19,10143.31,10334.29,10131.21,10292.06,0.0
2003/08/21,10245.96,10378.13,10202.72,10281.17,0.0
2003/08/25,10264.61,10356.76,10171.17,10332.57,0.0
2003/08/27,10349.64,10415.53,10189.8,10225.22,0.0
2003/08/29,10315.26,10670.18,10282.51,10670.18,0.0
2003/09/02,10668.58,10813.59,10601.48,10715.69,0.0
2003/09/04,10751.53,10783.68,10592.93,10650.77,0.0
2003/09/08,10584.36,10927.62,10562.78,10922.04,0.0
2003/09/10,10872.43,10938.3,10540.28,10546.33,0.0
2003/09/12,10656.93,10887.03,10613.7,10887.03,0.0
2003/09/17,11008.63,11099.06,10869.69,11033.32,0.0
2003/09/19,11123.73,11160.19,10412.2,10475.1,0.0
2003/09/24,10526.89,10672.54,10225.48,10310.04,0.0
2003/09/26,10217.23,10366.21,10148.36,10229.57,0.0
2003/09/30,10294.75,10420.76,10173.54,10361.24,0.0
2003/10/02,10476.58,10726.92,10465.89,10709.29,0.0
2003/10/06,10813.56,10905.19,10697.83,10820.33,0.0
2003/10/08,10757.62,10797.8,10485.6,10531.44,0.0
2003/10/10,10569.72,11031.73,10569.72,10966.43,0.0
2003/10/15,10997.61,11025.15,10831.76,11025.15,0.0
2003/10/17,11057.22,11210.94,10875.27,11161.71,0.0
2003/10/21,11234.31,11238.63,10883.77,10889.62,0.0
2003/10/23,10754.01,10754.01,10186.77,10335.7,0.0
2003/10/27,10360.86,10592.05,10349.76,10561.01,0.0
2003/10/29,10653.54,10791.75,10638.89,10695.56,0.0
2003/10/31,10708.04,10869.35,10521.4,10847.97,0.0
2003/11/05,10816.23,10837.54,10537.13,10552.3,0.0
2003/11/07,10583.12,10641.5,10479.25,10504.54,0.0
2003/11/11,10407.8,10407.8,10112.1,10226.22,0.0
2003/11/13,10345.21,10431.41,10164.12,10167.06,0.0
2003/11/17,10077.88,10077.88,9678.78,9897.05,0.0
2003/11/19,9804.09,9883.89,9614.6,9865.7,0.0
2003/11/21,9804.44,10064.45,9758.34,9960.2,0.0
2003/11/26,9965.54,10173.6,9965.54,10163.38,0.0
2003/11/28,10144.43,10439.0,9911.92,10403.27,0.0
2003/12/02,10452.64,10552.35,10326.39,10326.39,0.0
2003/12/04,10341.71,10456.78,10333.64,10373.46,0.0
2003/12/08,10281.25,10293.74,10004.71,10124.28,0.0
2003/12/10,10053.17,10088.11,9859.0,10075.14,0.0
2003/12/12,10139.69,10490.77,10085.85,10490.77,0.0
2003/12/16,10352.04,10352.04,10058.34,10092.64,0.0
2003/12/18,10096.8,10305.81,10073.26,10284.54,0.0
2003/12/22,10248.81,10400.25,10248.62,10371.27,0.0
2003/12/25,10347.75,10417.41,10311.6,10417.41,0.0
2003/12/29,10454.69,10681.28,10454.69,10676.64,0.0
2004/01/05,10787.83,10945.3,10785.87,10813.99,0.0
2004/01/07,10835.9,10888.61,10710.3,10837.65,0.0
2004/01/09,10932.34,11008.56,10790.41,10849.68,0.0
2004/01/14,10797.7,10883.24,10665.15,10665.15,0.0
2004/01/16,10719.19,11044.31,10715.25,11036.33,0.0
2004/01/20,11055.01,11193.64,10979.25,11002.39,0.0
2004/01/22,11060.31,11139.39,10937.48,11069.01,0.0
2004/01/26,11004.44,11075.3,10872.79,10928.03,0.0
2004/01/28,10844.58,10901.45,10666.55,10779.44,0.0
2004/01/30,10761.83,10861.97,10729.38,10776.73,0.0
2004/02/03,10787.32,10800.78,10418.77,10447.25,0.0
2004/02/05,10377.9,10502.35,10374.9,10460.92,0.0
2004/02/09,10533.4,10595.94,10299.43,10365.4,0.0
2004/02/12,10450.37,10572.62,10413.06,10557.69,0.0
2004/02/16,10566.02,10721.31,10529.26,10701.13,0.0
2004/02/18,10759.48,10813.06,10676.81,10753.8,0.0
2004/02/20,10743.8,10893.43,10676.21,10868.96,0.0
2004/02/24,10821.97,10856.56,10617.86,10658.73,0.0
2004/02/26,10734.33,11069.28,10690.95,11041.92,0.0
2004/03/01,11112.68,11386.48,11096.68,11361.51,0.0
2004/03/03,11365.72,11480.84,11320.0,11401.79,0.0
2004/03/05,11476.49,11643.37,11411.66,11502.86,0.0
2004/03/09,11460.6,11532.04,11353.9,11433.24,0.0
2004/03/11,11310.15,11354.96,11045.94,11162.75,0.0
2004/03/15,11284.35,11348.4,11236.35,11242.29,0.0
2004/03/17,11297.46,11647.71,11297.46,11484.28,0.0
2004/03/19,11416.04,11487.73,11284.84,11318.51,0.0
2004/03/23,11200.83,11384.69,11071.66,11364.99,0.0
2004/03/25,11431.61,11782.18,11425.58,11770.65,0.0
2004/03/29,11775.46,11869.0,11672.92,11693.68,0.0
2004/03/31,11716.55,11813.7,11592.83,11683.42,0.0
2004/04/02,11726.87,12003.92,11715.41,11958.32,0.0
2004/04/06,12042.99,12097.7,11937.52,12019.62,0.0
2004/04/08,12013.16,12119.31,11862.34,11897.51,0.0
2004/04/12,11926.48,12170.96,11926.48,12127.82,0.0
2004/04/14,12064.49,12189.98,11770.4,11800.4,0.0
2004/04/16,11817.97,11864.41,11623.65,11764.21,0.0
2004/04/20,11821.46,12037.95,11768.08,11944.3,0.0
2004/04/22,12026.09,12120.66,11952.78,12120.66,0.0
2004/04/26,12135.31,12195.66,12025.21,12044.88,0.0
2004/04/28,12077.21,12085.39,11652.17,11761.79,0.0
2004/05/06,11777.44,11785.26,11438.82,11438.82,0.0
2004/05/10,11384.03,11392.79,10790.13,10907.18,0.0
2004/05/12,11017.65,11157.34,10825.1,10825.1,0.0
2004/05/14,10846.61,10939.09,10489.84,10505.05,0.0
2004/05/18,10533.17,10993.08,10524.5,10967.74,0.0
2004/05/20,10949.07,11076.43,10760.69,11070.25,0.0
2004/05/24,11094.71,11170.27,10927.44,10962.93,0.0
2004/05/26,11095.37,11219.46,11093.83,11166.03,0.0
2004/05/28,11267.23,11345.4,11100.85,11236.37,0.0
2004/06/01,11204.69,11338.47,11170.09,11242.34,0.0
2004/06/03,11275.95,11358.51,10963.56,11128.05,0.0
2004/06/07,11212.64,11542.59,11212.64,11521.93,0.0
2004/06/09,11514.72,11624.71,11367.4,11575.97,0.0
2004/06/11,11595.0,11637.73,11475.31,11491.66,0.0
2004/06/15,11457.11,11673.48,11349.43,11641.72,0.0
2004/06/17,11630.21,11649.33,11310.16,11382.08,0.0
2004/06/21,11474.39,11729.13,11472.08,11581.27,0.0
2004/06/23,11642.23,11744.15,11547.13,11744.15,0.0
2004/06/25,11742.94,11884.06,11661.11,11884.06,0.0
2004/06/29,11816.89,11887.95,11788.15,11858.87,0.0
2004/07/01,11933.33,11988.12,11693.0,11721.49,0.0
2004/07/05,11622.85,11648.85,11475.27,11475.27,0.0
2004/07/07,11359.71,11429.24,11251.35,11322.23,0.0
2004/07/09,11283.28,11598.9,11283.08,11582.28,0.0
2004/07/13,11544.02,11664.0,11356.65,11356.65,0.0
2004/07/15,11413.33,11475.12,11243.28,11436.0,0.0
2004/07/20,11318.14,11433.86,11191.76,11433.86,0.0
2004/07/22,11310.57,11310.57,11170.54,11187.33,0.0
2004/07/26,11099.87,11180.8,11028.35,11031.54,0.0
2004/07/28,11133.48,11236.03,11018.79,11116.84,0.0
2004/07/30,11211.2,11325.99,11161.84,11222.24,0.0
2004/08/03,11230.29,11258.88,10888.78,11010.02,0.0
2004/08/05,11060.18,11104.69,10894.65,10972.57,0.0
2004/08/09,10827.6,10972.07,10737.42,10953.55,0.0
2004/08/11,11049.8,11091.64,10997.07,11028.07,0.0
2004/08/13,10901.56,10903.61,10545.89,10687.81,0.0
2004/08/17,10772.24,10802.64,10659.21,10774.26,0.0
2004/08/19,10861.92,10938.94,10830.65,10889.14,0.0
2004/08/23,10961.91,11016.12,10897.11,10985.33,0.0
2004/08/25,10959.52,11225.95,10934.45,11129.33,0.0
2004/08/27,11148.21,11226.3,11107.94,11184.53,0.0
2004/08/31,11119.15,11169.43,11042.29,11127.35,0.0
2004/09/02,11179.32,11190.51,11013.36,11022.49,0.0
2004/09/06,11086.69,11312.06,11057.32,11298.94,0.0
2004/09/08,11345.12,11357.85,11145.79,11170.96,0.0
2004/09/10,11089.9,11257.85,10960.03,11253.11,0.0
2004/09/14,11312.72,11352.42,11158.58,11158.58,0.0
2004/09/16,11092.7,11177.66,11046.1,11082.49,0.0
2004/09/21,11148.21,11151.11,10963.82,11019.41,0.0
2004/09/24,10934.02,10934.02,10782.56,10859.32,0.0
2004/09/28,10805.66,10873.89,10737.78,10786.1,0.0
2004/09/30,10870.21,10987.18,10823.57,10985.17,0.0
2004/10/04,11111.45,11304.72,11105.0,11281.83,0.0
2004/10/06,11221.54,11410.4,11218.38,11354.59,0.0
2004/10/08,11311.41,11370.34,11182.5,11201.81,0.0
2004/10/13,11235.46,11306.87,11033.31,11034.29,0.0
2004/10/15,10960.25,11022.11,10913.21,10965.62,0.0
2004/10/19,11028.38,11106.82,10853.89,10882.18,0.0
2004/10/21,10882.05,10901.34,10753.07,10857.13,0.0
2004/10/25,10718.93,10718.93,10575.23,10672.46,0.0
2004/10/27,10740.65,10895.09,10657.15,10853.12,0.0
2004/10/29,10805.12,10805.12,10690.95,10734.71,0.0
2004/11/02,10775.0,11005.2,10775.0,10946.27,0.0
2004/11/05,11040.06,11096.45,10974.33,10983.83,0.0
2004/11/09,10967.17,11040.44,10945.1,10994.96,0.0
2004/11/11,11021.88,11048.29,10841.43,11019.98,0.0
2004/11/15,11079.17,11268.81,11073.77,11161.75,0.0
2004/11/17,11132.05,11235.32,11062.73,11082.42,0.0
2004/11/19,11120.94,11158.45,10769.52,10849.39,0.0
2004/11/24,10832.02,10915.2,10818.24,10900.34,0.0
2004/11/26,10924.45,11013.3,10816.38,10977.89,0.0
2004/11/30,10909.25,10923.56,10721.59,10784.25,0.0
2004/12/02,10922.57,11107.1,10912.87,11074.89,0.0
2004/12/06,11021.16,11026.86,10863.81,10873.63,0.0
2004/12/08,10808.44,10948.97,10742.73,10776.63,0.0
2004/12/10,10730.38,10854.76,10730.38,10789.25,0.0
2004/12/14,10842.8,10999.92,10821.36,10956.46,0.0
2004/12/16,10909.29,11130.82,10871.69,11078.32,0.0
2004/12/20,11073.55,11186.71,11036.8,11125.92,0.0
2004/12/22,11205.92,11369.98,11193.67,11365.48,0.0
2004/12/27,11374.52,11424.13,11314.4,11424.13,0.0
2004/12/29,11481.32,11500.95,11381.56,11488.76,0.0
2005/01/04,11458.27,11547.02,11416.97,11437.52,0.0
2005/01/06,11372.35,11528.69,11372.21,11433.24,0.0
2005/01/11,11495.46,11580.69,11449.49,11453.39,0.0
2005/01/13,11398.94,11491.18,11320.49,11438.39,0.0
2005/01/17,11475.2,11535.86,11401.32,11423.26,0.0
2005/01/19,11467.74,11486.93,11259.27,11284.77,0.0
2005/01/21,11226.07,11303.21,11212.63,11289.49,0.0
2005/01/25,11261.62,11379.57,11214.6,11376.57,0.0
2005/01/27,11390.09,11390.09,11218.88,11320.58,0.0
2005/01/31,11296.99,11467.5,11266.09,11384.4,0.0
2005/02/02,11432.34,11447.28,11344.41,11389.35,0.0
2005/02/04,11381.5,11531.25,11271.04,11499.86,0.0
2005/02/08,11504.12,11538.13,11457.96,11473.35,0.0
2005/02/10,11434.89,11677.57,11414.99,11632.2,0.0
2005/02/15,11648.68,11684.91,11585.46,11601.68,0.0
2005/02/17,11583.84,11660.12,11562.93,11660.12,0.0
2005/02/21,11682.19,11690.49,11592.04,11597.71,0.0
2005/02/23,11510.76,11557.86,11452.42,11531.15,0.0
2005/02/25,11585.84,11754.9,11585.46,11740.6,0.0
2005/03/01,11734.14,11831.69,11719.77,11813.71,0.0
2005/03/03,11790.91,11881.98,11769.67,11873.05,0.0
2005/03/07,11935.8,11975.46,11878.89,11886.91,0.0
2005/03/09,11882.25,11966.69,11863.54,11864.91,0.0
2005/03/11,11838.02,11964.21,11838.02,11850.25,0.0
2005/03/15,11899.2,11912.81,11785.16,11873.18,0.0
2005/03/17,11785.95,11922.54,11754.98,11879.81,0.0
2005/03/22,11867.34,11889.13,11681.16,11739.12,0.0
2005/03/24,11741.17,11819.37,11706.27,11761.1,0.0
2005/03/28,11709.79,11816.72,11563.12,11599.82,0.0
2005/03/30,11548.93,11668.95,11506.85,11668.95,0.0
2005/04/01,11590.45,11723.63,11557.13,11667.54,0.0
2005/04/05,11695.97,11841.25,11695.97,11827.16,0.0
2005/04/07,11848.49,11911.9,11757.87,11874.75,0.0
2005/04/11,11847.92,11847.92,11657.66,11670.3,0.0
2005/04/13,11688.22,11718.78,11474.82,11563.17,0.0
2005/04/15,11463.15,11463.15,10920.66,10938.44,0.0
2005/04/19,11019.76,11199.38,10966.46,11088.58,0.0
2005/04/21,10950.73,11134.99,10770.58,11045.95,0.0
2005/04/25,11064.95,11114.45,11019.94,11035.83,0.0
2005/04/27,10968.77,11022.44,10892.71,11008.9,0.0
2005/05/02,10954.21,11192.17,10913.97,11192.17,0.0
2005/05/09,11199.1,11211.36,11119.48,11159.46,0.0
2005/05/11,11091.26,11135.5,11038.26,11077.94,0.0
2005/05/13,11044.71,11103.08,10935.53,10947.22,0.0
2005/05/17,11046.3,11066.76,10788.59,10835.41,0.0
2005/05/19,10973.28,11110.45,10953.08,11037.29,0.0
2005/05/23,11073.01,11199.23,11056.86,11133.65,0.0
2005/05/25,11127.31,11127.9,10978.85,11027.94,0.0
2005/05/27,11098.26,11302.52,11089.23,11266.33,0.0
2005/05/31,11273.81,11329.67,11220.55,11329.67,0.0
2005/06/02,11341.89,11374.69,11233.65,11300.05,0.0
2005/06/06,11232.65,11270.62,11179.13,11217.45,0.0
2005/06/08,11235.27,11322.43,11148.36,11160.88,0.0
2005/06/10,11192.99,11371.82,11173.93,11311.51,0.0
2005/06/14,11348.53,11429.93,11326.51,11415.88,0.0
2005/06/16,11419.94,11514.03,11386.01,11514.03,0.0
2005/06/20,11539.18,11539.18,11455.23,11488.74,0.0
2005/06/22,11487.06,11576.75,11445.43,11576.75,0.0
2005/06/24,11480.33,11537.03,11378.99,11414.28,0.0
2005/06/28,11421.48,11594.57,11413.84,11577.44,0.0
2005/06/30,11573.78,11663.66,11540.93,11630.13,0.0
2005/07/04,11664.22,11664.22,11606.76,11616.7,0.0
2005/07/06,11648.04,11676.2,11567.51,11590.14,0.0
2005/07/08,11563.84,11713.12,11563.84,11674.79,0.0
2005/07/12,11737.32,11738.3,11659.65,11659.84,0.0
2005/07/14,11715.46,11828.31,11715.46,11758.68,0.0
2005/07/19,11761.61,11816.99,11731.99,11789.35,0.0
2005/07/21,11808.53,11867.23,11650.37,11695.05,0.0
2005/07/25,11721.7,11782.21,11718.66,11737.96,0.0
2005/07/27,11770.57,11889.86,11770.57,11858.31,0.0
2005/07/29,11900.56,11972.84,11826.86,11946.92,0.0
2005/08/02,11954.23,12009.56,11920.88,11981.8,0.0
2005/08/04,11945.14,11945.14,11724.61,11766.48,0.0
2005/08/08,11670.71,11958.07,11614.71,11900.32,0.0
2005/08/10,11996.29,12284.76,11991.69,12263.32,0.0
2005/08/12,12276.24,12324.43,12228.13,12256.55,0.0
2005/08/16,12324.76,12369.74,12270.85,12273.12,0.0
2005/08/18,12322.8,12369.53,12219.52,12291.73,0.0
2005/08/22,12330.7,12612.16,12330.7,12472.93,0.0
2005/08/24,12421.53,12515.66,12401.34,12405.16,0.0
2005/08/26,12458.08,12482.63,12274.81,12309.83,0.0
2005/08/30,12411.41,12457.04,12393.68,12413.6,0.0
2005/09/01,12501.43,12600.0,12501.43,12600.0,0.0
2005/09/05,12616.3,12730.21,12580.37,12599.43,0.0
2005/09/07,12682.85,12682.85,12498.4,12533.89,0.0
2005/09/09,12561.84,12926.57,12556.43,12896.43,0.0
2005/09/13,12896.22,12940.68,12830.88,12834.25,0.0
2005/09/15,12817.78,12992.99,12806.71,12958.68,0.0
2005/09/20,12991.63,13235.42,12991.63,13196.57,0.0
2005/09/22,13120.89,13392.63,13090.28,13392.63,0.0
2005/09/27,13370.09,13487.85,13282.3,13435.91,0.0
2005/09/29,13515.73,13678.44,13440.9,13574.3,0.0
2005/10/03,13566.2,13738.84,13454.67,13738.84,0.0
2005/10/05,13761.81,13783.6,13285.83,13359.51,0.0
2005/10/07,13279.3,13556.71,13221.33,13556.71,0.0
2005/10/12,13565.87,13704.09,13266.98,13449.24,0.0
2005/10/14,13581.32,13581.32,13341.64,13400.29,0.0
2005/10/18,13376.19,13441.78,13073.46,13129.49,0.0
2005/10/20,13221.91,13264.4,12996.29,13199.95,0.0
2005/10/24,13232.41,13336.64,13083.04,13280.62,0.0
2005/10/26,13291.46,13501.24,13285.6,13417.08,0.0
2005/10/28,13344.93,13606.5,13272.84,13606.5,0.0
2005/11/01,13606.5,13927.51,13606.5,13894.78,0.0
2005/11/04,14040.63,14099.49,13978.96,14061.6,0.0
2005/11/08,14067.78,14136.16,13951.4,14072.2,0.0
2005/11/10,14058.29,14206.14,13981.99,14155.06,0.0
2005/11/14,14218.72,14218.72,14043.45,14091.77,0.0
2005/11/16,14035.74,14448.75,14015.62,14411.79,0.0
2005/11/18,14542.78,14808.21,14542.78,14680.43,0.0
2005/11/22,14726.04,14866.99,14650.06,14742.58,0.0
2005/11/25,14693.87,14986.94,14613.18,14986.94,0.0
2005/11/29,14900.64,15013.24,14868.03,14872.15,0.0
2005/12/01,14914.75,15421.6,14880.18,15421.6,0.0
2005/12/05,15413.52,15572.72,15379.64,15423.38,0.0
2005/12/07,15520.34,15558.32,15183.36,15183.36,0.0
2005/12/09,15127.8,15764.99,15117.15,15738.7,0.0
2005/12/13,15754.31,15885.52,15447.15,15464.58,0.0
2005/12/15,15376.27,15469.35,15095.56,15173.07,0.0
2005/12/19,15252.15,15647.69,15196.0,15641.26,0.0
2005/12/21,15713.07,16010.17,15711.91,15941.37,0.0
2005/12/26,16027.66,16108.94,15962.73,15969.4,0.0
2005/12/28,15920.67,16445.56,15911.23,16344.2,0.0
2005/12/30,16412.75,16413.18,16111.43,16361.54,0.0
2006/01/05,16441.27,16479.55,16320.43,16428.21,0.0
2006/01/10,16487.05,16487.05,16005.24,16363.59,0.0
2006/01/12,16426.69,16490.27,16310.45,16454.95,0.0
2006/01/16,16360.04,16387.63,15805.95,15805.95,0.0
2006/01/18,15725.64,15740.82,15059.52,15696.28,0.0
2006/01/20,15847.17,15875.39,15312.71,15360.65,0.0
2006/01/24,15470.91,15849.52,15470.39,15651.0,0.0
2006/01/26,15783.7,16460.68,15764.89,16460.68,0.0
2006/01/30,16615.91,16754.6,16538.72,16649.82,0.0
2006/02/01,16594.9,16736.18,16480.09,16710.55,0.0
2006/02/03,16596.21,16777.37,16567.87,16747.76,0.0
2006/02/07,16768.16,16769.37,16272.68,16272.68,0.0
2006/02/09,16444.74,16540.49,16090.93,16257.83,0.0
2006/02/13,16191.93,16191.93,15691.86,16184.87,0.0
2006/02/15,16302.94,16312.74,15842.0,16043.67,0.0
2006/02/17,16078.51,16129.94,15389.58,15437.93,0.0
2006/02/21,15602.83,15923.0,15573.71,15781.78,0.0
2006/02/23,15908.87,16118.11,15892.51,16101.91,0.0
2006/02/27,16192.95,16290.15,15953.32,16205.43,0.0
2006/03/01,16026.82,16106.26,15879.71,15909.76,0.0
2006/03/03,15835.43,15901.16,15609.8,15901.16,0.0
2006/03/07,15864.57,15864.57,15553.14,15627.49,0.0
2006/03/09,15645.3,16264.89,15645.3,16115.63,0.0
2006/03/13,16264.59,16410.29,16238.36,16238.36,0.0
2006/03/15,16342.52,16367.76,16032.55,16096.21,0.0
2006/03/17,16172.74,16667.13,16106.38,16624.8,0.0
2006/03/22,16578.5,16661.14,16464.47,16489.37,0.0
2006/03/24,16501.5,16711.16,16462.47,16650.1,0.0
2006/03/28,16550.47,16976.29,16463.95,16938.41,0.0
2006/03/30,17011.13,17125.64,16974.47,17059.66,0.0
2006/04/03,17127.61,17410.3,17105.5,17292.91,0.0
2006/04/05,17340.14,17489.33,17187.35,17489.33,0.0
2006/04/07,17498.88,17563.37,17385.25,17456.58,0.0
2006/04/11,17460.68,17489.16,17162.0,17162.55,0.0
2006/04/13,17232.28,17319.33,17068.96,17233.82,0.0
2006/04/17,17233.73,17268.05,16945.3,17232.86,0.0
2006/04/19,17405.92,17459.24,17283.97,17317.53,0.0
2006/04/21,17332.35,17479.73,16892.15,16914.4,0.0
2006/04/25,16929.36,17107.93,16787.44,17055.93,0.0
2006/04/27,17118.92,17176.06,16750.5,16906.23,0.0
2006/05/01,16929.83,17188.54,16868.69,17153.77,0.0
2006/05/08,17334.19,17375.25,17178.95,17190.91,0.0
2006/05/10,17161.47,17253.11,16840.85,16862.14,0.0
2006/05/12,16655.98,16655.98,16317.2,16486.91,0.0
2006/05/16,16508.89,16596.48,16033.66,16307.67,0.0
2006/05/18,16089.25,16166.34,15914.39,16155.45,0.0
2006/05/22,16254.56,16268.51,15582.86,15599.2,0.0
2006/05/24,15676.64,15907.2,15508.51,15693.75,0.0
2006/05/26,15827.87,16111.54,15819.32,15915.68,0.0
2006/05/30,15920.79,15937.91,15442.53,15467.33,0.0
2006/06/01,15603.25,15789.31,15266.97,15789.31,0.0
2006/06/05,15719.31,15784.95,15340.93,15384.86,0.0
2006/06/07,15285.05,15433.29,14496.96,14633.03,0.0
2006/06/09,14530.5,14845.04,14389.31,14833.01,0.0
2006/06/13,14650.59,14658.23,14045.53,14309.56,0.0
2006/06/15,14453.33,14976.67,14417.7,14879.34,0.0
2006/06/19,14815.86,14918.6,14621.87,14648.41,0.0
2006/06/21,14712.86,15138.47,14482.96,15135.69,0.0
2006/06/23,15001.77,15216.78,14865.57,15152.4,0.0
2006/06/27,15165.63,15207.38,14824.8,14886.11,0.0
2006/06/29,14981.7,15521.22,14975.78,15505.18,0.0
2006/07/03,15573.35,15710.39,15513.29,15638.5,0.0
2006/07/05,15504.17,15584.62,15278.18,15321.4,0.0
2006/07/07,15428.32,15555.43,15079.74,15552.81,0.0
2006/07/11,15485.26,15498.2,15169.15,15249.32,0.0
2006/07/13,15127.74,15370.35,14815.9,14845.24,0.0
2006/07/18,14714.18,14747.2,14437.24,14500.26,0.0
2006/07/20,14713.56,14962.13,14705.43,14821.26,0.0
2006/07/24,14700.58,15078.36,14560.67,15005.24,0.0
2006/07/26,15065.57,15220.33,14839.49,15179.78,0.0
2006/07/28,15217.44,15536.32,15150.53,15456.81,0.0
2006/08/01,15387.52,15522.03,15287.81,15464.29,0.0
2006/08/03,15527.27,15580.91,15435.33,15499.18,0.0
2006/08/07,15494.47,15516.24,15154.06,15464.66,0.0
2006/08/09,15417.02,15690.86,15240.3,15630.91,0.0
2006/08/11,15622.24,15837.23,15549.67,15857.11,0.0
2006/08/15,15831.69,16085.07,15807.72,16071.36,0.0
2006/08/17,16142.56,16204.6,16008.44,16105.98,0.0
2006/08/21,16104.5,16244.84,15936.61,16181.17,0.0
2006/08/23,16161.82,16226.59,15910.62,15960.62,0.0
2006/08/25,15955.76,16156.78,15745.01,15762.59,0.0
2006/08/29,15881.92,15962.93,15769.16,15872.02,0.0
2006/08/31,15884.61,16207.41,15882.26,16134.25,0.0
2006/09/04,16280.18,16414.94,16280.18,16385.96,0.0
2006/09/06,16350.27,16400.71,15944.03,16012.41,0.0
2006/09/08,15907.97,16156.18,15772.07,15794.38,0.0
2006/09/12,15843.8,15965.31,15675.37,15750.05,0.0
2006/09/14,15831.72,15994.79,15763.9,15866.93,0.0
2006/09/19,15948.47,16096.18,15622.28,15718.67,0.0
2006/09/21,15820.11,15859.21,15580.19,15634.67,0.0
2006/09/25,15550.56,15691.06,15513.87,15557.45,0.0
2006/09/27,15692.98,16032.98,15681.44,16024.85,0.0
2006/09/29,16097.08,16329.24,16007.37,16254.29,0.0
2006/10/03,16198.55,16363.12,16028.32,16082.55,0.0
2006/10/05,16291.79,16481.31,16286.64,16436.06,0.0
2006/10/10,16325.48,16620.15,16325.48,16400.57,0.0
2006/10/12,16386.37,16586.33,16343.49,16536.54,0.0
2006/10/16,16663.22,16732.44,16561.26,16611.59,0.0
2006/10/18,16519.91,16688.96,16466.74,16551.36,0.0
2006/10/20,16556.09,16797.71,16552.36,16788.82,0.0
2006/10/24,16853.73,16901.53,16697.01,16699.3,0.0
2006/10/26,16794.41,16879.33,16643.91,16669.07,0.0
2006/10/30,16544.5,16549.71,16314.29,16399.39,0.0
2006/11/01,16338.72,16444.51,16209.14,16350.02,0.0
2006/11/06,16278.78,16512.51,16204.13,16393.41,0.0
2006/11/08,16404.05,16423.83,16094.49,16198.57,0.0
2006/11/10,16133.91,16280.66,15913.86,16022.49,0.0
2006/11/14,16178.81,16373.48,16176.02,16243.47,0.0
2006/11/16,16292.48,16367.1,16067.27,16091.73,0.0
2006/11/20,16004.34,16036.18,15696.22,15734.14,0.0
2006/11/22,15680.53,15914.23,15639.19,15734.6,0.0
2006/11/27,15615.56,15912.11,15615.56,15855.26,0.0
2006/11/29,15948.69,16274.33,15945.07,16274.33,0.0
2006/12/01,16313.02,16376.3,16185.92,16303.59,0.0
2006/12/05,16370.56,16401.31,16239.28,16371.28,0.0
2006/12/07,16461.91,16550.73,16387.8,16417.82,0.0
2006/12/11,16487.3,16682.65,16470.4,16637.78,0.0
2006/12/13,16609.25,16829.2,16589.73,16829.2,0.0
2006/12/15,16927.94,16993.88,16858.35,16962.11,0.0
2006/12/19,16883.86,17050.73,16754.21,17011.04,0.0
2006/12/21,17040.93,17109.17,16992.77,17104.96,0.0
2006/12/25,17104.8,17185.71,17056.59,17169.19,0.0
2006/12/27,17207.12,17301.69,17163.75,17224.81,0.0
2006/12/29,17228.49,17379.46,17225.83,17353.67,0.0
2007/01/05,17315.54,17327.13,16983.97,17237.77,0.0
2007/01/10,17192.42,17199.42,16758.46,16838.17,0.0
2007/01/12,16979.73,17273.58,16941.39,17209.92,0.0
2007/01/16,17190.9,17335.03,17002.67,17261.35,0.0
2007/01/18,17248.14,17408.62,17220.42,17310.44,0.0
2007/01/22,17429.9,17484.59,17321.29,17408.57,0.0
2007/01/24,17505.31,17617.64,17427.54,17458.3,0.0
2007/01/26,17368.05,17489.59,17300.84,17470.46,0.0
2007/01/30,17510.0,17558.53,17275.84,17383.42,0.0
2007/02/01,17377.03,17633.61,17361.01,17547.11,0.0
2007/02/05,17531.41,17531.41,17294.98,17406.86,0.0
2007/02/07,17367.91,17400.35,17199.66,17292.48,0.0
2007/02/09,17339.56,17628.03,17274.89,17621.45,0.0
2007/02/14,17662.29,17911.58,17648.81,17897.23,0.0
2007/02/16,17828.78,17974.0,17793.35,17940.09,0.0
2007/02/20,17919.33,17968.26,17828.95,17913.21,0.0
2007/02/22,18033.23,18239.13,18024.48,18188.42,0.0
2007/02/26,18219.75,18300.39,18073.22,18119.92,0.0
2007/02/28,17843.61,17843.61,17261.6,17453.51,0.0
2007/03/02,17351.4,17356.45,16532.91,16642.25,0.0
2007/03/06,16654.85,16988.01,16649.1,16764.62,0.0
2007/03/08,16729.79,17246.21,16685.95,17164.04,0.0
2007/03/12,17312.14,17325.45,17153.2,17178.84,0.0
2007/03/14,16936.19,16942.31,16628.85,16860.39,0.0
2007/03/16,16779.48,17026.46,16643.76,17009.55,0.0
2007/03/20,17155.35,17489.19,17146.53,17419.2,0.0
2007/03/23,17519.51,17558.04,17407.97,17521.96,0.0
2007/03/27,17357.26,17516.89,17141.65,17254.73,0.0
2007/03/29,17119.95,17380.8,17036.22,17287.65,0.0
2007/04/02,17346.25,17425.74,16999.05,17244.05,0.0
2007/04/04,17400.68,17576.51,17394.14,17491.42,0.0
2007/04/06,17502.9,17747.82,17422.55,17743.76,0.0
2007/04/10,17631.02,17723.39,17613.15,17670.07,0.0
2007/04/12,17601.65,17662.89,17327.37,17363.95,0.0
2007/04/16,17507.18,17782.08,17452.12,17527.45,0.0
2007/04/18,17557.4,17706.85,17219.73,17371.97,0.0
2007/04/20,17471.56,17656.55,17404.62,17455.37,0.0
2007/04/24,17363.84,17500.34,17221.55,17236.16,0.0
2007/04/26,17359.84,17542.25,17299.37,17400.41,0.0
2007/05/01,17396.3,17441.1,17203.03,17394.92,0.0
2007/05/07,17564.17,17715.99,17558.24,17656.84,0.0
2007/05/09,17616.58,17827.48,17616.58,17736.96,0.0
2007/05/11,17616.02,17786.65,17455.28,17677.94,0.0
2007/05/15,17577.14,17609.55,17430.7,17529.0,0.0
2007/05/17,17586.33,17656.07,17320.81,17399.58,0.0
2007/05/21,17455.55,17730.84,17411.51,17680.05,0.0
2007/05/23,17763.15,17802.71,17606.56,17696.97,0.0
2007/05/25,17529.27,17630.37,17370.18,17587.59,0.0
2007/05/29,17524.82,17727.17,17484.3,17588.26,0.0
2007/05/31,17715.77,18017.73,17701.57,17958.88,0.0
2007/06/04,18067.9,18071.8,17950.45,18053.81,0.0
2007/06/07,17879.01,18053.38,17696.51,17779.09,0.0
2007/06/11,17899.02,17932.1,17735.56,17760.91,0.0
2007/06/13,17631.87,17875.02,17591.93,17842.29,0.0
2007/06/15,17945.84,18194.26,17930.34,18149.52,0.0
2007/06/19,18131.59,18297.0,18103.56,18211.68,0.0
2007/06/21,18117.3,18287.73,18092.36,18188.63,0.0
2007/06/25,18107.68,18203.56,18008.6,18066.11,0.0
2007/06/27,17981.77,17983.35,17848.05,17932.27,0.0
2007/06/29,18010.5,18175.3,17973.5,18146.3,0.0
2007/07/03,18206.49,18230.89,18143.58,18168.72,0.0
2007/07/05,18191.89,18295.27,18086.01,18140.94,0.0
2007/07/09,18226.07,18282.15,18204.04,18252.67,0.0
2007/07/11,18116.66,18130.44,17919.17,17984.14,0.0
2007/07/13,18161.02,18269.36,18150.99,18217.27,0.0
2007/07/18,18136.06,18136.06,17964.28,18116.57,0.0
2007/07/20,18148.6,18223.04,17892.75,17963.64,0.0
2007/07/24,17998.76,18018.94,17733.96,17858.42,0.0
2007/07/26,17807.23,17861.47,17196.16,17283.81,0.0
2007/07/30,17138.53,17318.01,17042.66,17248.89,0.0
2007/08/01,17169.2,17169.2,16652.8,16984.11,0.0
2007/08/03,17019.8,17102.07,16675.39,16914.46,0.0
2007/08/07,17009.63,17085.1,16863.46,17029.28,0.0
2007/08/09,17170.36,17274.33,16651.71,16764.09,0.0
2007/08/13,16791.8,16948.4,16725.55,16844.61,0.0
2007/08/15,16659.07,16667.36,15859.46,16148.49,0.0
2007/08/17,16035.38,16062.59,15262.1,15732.48,0.0
2007/08/21,15773.86,16101.64,15754.51,15900.64,0.0
2007/08/23,16093.82,16333.36,16093.82,16248.97,0.0
2007/08/27,16429.01,16504.72,16192.84,16287.49,0.0
2007/08/29,16068.1,16269.66,15830.28,16153.82,0.0
2007/08/31,16270.99,16575.97,16266.23,16524.93,0.0
2007/09/04,16445.73,16553.22,16154.9,16158.45,0.0
2007/09/06,16003.88,16257.0,15840.05,16122.16,0.0
2007/09/10,15906.52,15940.38,15610.65,15877.67,0.0
2007/09/12,15978.78,16032.26,15731.32,15821.19,0.0
2007/09/14,15895.05,16142.08,15780.9,15801.8,0.0
2007/09/19,16038.12,16491.45,16038.12,16413.79,0.0
2007/09/21,16284.43,16434.8,16240.26,16401.73,0.0
2007/09/26,16388.51,16868.94,16388.51,16832.22,0.0
2007/09/28,16903.64,16929.26,16685.8,16845.96,0.0
2007/10/02,17027.92,17205.42,16986.38,17199.89,0.0
2007/10/04,17085.32,17160.47,17032.75,17065.04,0.0
2007/10/09,17166.17,17254.52,17133.52,17177.89,0.0
2007/10/11,17188.81,17488.97,17154.75,17331.17,0.0
2007/10/15,17399.67,17430.09,17104.2,17137.92,0.0
2007/10/17,17114.2,17147.73,16795.74,17106.09,0.0
2007/10/19,16965.0,16965.0,16264.7,16438.47,0.0
2007/10/23,16486.71,16578.59,16330.33,16358.39,0.0
2007/10/25,16368.02,16505.63,16199.02,16505.63,0.0
2007/10/29,16613.3,16774.18,16492.56,16651.01,0.0
2007/10/31,16620.59,16887.04,16552.54,16870.4,0.0
2007/11/02,16647.4,16654.73,16211.79,16268.92,0.0
2007/11/06,16152.58,16353.93,16081.03,16096.68,0.0
2007/11/08,15889.03,15891.23,15566.12,15583.42,0.0
2007/11/12,15377.37,15386.8,14988.77,15126.63,0.0
2007/11/14,15311.38,15587.31,15287.26,15396.3,0.0
2007/11/16,15238.73,15302.76,15030.02,15042.56,0.0
2007/11/20,14868.98,15222.24,14751.27,14837.66,0.0
2007/11/22,14726.62,15295.21,14669.85,15135.21,0.0
2007/11/27,14953.93,15312.55,14801.87,15153.78,0.0
2007/11/29,15339.61,15751.2,15339.61,15680.67,0.0
2007/12/03,15747.47,15799.69,15446.47,15480.19,0.0
2007/12/05,15418.95,15898.26,15365.39,15874.08,0.0
2007/12/07,15992.24,16107.65,15826.25,15924.39,0.0
2007/12/11,16003.09,16075.61,15700.15,15932.26,0.0
2007/12/13,15818.48,15833.1,15433.77,15514.51,0.0
2007/12/17,15433.3,15508.5,15004.41,15207.86,0.0
2007/12/19,15165.09,15267.75,15017.97,15031.6,0.0
2007/12/21,15044.35,15583.39,14998.01,15552.59,0.0
2007/12/26,15613.96,15653.54,15535.51,15564.69,0.0
2007/12/28,15413.37,15413.37,14542.58,14691.41,0.0
2008/01/07,14549.38,14667.85,14365.86,14528.67,0.0
2008/01/09,14364.71,14602.65,14271.57,14388.11,0.0
2008/01/11,14419.43,14447.49,13915.15,13972.63,0.0
2008/01/16,13796.73,13841.93,13472.45,13783.45,0.0
2008/01/18,13577.5,13902.64,13320.51,13325.94,0.0
2008/01/22,13125.23,13125.23,12572.68,12829.06,0.0
2008/01/24,12952.5,13647.16,12952.5,13629.16,0.0
2008/01/28,13482.84,13506.81,13087.91,13478.86,0.0
2008/01/30,13500.52,13622.68,13154.77,13592.47,0.0
2008/02/01,13517.74,13889.24,13444.08,13859.7,0.0
2008/02/05,13806.17,13821.92,13099.24,13099.24,0.0
2008/02/07,13077.25,13279.52,12972.55,13017.24,0.0
2008/02/12,12998.87,13240.26,12923.42,13068.3,0.0
2008/02/14,13254.59,13666.68,13251.86,13622.56,0.0
2008/02/18,13627.31,13853.21,13627.31,13757.91,0.0
2008/02/20,13729.75,13783.97,13310.37,13688.28,0.0
2008/02/22,13530.19,13969.18,13378.72,13914.57,0.0
2008/02/26,14036.89,14105.47,13803.46,14031.3,0.0
2008/02/28,13877.88,13962.3,13533.25,13603.02,0.0
2008/03/03,13412.87,13413.63,12883.07,12992.28,0.0
2008/03/05,12973.03,13365.22,12919.81,13215.42,0.0
2008/03/07,13024.61,13024.61,12527.07,12532.13,0.0
2008/03/11,12392.31,13071.22,12352.79,12861.13,0.0
2008/03/13,12741.26,12772.37,12167.09,12241.6,0.0
2008/03/17,12089.03,12132.69,11691.0,11964.16,0.0
2008/03/19,12142.33,12496.41,12142.33,12482.57,0.0
2008/03/24,12473.06,12791.24,12438.2,12745.22,0.0
2008/03/26,12648.97,12711.78,12475.88,12604.58,0.0
2008/03/28,12594.34,12874.45,12430.63,12525.54,0.0
2008/04/01,12539.8,13189.36,12521.84,13189.36,0.0
2008/04/03,13190.16,13389.9,13137.1,13293.22,0.0
2008/04/07,13240.56,13485.9,13225.76,13250.43,0.0
2008/04/09,13295.16,13348.38,12898.49,12945.3,0.0
2008/04/11,13061.77,13329.4,12858.63,12917.51,0.0
2008/04/15,12952.65,13222.43,12875.92,13146.13,0.0
2008/04/17,13315.83,13495.94,13313.06,13476.45,0.0
2008/04/21,13639.85,13739.44,13519.12,13547.82,0.0
2008/04/23,13455.56,13717.05,13449.04,13540.87,0.0
2008/04/25,13614.53,14003.28,13614.53,13894.37,0.0
2008/04/30,13802.94,13976.1,13727.07,13766.86,0.0
2008/05/02,13944.26,14208.67,13944.26,14102.48,0.0
2008/05/08,14008.19,14036.31,13639.99,13655.34,0.0
2008/05/12,13565.91,13976.92,13540.68,13953.73,0.0
2008/05/14,13961.96,14352.84,13877.4,14251.74,0.0
2008/05/16,14363.62,14392.53,14194.91,14269.61,0.0
2008/05/20,14220.12,14286.67,13847.18,13926.3,0.0
2008/05/22,13772.65,14157.24,13658.02,14012.2,0.0
2008/05/26,13875.98,13931.23,13670.92,13893.31,0.0
2008/05/28,13937.14,14147.89,13665.57,14124.47,0.0
2008/05/30,14195.66,14461.03,14189.97,14440.14,0.0
2008/06/03,14275.61,14435.57,14127.75,14435.57,0.0
2008/06/05,14392.59,14601.27,14262.02,14489.44,0.0
2008/06/09,14275.34,14308.89,13983.56,14021.17,0.0
2008/06/11,14137.54,14194.48,13826.07,13888.6,0.0
2008/06/13,14011.12,14369.09,13810.38,14354.37,0.0
2008/06/17,14387.0,14469.99,14299.67,14452.82,0.0
2008/06/19,14324.71,14324.71,13903.21,13942.08,0.0
2008/06/23,13769.44,13920.75,13667.84,13849.56,0.0
2008/06/25,13820.78,13950.56,13635.68,13822.32,0.0
2008/06/27,13605.26,13605.56,13453.35,13481.38,0.0
2008/07/01,13514.86,13576.41,13247.05,13286.37,0.0
2008/07/03,13161.78,13326.95,13118.89,13237.89,0.0
2008/07/07,13212.8,13409.3,12984.54,13033.1,0.0
2008/07/09,13169.89,13284.65,12930.32,13067.21,0.0
2008/07/11,13063.5,13185.9,12918.22,13010.16,0.0
2008/07/15,12902.13,12902.13,12671.34,12760.8,0.0
2008/07/17,12889.8,12999.64,12762.33,12803.7,0.0
2008/07/22,12944.56,13388.63,12921.02,13312.93,0.0
2008/07/24,13411.28,13603.31,13324.22,13334.76,0.0
2008/07/28,13407.36,13468.94,13018.22,13159.45,0.0
2008/07/30,13267.37,13467.67,13256.38,13376.81,0.0
2008/08/01,13276.57,13294.17,12910.17,12933.18,0.0
2008/08/05,12957.01,13295.51,12893.34,13254.89,0.0
2008/08/07,13257.99,13259.73,12962.82,13168.41,0.0
2008/08/11,13259.46,13468.81,13259.46,13303.6,0.0
2008/08/13,13205.64,13205.64,12926.98,12956.8,0.0
2008/08/15,12991.91,13270.37,12934.22,13165.45,0.0
2008/08/19,13016.5,13016.5,12753.98,12851.69,0.0
2008/08/21,12885.34,12885.34,12631.94,12666.04,0.0
2008/08/25,12797.54,12949.33,12656.09,12778.71,0.0
2008/08/27,12734.39,12847.46,12681.98,12768.25,0.0
2008/08/29,12925.45,13079.37,12834.18,12834.18,0.0
2008/09/02,12779.89,12920.52,12491.07,12689.59,0.0
2008/09/04,12627.64,12660.57,12163.33,12212.23,0.0
2008/09/08,12359.93,12671.76,12335.74,12400.65,0.0
2008/09/10,12249.14,12404.67,12081.51,12102.5,0.0
2008/09/12,12256.78,12277.57,11551.4,11609.72,0.0
2008/09/17,11737.62,11880.03,11301.46,11489.3,0.0
2008/09/19,11631.6,12263.95,11615.2,12090.59,0.0
2008/09/24,12031.98,12115.03,11835.28,12006.53,0.0
2008/09/26,12026.34,12082.64,11721.05,11743.61,0.0
2008/09/30,11565.7,11565.7,11160.83,11368.26,0.0
2008/10/02,11423.13,11452.39,10938.14,10938.14,0.0
2008/10/06,10817.27,10839.5,9916.21,10155.9,0.0
2008/10/08,10011.64,10011.64,9100.93,9157.49,0.0
2008/10/10,9016.34,9455.62,8115.41,9447.57,0.0
2008/10/15,9390.5,9601.3,8458.45,8458.45,0.0
2008/10/17,8579.57,9038.45,8539.51,9005.59,0.0
2008/10/21,9139.26,9358.51,8674.69,8674.69,0.0
2008/10/23,8547.79,8547.79,7647.07,7649.08,0.0
2008/10/27,7568.36,7878.97,6994.9,7621.92,0.0
2008/10/29,7741.52,9030.85,7741.52,9029.76,0.0
2008/10/31,8958.22,9142.29,8576.98,9114.6,0.0
2008/11/05,9224.05,9521.24,8806.71,8899.14,0.0
2008/11/07,8774.49,9106.29,8266.09,9081.43,0.0
2008/11/11,8965.29,9056.31,8574.2,8695.51,0.0
2008/11/13,8564.47,8689.85,8148.3,8462.39,0.0
2008/11/17,8366.88,8767.98,8218.82,8328.41,0.0
2008/11/19,8309.35,8370.09,7703.04,7703.04,0.0
2008/11/21,7600.35,8356.83,7406.18,8323.93,0.0
2008/11/26,8229.72,8458.68,8149.56,8373.39,0.0
2008/11/28,8400.05,8518.13,8307.28,8397.22,0.0
2008/12/02,8266.32,8266.32,7863.69,8004.1,0.0
2008/12/04,8030.2,8107.69,7849.84,7917.51,0.0
2008/12/08,7970.69,8499.6,7959.01,8395.87,0.0
2008/12/10,8376.0,8720.55,8376.0,8720.55,0.0
2008/12/12,8599.12,8700.17,8087.99,8664.66,0.0
2008/12/16,8608.4,8741.24,8425.66,8612.52,0.0
2008/12/18,8565.16,8743.22,8534.84,8588.52,0.0
2008/12/22,8602.5,8751.18,8476.69,8517.1,0.0
2008/12/25,8531.51,8740.76,8531.16,8739.52,0.0
2008/12/29,8726.31,8859.56,8638.6,8859.56,0.0
2009/01/05,8991.21,9171.03,8987.36,9080.84,0.0
2009/01/07,9133.8,9325.35,8876.42,8876.42,0.0
2009/01/09,8932.71,8956.85,8405.5,8413.91,0.0
2009/01/14,8425.75,8516.07,7997.73,8023.31,0.0
2009/01/16,8125.2,8351.68,8067.47,8256.85,0.0
2009/01/20,8187.14,8190.42,7829.3,7901.64,0.0
2009/01/22,7988.3,8051.74,7745.25,7745.25,0.0
2009/01/26,7714.26,8115.15,7671.04,8061.07,0.0
2009/01/28,8052.25,8305.38,7936.59,8251.24,0.0
2009/01/30,8142.88,8142.88,7795.27,7873.98,0.0
2009/02/03,7862.95,8084.97,7800.8,8038.94,0.0
2009/02/05,7985.53,8169.04,7901.04,8076.62,0.0
2009/02/09,8178.07,8257.71,7917.27,7945.94,0.0
2009/02/12,7842.53,7887.74,7685.68,7779.4,0.0
2009/02/16,7732.68,7804.24,7615.94,7645.51,0.0
2009/02/18,7539.96,7642.69,7479.18,7557.65,0.0
2009/02/20,7544.07,7554.7,7209.43,7376.16,0.0
2009/02/24,7266.68,7471.03,7155.16,7461.22,0.0
2009/02/26,7470.6,7599.81,7414.4,7568.42,0.0
2009/03/02,7454.28,7454.28,7088.47,7229.72,0.0
2009/03/04,7146.71,7532.87,7104.63,7433.49,0.0
2009/03/06,7328.29,7328.29,7028.49,7086.03,0.0
2009/03/10,7059.77,7393.81,7021.28,7376.12,0.0
2009/03/12,7320.45,7571.45,7198.25,7569.28,0.0
2009/03/16,7630.2,7967.03,7630.2,7949.13,0.0
2009/03/18,8006.86,8054.35,7895.28,7945.96,0.0
2009/03/23,7943.14,8504.41,7922.55,8488.3,0.0
2009/03/25,8499.69,8640.28,8383.99,8636.33,0.0
2009/03/27,8711.72,8843.18,8236.08,8236.08,0.0
2009/03/31,8199.43,8383.74,8084.62,8351.91,0.0
2009/04/02,8453.73,8884.63,8449.87,8749.84,0.0
2009/04/06,8856.84,8992.06,8778.92,8832.85,0.0
2009/04/08,8746.73,8920.86,8556.75,8916.06,0.0
2009/04/10,9041.23,9068.8,8856.69,8924.43,0.0
2009/04/14,8955.9,8961.73,8681.03,8742.96,0.0
2009/04/16,8848.43,9030.0,8720.62,8907.58,0.0
2009/04/20,8899.59,8933.8,8612.76,8711.33,0.0
2009/04/22,8777.53,8860.55,8647.8,8847.01,0.0
2009/04/24,8832.1,8852.83,8648.51,8726.34,0.0
2009/04/28,8678.28,8844.77,8493.77,8828.26,0.0
2009/05/01,8848.84,9385.7,8827.13,9385.7,0.0
2009/05/08,9351.4,9503.91,9342.75,9451.98,0.0
2009/05/12,9358.25,9389.61,9278.89,9340.49,0.0
2009/05/14,9212.3,9272.08,9052.41,9265.02,0.0
2009/05/18,9167.05,9326.75,8997.74,9290.29,0.0
2009/05/20,9372.72,9399.4,9189.92,9264.15,0.0
2009/05/22,9156.14,9402.76,9126.69,9347.0,0.0
2009/05/26,9364.22,9491.13,9231.93,9438.77,0.0
2009/05/28,9353.33,9522.5,9353.33,9522.5,0.0
2009/06/01,9517.49,9793.47,9491.26,9704.31,0.0
2009/06/03,9723.82,9774.55,9654.45,9668.96,0.0
2009/06/05,9752.51,9914.07,9719.14,9865.63,0.0
2009/06/09,9824.17,9991.49,9755.81,9991.49,0.0
2009/06/11,9992.98,10170.82,9958.98,10135.82,0.0
2009/06/15,10126.55,10126.55,9752.88,9752.88,0.0
2009/06/17,9705.73,9845.52,9649.83,9703.72,0.0
2009/06/19,9757.85,9887.13,9703.87,9826.27,0.0
2009/06/23,9695.76,9712.09,9511.45,9590.32,0.0
2009/06/26,9852.92,9943.83,9748.73,9783.47,0.0
2009/06/30,9896.56,10086.18,9874.0,9939.93,0.0
2009/07/02,9993.77,9993.77,9691.16,9816.07,0.0
2009/07/06,9738.49,9771.76,9619.68,9647.79,0.0
2009/07/08,9548.81,9557.39,9291.06,9291.06,0.0
2009/07/10,9338.76,9370.15,9050.33,9050.33,0.0
2009/07/14,9173.14,9333.64,9166.63,9269.25,0.0
2009/07/16,9393.98,9489.67,9317.11,9395.32,0.0
2009/07/21,9512.52,9750.63,9508.92,9723.16,0.0
2009/07/23,9712.1,9950.04,9703.84,9944.55,0.0
2009/07/27,10020.87,10179.59,10015.11,10087.26,0.0
2009/07/29,10035.91,10169.68,10035.91,10165.21,0.0
2009/07/31,10275.14,10380.57,10259.57,10352.47,0.0
2009/08/04,10438.4,10479.19,10252.53,10252.53,0.0
2009/08/06,10266.01,10426.14,10249.04,10412.09,0.0
2009/08/10,10530.62,10587.36,10487.7,10585.46,0.0
2009/08/12,10486.36,10556.28,10434.09,10517.19,0.0
2009/08/14,10551.33,10630.38,10268.61,10268.61,0.0
2009/08/18,10208.12,10327.17,10181.1,10204.0,0.0
2009/08/20,10254.53,10407.3,10142.22,10238.2,0.0
2009/08/24,10389.57,10591.0,10388.78,10497.36,0.0
2009/08/26,10554.44,10668.74,10400.83,10473.97,0.0
2009/08/28,10546.88,10767.0,10423.9,10492.53,0.0
2009/09/01,10453.37,10577.19,10215.6,10280.46,0.0
2009/09/03,10240.02,10290.83,10143.26,10187.11,0.0
2009/09/07,10288.56,10393.23,10274.38,10393.23,0.0
2009/09/09,10343.8,10521.14,10249.11,10513.67,0.0
2009/09/11,10519.33,10522.23,10170.74,10202.06,0.0
2009/09/15,10255.73,10394.56,10183.3,10270.77,0.0
2009/09/17,10373.25,10443.8,10292.5,10370.54,0.0
2009/09/24,10405.53,10566.98,10228.6,10265.98,0.0
2009/09/28,10136.24,10151.6,9971.05,10100.2,0.0
2009/09/30,10105.17,10138.04,9965.06,9978.64,0.0
2009/10/02,9848.07,9852.17,9669.31,9674.49,0.0
2009/10/06,9744.42,9821.74,9628.67,9799.6,0.0
2009/10/08,9806.03,10016.39,9746.15,10016.39,0.0
2009/10/13,10066.85,10116.72,10016.24,10060.21,0.0
2009/10/15,10194.91,10290.31,10184.81,10257.56,0.0
2009/10/19,10179.46,10357.59,10125.33,10336.84,0.0
2009/10/21,10292.39,10350.45,10159.66,10267.17,0.0
2009/10/23,10335.34,10397.69,10250.84,10362.62,0.0
2009/10/27,10283.46,10290.92,10060.39,10075.05,0.0
2009/10/29,9941.57,10049.59,9850.12,10034.74,0.0
2009/11/02,9903.77,9904.61,9736.14,9844.31,0.0
2009/11/05,9803.5,9849.72,9691.69,9789.35,0.0
2009/11/09,9777.64,9979.46,9731.59,9870.73,0.0
2009/11/11,9890.18,9949.71,9788.49,9804.49,0.0
2009/11/13,9793.19,9805.2,9719.38,9791.18,0.0
2009/11/17,9834.58,9847.64,9631.83,9676.8,0.0
2009/11/19,9691.86,9691.86,9423.66,9497.68,0.0
2009/11/24,9511.0,9511.0,9366.33,9441.64,0.0
2009/11/26,9354.8,9457.24,9076.41,9081.52,0.0
2009/11/30,9189.17,9572.2,9162.18,9572.2,0.0
2009/12/02,9551.79,9977.67,9514.15,9977.67,0.0
2009/12/04,10019.24,10204.58,9902.83,10167.6,0.0
2009/12/08,10079.81,10149.32,9985.97,10004.72,0.0
2009/12/10,9964.05,10107.87,9834.22,10107.87,0.0
2009/12/14,10126.61,10126.61,10009.6,10083.48,0.0
2009/12/16,10179.33,10260.12,10117.12,10163.8,0.0
2009/12/18,10110.64,10215.49,10027.85,10183.47,0.0
2009/12/22,10256.0,10558.41,10235.22,10536.92,0.0
2009/12/25,10546.97,10652.99,10476.65,10634.23,0.0
2009/12/29,10611.85,10683.12,10546.44,10546.44,0.0
2010/01/04,10609.34,10791.04,10608.14,10681.83,0.0
2010/01/06,10709.55,10774.0,10636.67,10681.66,0.0
2010/01/08,10798.32,10905.39,10763.68,10879.14,0.0
2010/01/13,10795.48,10909.94,10729.86,10907.68,0.0
2010/01/15,10917.41,10982.1,10781.03,10855.08,0.0
2010/01/19,10866.83,10866.83,10724.57,10737.52,0.0
2010/01/21,10704.79,10886.64,10528.33,10590.55,0.0
2010/01/25,10478.31,10566.49,10324.98,10325.28,0.0
2010/01/27,10344.07,10462.7,10252.08,10414.29,0.0
2010/01/29,10308.05,10324.37,10129.91,10205.02,0.0
2010/02/02,10310.98,10436.52,10287.74,10404.33,0.0
2010/02/04,10434.52,10438.41,10036.33,10057.09,0.0
2010/02/08,10007.47,10063.53,9867.39,9932.9,0.0
2010/02/10,9963.99,10099.46,9963.99,10092.19,0.0
2010/02/15,10097.82,10119.47,10012.53,10034.25,0.0
2010/02/17,10161.72,10340.38,10150.24,10335.69,0.0
2010/02/19,10334.4,10449.75,10123.58,10400.47,0.0
2010/02/23,10327.64,10375.55,10129.65,10198.83,0.0
2010/02/25,10256.1,10267.43,10085.13,10126.03,0.0
2010/03/01,10128.73,10238.96,10116.86,10221.84,0.0
2010/03/03,10193.95,10274.09,10134.37,10145.72,0.0
2010/03/05,10254.61,10586.97,10254.61,10585.92,0.0
2010/03/09,10567.32,10593.27,10542.81,10563.92,0.0
2010/03/11,10627.99,10777.49,10588.86,10751.26,0.0
2010/03/15,10802.11,10808.84,10708.97,10721.71,0.0
2010/03/17,10789.24,10864.3,10731.66,10744.03,0.0
2010/03/19,10824.72,10824.72,10766.65,10774.15,0.0
2010/03/24,10829.36,10880.62,10769.18,10828.85,0.0
2010/03/26,10895.29,11001.59,10889.33,10986.47,0.0
2010/03/30,11022.2,11147.62,11003.35,11089.94,0.0
2010/04/01,11178.92,11313.98,11118.18,11286.09,0.0
2010/04/05,11380.63,11408.17,11217.25,11282.32,0.0
2010/04/07,11296.31,11350.57,11159.45,11168.2,0.0
2010/04/09,11174.62,11351.55,11148.8,11251.9,0.0
2010/04/13,11202.92,11270.2,11088.48,11204.9,0.0
2010/04/15,11310.07,11316.66,11084.72,11102.18,0.0
2010/04/19,10929.64,10999.57,10878.99,10900.68,0.0
2010/04/21,11031.79,11093.3,10866.23,10949.09,0.0
2010/04/23,10930.9,11165.79,10865.92,11165.79,0.0
2010/04/27,11109.26,11213.45,10924.79,10924.79,0.0
2010/04/30,11057.4,11057.4,10682.61,10695.69,0.0
2010/05/07,10472.7,10540.52,10257.32,10530.7,0.0
2010/05/11,10643.24,10643.28,10345.19,10394.03,0.0
2010/05/13,10542.77,10638.23,10390.77,10462.51,0.0
2010/05/17,10329.37,10336.53,10158.3,10242.64,0.0
2010/05/19,10087.33,10186.84,9999.59,10030.31,0.0
2010/05/21,9823.84,9829.36,9693.07,9758.4,0.0
2010/05/25,9632.14,9642.6,9432.09,9522.66,0.0
2010/05/27,9419.3,9824.85,9395.29,9762.98,0.0
2010/05/31,9735.47,9831.73,9658.44,9711.83,0.0
2010/06/02,9604.45,9920.18,9560.16,9914.19,0.0
2010/06/04,9909.24,9962.42,9502.62,9520.8,0.0
2010/06/08,9448.79,9587.65,9378.23,9439.13,0.0
2010/06/10,9476.78,9764.73,9437.47,9705.25,0.0
2010/06/14,9824.93,9911.73,9819.95,9887.89,0.0
2010/06/16,10043.1,10109.86,9989.21,9999.4,0.0
2010/06/18,10027.98,10251.9,9965.16,10238.01,0.0
2010/06/22,10131.91,10183.89,9912.8,9923.7,0.0
2010/06/24,9902.62,10009.37,9697.87,9737.48,0.0
2010/06/28,9758.91,9762.23,9548.98,9570.67,0.0
2010/06/30,9396.45,9420.14,9147.68,9191.6,0.0
2010/07/02,9234.56,9282.9,9160.47,9266.78,0.0
2010/07/06,9158.28,9351.11,9091.7,9279.65,0.0
2010/07/08,9462.82,9610.59,9456.19,9585.32,0.0
2010/07/12,9540.47,9632.89,9502.24,9537.23,0.0
2010/07/14,9707.5,9807.36,9667.0,9685.53,0.0
2010/07/16,9408.36,9408.36,9247.76,9300.46,0.0
2010/07/21,9404.07,9404.07,9176.12,9220.88,0.0
2010/07/23,9380.12,9561.82,9367.3,9503.66,0.0
2010/07/27,9512.67,9760.31,9487.65,9753.27,0.0
2010/07/29,9653.51,9732.76,9505.64,9537.3,0.0
2010/08/02,9574.64,9750.88,9548.86,9694.01,0.0
2010/08/04,9606.82,9688.87,9474.67,9653.92,0.0
2010/08/06,9560.65,9658.04,9523.63,9572.49,0.0
2010/08/10,9629.97,9667.04,9283.6,9292.85,0.0
2010/08/12,9125.49,9278.46,9065.94,9253.46,0.0
2010/08/16,9145.22,9210.97,9084.24,9161.68,0.0
2010/08/18,9261.5,9362.68,9153.42,9362.68,0.0
2010/08/20,9239.36,9287.5,9090.96,9116.69,0.0
2010/08/24,9024.6,9069.22,8807.41,8845.39,0.0
2010/08/26,8908.02,9021.75,8810.46,8991.06,0.0
2010/08/30,9141.45,9280.7,8819.26,8824.06,0.0
2010/09/01,8833.32,9083.37,8796.45,9062.84,0.0
2010/09/03,9097.59,9303.0,9050.83,9301.32,0.0
2010/09/07,9232.02,9311.02,8997.63,9024.6,0.0
2010/09/09,9120.54,9291.5,9069.93,9239.17,0.0
2010/09/13,9325.64,9390.9,9258.18,9299.31,0.0
2010/09/15,9243.48,9620.9,9199.08,9509.5,0.0
2010/09/17,9626.09,9704.25,9579.83,9602.11,0.0
2010/09/22,9566.32,9601.77,9415.96,9471.67,0.0
2010/09/27,9557.37,9613.47,9471.35,9495.76,0.0
2010/09/29,9530.05,9600.93,9369.35,9369.35,0.0
2010/10/01,9440.52,9508.36,9358.62,9381.06,0.0
2010/10/05,9337.43,9693.74,9332.19,9691.43,0.0
2010/10/07,9661.09,9716.92,9588.88,9588.88,0.0
2010/10/12,9648.59,9650.2,9387.73,9403.51,0.0
2010/10/14,9515.17,9614.44,9478.64,9500.25,0.0
2010/10/18,9517.68,9575.14,9471.48,9539.45,0.0
2010/10/20,9399.65,9479.25,9316.97,9376.48,0.0
2010/10/22,9404.09,9460.7,9390.14,9401.16,0.0
2010/10/26,9386.55,9455.04,9329.86,9387.03,0.0
2010/10/28,9368.61,9413.68,9179.15,9202.45,0.0
2010/11/01,9166.85,9258.32,9123.62,9159.98,0.0
2010/11/04,9282.79,9680.68,9276.71,9625.99,0.0
2010/11/08,9699.79,9737.01,9659.86,9694.49,0.0
2010/11/10,9748.61,9885.37,9747.03,9861.46,0.0
2010/11/12,9810.3,9851.42,9724.81,9827.51,0.0
2010/11/16,9892.82,9908.3,9693.21,9811.66,0.0
2010/11/18,9820.6,10130.23,9798.56,10022.39,0.0
2010/11/22,10115.19,10115.19,9904.92,10030.11,0.0
2010/11/25,10117.85,10134.64,10038.79,10039.56,0.0
2010/11/29,10075.66,10149.94,9937.04,9937.04,0.0
2010/12/01,9939.8,10187.59,9918.55,10168.52,0.0
2010/12/03,10231.78,10254.0,10143.58,10167.23,0.0
2010/12/07,10152.92,10258.9,10094.41,10232.33,0.0
2010/12/09,10277.87,10373.7,10194.27,10211.95,0.0
2010/12/13,10212.52,10319.24,10199.73,10316.77,0.0
2010/12/15,10338.14,10347.39,10282.54,10311.29,0.0
2010/12/17,10307.17,10327.42,10182.74,10216.41,0.0
2010/12/21,10277.14,10372.51,10266.29,10346.48,0.0
2010/12/24,10275.97,10376.91,10264.06,10355.99,0.0
2010/12/28,10330.01,10344.54,10276.61,10344.54,0.0
2010/12/30,10303.13,10409.17,10209.93,10398.1,0.0
2011/01/05,10387.95,10530.11,10358.01,10529.76,0.0
2011/01/07,10541.04,10541.04,10476.29,10510.68,0.0
2011/01/12,10562.28,10620.57,10502.96,10589.76,0.0
2011/01/14,10502.77,10579.97,10482.69,10502.86,0.0
2011/01/18,10461.04,10580.68,10456.71,10557.1,0.0
2011/01/20,10492.32,10505.63,10257.99,10274.52,0.0
2011/01/24,10318.6,10480.24,10278.81,10464.42,0.0
2011/01/26,10410.29,10496.4,10392.46,10478.66,0.0
2011/01/28,10460.29,10480.08,10182.57,10237.92,0.0
2011/02/01,10281.55,10479.75,10245.75,10457.36,0.0
2011/02/03,10424.68,10580.36,10409.84,10543.52,0.0
2011/02/07,10641.3,10648.8,10572.72,10635.98,0.0
2011/02/09,10686.72,10701.92,10599.5,10605.65,0.0
2011/02/14,10689.65,10760.99,10674.44,10746.67,0.0
2011/02/16,10758.86,10891.6,10752.61,10836.64,0.0
2011/02/18,10829.15,10862.43,10789.41,10857.53,0.0
2011/02/22,10745.52,10761.22,10569.93,10579.1,0.0
2011/02/24,10533.2,10542.7,10428.38,10526.76,0.0
2011/02/28,10504.54,10754.03,10448.83,10754.03,0.0
2011/03/02,10609.28,10629.5,10492.38,10586.02,0.0
2011/03/04,10730.91,10768.43,10472.51,10505.02,0.0
2011/03/08,10513.08,10662.07,10509.23,10589.5,0.0
2011/03/10,10544.13,10549.17,10254.43,10254.43,0.0
2011/03/14,10044.17,10049.92,8227.63,8605.15,0.0
2011/03/16,8767.2,9168.51,8639.56,8962.67,0.0
2011/03/18,9206.75,9625.03,9206.75,9608.32,0.0
2011/03/23,9590.38,9592.4,9387.95,9435.01,0.0
2011/03/25,9565.49,9569.71,9405.2,9478.53,0.0
2011/03/29,9348.6,9708.79,9317.38,9708.79,0.0
2011/03/31,9765.28,9822.06,9658.64,9708.39,0.0
2011/04/04,9773.91,9808.6,9566.05,9615.55,0.0
2011/04/06,9668.11,9687.18,9562.16,9590.93,0.0
2011/04/08,9586.17,9804.28,9536.68,9719.7,0.0
2011/04/12,9603.5,9655.83,9513.27,9641.18,0.0
2011/04/14,9579.79,9676.97,9553.75,9591.52,0.0
2011/04/18,9593.41,9608.92,9405.19,9441.03,0.0
2011/04/20,9536.79,9725.12,9519.36,9685.77,0.0
2011/04/22,9623.0,9748.4,9611.38,9671.96,0.0
2011/04/26,9627.43,9728.03,9536.51,9691.84,0.0
2011/04/28,9849.74,10004.2,9849.74,10004.2,0.0
2011/05/06,9851.15,9897.88,9776.74,9794.38,0.0
2011/05/10,9804.27,9929.04,9755.93,9864.26,0.0
2011/05/12,9770.71,9836.71,9552.93,9648.77,0.0
2011/05/16,9571.13,9598.33,9502.39,9567.02,0.0
2011/05/18,9602.88,9731.12,9590.4,9620.82,0.0
2011/05/20,9612.87,9670.92,9437.87,9460.63,0.0
2011/05/24,9406.04,9503.77,9406.04,9422.88,0.0
2011/05/26,9499.45,9588.7,9489.12,9521.94,0.0
2011/05/30,9489.78,9697.35,9448.0,9693.73,0.0
2011/06/01,9708.05,9720.73,9517.28,9555.04,0.0
2011/06/03,9550.59,9603.03,9359.78,9380.35,0.0
2011/06/07,9371.21,9458.43,9358.31,9449.46,0.0
2011/06/09,9411.71,9613.75,9383.12,9514.44,0.0
2011/06/13,9405.16,9565.65,9391.26,9547.79,0.0
2011/06/15,9589.54,9599.9,9411.28,9411.28,0.0
2011/06/17,9443.32,9447.44,9318.62,9354.32,0.0
2011/06/21,9420.43,9658.62,9378.36,9629.43,0.0
2011/06/23,9557.72,9695.09,9553.3,9678.71,0.0
2011/06/27,9633.92,9703.41,9570.58,9648.98,0.0
2011/06/29,9767.91,9849.69,9734.66,9816.09,0.0
2011/07/01,9878.69,10005.75,9849.64,9965.09,0.0
2011/07/05,9959.39,10082.48,9948.38,10082.48,0.0
2011/07/07,10047.15,10207.91,10029.33,10137.73,0.0
2011/07/11,10069.01,10109.3,9907.81,9925.92,0.0
2011/07/13,9891.11,9998.49,9884.0,9936.12,0.0
2011/07/15,9974.47,9974.47,9889.72,9889.72,0.0
2011/07/20,10008.0,10042.75,9974.0,10010.39,0.0
2011/07/22,10096.89,10149.18,10039.1,10050.01,0.0
2011/07/26,10078.48,10130.25,10009.37,10047.19,0.0
2011/07/28,9936.97,9945.98,9824.34,9833.03,0.0
2011/08/01,9907.04,10040.13,9822.3,9844.59,0.0
2011/08/03,9705.02,9768.4,9610.38,9659.18,0.0
2011/08/05,9299.88,9299.88,9057.29,9097.56,0.0
2011/08/09,8911.8,9144.33,8656.79,9038.74,0.0
2011/08/11,8876.54,9070.27,8832.42,8963.72,0.0
2011/08/15,9082.53,9150.31,9032.84,9107.43,0.0
2011/08/17,9047.89,9081.8,8931.25,8943.76,0.0
2011/08/19,8771.7,8796.42,8619.21,8628.13,0.0
2011/08/23,8703.31,8825.27,8620.89,8639.61,0.0
2011/08/25,8748.01,8849.94,8741.74,8797.78,0.0
2011/08/29,8802.25,8992.86,8751.29,8953.9,0.0
2011/08/31,8938.31,9098.15,8905.52,9060.8,0.0
2011/09/02,8980.56,9014.27,8757.18,8784.46,0.0
2011/09/06,8687.11,8773.26,8588.34,8763.41,0.0
2011/09/08,8863.24,8876.49,8726.25,8737.66,0.0
2011/09/12,8578.71,8635.88,8520.97,8616.55,0.0
2011/09/14,8623.55,8695.95,8499.34,8668.86,0.0
2011/09/16,8864.16,8864.16,8704.23,8721.24,0.0
2011/09/21,8717.0,8771.62,8560.26,8560.26,0.0
2011/09/26,8547.62,8609.95,8359.7,8609.95,0.0
2011/09/28,8607.92,8706.14,8501.42,8701.23,0.0
2011/09/30,8713.91,8756.0,8455.67,8545.48,0.0
2011/10/04,8426.39,8501.03,8343.01,8382.98,0.0
2011/10/06,8463.83,8605.62,8463.83,8605.62,0.0
2011/10/11,8733.54,8806.44,8689.38,8738.9,0.0
2011/10/13,8832.81,8854.16,8733.71,8747.96,0.0
2011/10/17,8881.44,8911.7,8727.39,8741.91,0.0
2011/10/19,8808.25,8831.55,8672.21,8682.15,0.0
2011/10/21,8679.04,8844.28,8652.26,8843.98,0.0
2011/10/25,8866.43,8870.37,8642.56,8748.47,0.0
2011/10/27,8779.4,9086.43,8731.77,9050.47,0.0
2011/10/31,9011.18,9152.39,8831.69,8835.52,0.0
2011/11/02,8640.42,8814.71,8640.42,8801.4,0.0
2011/11/07,8771.82,8779.55,8644.0,8655.51,0.0
2011/11/09,8724.6,8762.98,8500.67,8500.8,0.0
2011/11/11,8545.92,8655.31,8485.77,8603.7,0.0
2011/11/15,8546.99,8584.3,8459.3,8463.16,0.0
2011/11/17,8421.88,8491.82,8359.6,8374.91,0.0
2011/11/21,8349.05,8375.6,8314.74,8314.74,0.0
2011/11/24,8189.42,8212.95,8135.79,8160.01,0.0
2011/11/28,8269.91,8477.82,8259.71,8477.82,0.0
2011/11/30,8407.63,8653.88,8361.69,8597.38,0.0
2011/12/02,8603.23,8704.48,8591.93,8695.98,0.0
2011/12/06,8644.97,8729.81,8571.09,8722.17,0.0
2011/12/08,8664.35,8688.81,8503.03,8536.46,0.0
2011/12/12,8652.98,8682.47,8518.8,8552.81,0.0
2011/12/14,8513.77,8540.57,8374.25,8377.37,0.0
2011/12/16,8416.21,8433.18,8272.26,8296.12,0.0
2011/12/20,8318.03,8471.11,8317.73,8459.98,0.0
2011/12/22,8395.16,8516.53,8395.16,8479.34,0.0
2011/12/27,8443.0,8458.26,8414.9,8423.62,0.0
2011/12/29,8367.71,8455.35,8330.87,8455.35,0.0
2012/01/04,8549.54,8581.45,8481.83,8488.71,0.0
2012/01/06,8390.35,8450.59,8390.35,8422.26,0.0
2012/01/11,8440.96,8463.72,8360.33,8385.59,0.0
2012/01/13,8471.1,8509.76,8352.23,8378.36,0.0
2012/01/17,8420.12,8595.78,8413.22,8550.58,0.0
2012/01/19,8596.68,8791.39,8596.68,8766.36,0.0
2012/01/23,8753.91,8825.09,8744.54,8785.33,0.0
2012/01/25,8842.01,8911.62,8816.09,8849.47,0.0
2012/01/27,8851.02,8886.02,8774.23,8793.05,0.0
2012/01/31,8781.44,8836.68,8776.65,8809.79,0.0
2012/02/02,8865.28,8949.32,8849.25,8929.2,0.0
2012/02/07,8904.16,9015.59,8887.19,9015.59,0.0
2012/02/09,8996.13,9018.49,8942.87,8947.17,0.0
2012/02/13,8954.03,9072.08,8948.54,9052.07,0.0
2012/02/15,9108.84,9314.37,9107.68,9238.1,0.0
2012/02/17,9371.12,9549.31,9369.25,9485.09,0.0
2012/02/21,9458.68,9564.05,9440.41,9554.0,0.0
2012/02/23,9549.77,9647.38,9513.65,9647.38,0.0
2012/02/27,9726.2,9736.11,9528.77,9722.52,0.0
2012/02/29,9771.62,9866.41,9666.02,9707.37,0.0
2012/03/02,9797.05,9803.75,9673.75,9698.59,0.0
2012/03/06,9704.61,9732.89,9509.1,9576.06,0.0
2012/03/08,9674.94,10007.62,9659.15,9929.74,0.0
2012/03/12,10015.92,10021.51,9888.3,9899.08,0.0
2012/03/14,10064.12,10158.74,10050.52,10123.28,0.0
2012/03/16,10110.57,10172.64,10090.09,10141.99,0.0
2012/03/21,10100.87,10136.85,10052.5,10127.08,0.0
2012/03/23,10014.87,10056.2,9999.37,10018.24,0.0
2012/03/27,10152.9,10255.15,10124.28,10182.57,0.0
2012/03/29,10134.78,10147.04,10033.19,10083.56,0.0
2012/04/02,10161.72,10190.35,10040.99,10050.39,0.0
2012/04/04,10045.88,10059.19,9692.7,9767.61,0.0
2012/04/06,9710.25,9739.59,9535.33,9546.26,0.0
2012/04/10,9583.36,9648.12,9388.14,9458.74,0.0
2012/04/12,9486.19,9690.29,9449.49,9637.99,0.0
2012/04/16,9522.7,9532.91,9455.32,9464.71,0.0
2012/04/18,9594.3,9682.88,9565.83,9588.38,0.0
2012/04/20,9574.99,9643.27,9520.98,9542.17,0.0
2012/04/24,9466.08,9582.73,9423.3,9561.01,0.0
2012/04/26,9613.16,9691.7,9463.6,9520.89,0.0
2012/05/01,9471.66,9472.25,9332.79,9380.25,0.0
2012/05/07,9198.17,9207.56,9109.01,9181.65,0.0
2012/05/09,9112.72,9115.94,8985.9,9009.65,0.0
2012/05/11,9019.4,9050.61,8944.63,8973.84,0.0
2012/05/15,8910.85,8930.78,8756.07,8801.17,0.0
2012/05/17,8789.47,8885.08,8588.16,8611.31,0.0
2012/05/21,8617.92,8740.48,8608.62,8729.29,0.0
2012/05/23,8715.14,8715.14,8496.61,8563.38,0.0
2012/05/25,8616.85,8624.51,8550.93,8593.15,0.0
2012/05/29,8565.56,8657.08,8517.18,8633.19,0.0
2012/05/31,8499.68,8542.73,8422.5,8440.25,0.0
2012/06/04,8278.65,8388.14,8238.96,8382.0,0.0
2012/06/06,8428.36,8647.79,8412.55,8639.72,0.0
2012/06/08,8609.78,8665.8,8427.2,8624.9,0.0
2012/06/12,8478.78,8615.89,8452.5,8587.84,0.0
2012/06/14,8531.4,8625.19,8520.99,8569.32,0.0
2012/06/18,8723.55,8766.56,8630.66,8655.87,0.0
2012/06/20,8739.1,8859.04,8711.22,8824.07,0.0
2012/06/22,8733.5,8837.83,8726.4,8734.62,0.0
2012/06/26,8671.61,8730.49,8619.36,8730.49,0.0
2012/06/28,8816.07,9044.04,8803.33,9006.78,0.0
2012/07/02,9103.79,9103.79,9003.48,9066.59,0.0
2012/07/04,9119.69,9136.02,9069.01,9079.8,0.0
2012/07/06,9052.7,9082.04,8892.17,8896.88,0.0
2012/07/10,8922.03,8966.99,8797.73,8851.0,0.0
2012/07/12,8859.39,8862.8,8695.44,8724.12,0.0
2012/07/17,8740.98,8808.87,8711.73,8726.74,0.0
2012/07/19,8795.0,8835.8,8662.72,8669.87,0.0
2012/07/23,8582.28,8606.23,8446.18,8488.09,0.0
2012/07/25,8410.98,8448.55,8328.02,8443.1,0.0
2012/07/27,8547.34,8663.3,8522.74,8635.44,0.0
2012/07/31,8600.92,8732.84,8578.16,8641.85,0.0
2012/08/02,8642.89,8705.91,8513.2,8555.11,0.0
2012/08/06,8683.2,8812.42,8676.25,8803.31,0.0
2012/08/08,8889.38,9004.81,8851.59,8978.6,0.0
2012/08/10,8931.92,8954.85,8857.23,8885.15,0.0
2012/08/14,8913.7,8970.99,8866.06,8925.04,0.0
2012/08/16,8967.11,9181.57,8962.97,9162.5,0.0
2012/08/20,9202.36,9222.87,9146.07,9156.92,0.0
2012/08/22,9150.69,9194.47,9062.54,9178.12,0.0
2012/08/24,9069.95,9150.48,9045.79,9085.39,0.0
2012/08/28,9138.51,9140.62,8988.99,9069.81,0.0
2012/08/30,9062.07,9062.07,8839.91,8839.91,0.0
2012/09/03,8836.61,8893.39,8729.22,8775.51,0.0
2012/09/05,8756.59,8759.26,8646.03,8680.57,0.0
2012/09/07,8821.37,8874.54,8804.27,8869.37,0.0
2012/09/11,8811.33,8959.96,8769.47,8959.96,0.0
2012/09/13,8950.01,9193.27,8932.1,9159.39,0.0
2012/09/18,9155.49,9288.53,9120.61,9232.21,0.0
2012/09/20,9174.19,9215.57,9079.19,9110.0,0.0
2012/09/24,9071.32,9112.54,9023.63,9091.54,0.0
2012/09/26,8941.75,8971.75,8844.06,8949.87,0.0
2012/09/28,8986.63,8989.08,8759.07,8796.51,0.0
2012/10/02,8826.36,8843.33,8729.56,8746.87,0.0
2012/10/04,8783.13,8880.23,8738.31,8863.3,0.0
2012/10/09,8822.39,8840.69,8578.25,8596.23,0.0
2012/10/11,8514.63,8620.18,8514.63,8534.12,0.0
2012/10/15,8517.77,8707.95,8488.14,8701.31,0.0
2012/10/17,8777.39,8992.36,8758.7,8982.86,0.0
2012/10/19,8944.03,9031.55,8867.79,9010.71,0.0
2012/10/23,9066.03,9075.58,8896.41,8954.3,0.0
2012/10/25,8952.13,9075.59,8933.06,8933.06,0.0
2012/10/29,8958.79,8995.81,8841.98,8841.98,0.0
2012/10/31,8911.08,8985.58,8871.48,8946.87,0.0
2012/11/02,9049.22,9072.39,8984.69,9007.44,0.0
2012/11/06,8989.58,9032.32,8924.41,8972.89,0.0
2012/11/08,8868.42,8891.08,8729.45,8757.6,0.0
2012/11/12,8701.28,8728.85,8619.45,8661.05,0.0
2012/11/14,8660.27,8829.72,8653.49,8829.72,0.0
2012/11/16,8898.33,9183.46,8898.33,9153.2,0.0
2012/11/20,9198.42,9248.98,9129.43,9222.52,0.0
2012/11/22,9336.32,9487.94,9304.72,9388.94,0.0
2012/11/27,9371.13,9449.72,9308.35,9308.35,0.0
2012/11/29,9370.29,9492.91,9350.4,9446.01,0.0
2012/12/03,9484.2,9525.82,9406.03,9432.46,0.0
2012/12/05,9380.37,9565.43,9376.97,9545.16,0.0
2012/12/07,9547.14,9584.46,9517.4,9533.75,0.0
2012/12/11,9510.6,9606.25,9487.95,9581.46,0.0
2012/12/13,9681.2,9775.75,9672.47,9737.56,0.0
2012/12/17,9895.68,9967.24,9826.3,9923.01,0.0
2012/12/19,10025.4,10160.4,10016.98,10039.33,0.0
2012/12/21,10145.58,10175.06,9924.42,10080.12,0.0
2012/12/26,10131.22,10376.39,10107.34,10322.98,0.0
2012/12/28,10406.36,10734.23,10374.85,10688.11,0.0
2013/01/07,10743.69,10743.69,10463.43,10508.06,0.0
2013/01/09,10405.67,10686.12,10398.61,10652.64,0.0
2013/01/11,10786.14,10952.31,10748.06,10879.08,0.0
2013/01/16,10806.41,10806.41,10432.97,10609.64,0.0
2013/01/18,10791.97,10941.45,10747.74,10747.74,0.0
2013/01/22,10765.1,10859.42,10486.99,10486.99,0.0
2013/01/24,10441.11,10926.65,10441.11,10926.65,0.0
2013/01/28,11002.86,11002.86,10751.01,10866.72,0.0
2013/01/30,10913.97,11145.38,10905.64,11138.66,0.0
2013/02/01,11193.72,11285.49,11142.26,11260.35,0.0
2013/02/05,11105.24,11498.42,11046.92,11463.75,0.0
2013/02/07,11406.32,11446.81,11135.89,11153.16,0.0
2013/02/12,11346.72,11460.64,11196.66,11251.41,0.0
2013/02/14,11273.4,11356.54,11065.06,11173.83,0.0
2013/02/18,11318.22,11445.46,11308.83,11372.34,0.0
2013/02/20,11485.65,11510.52,11301.77,11309.13,0.0
2013/02/22,11238.75,11662.52,11175.67,11662.52,0.0
2013/02/26,11449.66,11520.24,11253.97,11253.97,0.0
2013/02/28,11396.73,11767.68,11392.56,11652.29,0.0
2013/03/05,11732.57,11933.82,11666.38,11932.27,0.0
2013/03/07,12037.25,12283.62,11946.01,12283.62,0.0
2013/03/11,12363.09,12461.97,12300.83,12314.81,0.0
2013/03/13,12252.29,12395.73,12234.48,12381.19,0.0
2013/03/15,12437.68,12560.95,12220.63,12220.63,0.0
2013/03/19,12405.61,12650.26,12401.12,12635.69,0.0
2013/03/22,12498.51,12594.36,12338.53,12546.46,0.0
2013/03/26,12461.79,12540.12,12442.39,12493.79,0.0
2013/03/28,12457.13,12462.86,12286.37,12397.91,0.0
2013/04/01,12371.34,12384.83,11805.78,12003.43,0.0
2013/04/03,12112.09,12634.54,12075.97,12634.54,0.0
2013/04/05,12880.82,13225.62,12831.1,13192.59,0.0
2013/04/09,13309.13,13331.39,13151.73,13288.13,0.0
2013/04/11,13444.95,13568.25,13384.11,13485.14,0.0
2013/04/15,13345.86,13408.29,13004.46,13221.44,0.0
2013/04/17,13330.5,13397.5,13200.85,13220.07,0.0
2013/04/19,13268.43,13611.58,13186.89,13568.37,0.0
2013/04/23,13545.6,13843.46,13505.53,13843.46,0.0
2013/04/25,13887.53,13983.87,13827.96,13884.13,0.0
2013/04/30,13854.82,13897.06,13778.75,13799.35,0.0
2013/05/02,13727.25,14196.38,13637.96,14180.24,0.0
2013/05/08,14196.2,14421.38,14186.83,14191.48,0.0
2013/05/10,14449.24,14849.01,14426.74,14782.21,0.0
2013/05/14,14822.56,15108.83,14755.08,15096.03,0.0
2013/05/16,15146.05,15157.32,14879.51,15138.12,0.0
2013/05/20,15260.61,15388.37,15245.8,15381.02,0.0
2013/05/22,15440.69,15942.6,14483.98,14483.98,0.0
2013/05/24,14731.75,15007.5,13981.52,14142.65,0.0
2013/05/28,13943.62,14512.28,13943.62,14326.46,0.0
2013/05/30,14072.9,14098.16,13555.66,13774.54,0.0
2013/06/03,13551.36,13610.25,13060.94,13533.76,0.0
2013/06/05,13566.75,13711.42,12862.02,12904.02,0.0
2013/06/07,12706.41,13514.2,12548.2,13514.2,0.0
2013/06/11,13504.77,13584.31,12994.08,13289.32,0.0
2013/06/13,13038.02,13050.11,12415.85,12686.52,0.0
2013/06/17,12584.37,13139.48,12549.82,13007.28,0.0
2013/06/19,13233.08,13296.62,12966.41,13014.58,0.0
2013/06/21,12787.87,13426.13,12702.67,13062.78,0.0
2013/06/25,13081.62,13234.89,12758.22,12834.01,0.0
2013/06/27,12968.72,13724.44,12873.5,13677.32,0.0
2013/07/01,13746.72,14098.74,13562.7,14098.74,0.0
2013/07/03,14149.99,14164.77,13962.3,14018.93,0.0
2013/07/05,14150.85,14497.65,14109.34,14109.34,0.0
2013/07/09,14295.44,14555.33,14186.03,14416.6,0.0
2013/07/11,14275.26,14574.17,14275.26,14506.25,0.0
2013/07/16,14594.88,14638.8,14460.56,14615.04,0.0
2013/07/18,14645.25,14953.29,14413.28,14589.91,0.0
2013/07/22,14770.02,14820.18,14514.29,14778.51,0.0
2013/07/24,14719.64,14751.87,14533.21,14562.93,0.0
2013/07/26,14339.39,14376.01,13661.13,13661.13,0.0
2013/07/30,13634.2,13909.45,13613.78,13668.32,0.0
2013/08/01,13674.5,14466.16,13645.61,14466.16,0.0
2013/08/05,14318.21,14401.06,14031.61,14401.06,0.0
2013/08/07,14155.95,14164.7,13556.65,13605.56,0.0
2013/08/09,13673.49,13754.96,13430.64,13519.43,0.0
2013/08/13,13696.36,14050.16,13689.49,14050.16,0.0
2013/08/15,13845.64,13981.16,13532.61,13650.11,0.0
2013/08/19,13669.74,13758.13,13383.18,13396.38,0.0
2013/08/21,13431.28,13499.99,13238.73,13365.17,0.0
2013/08/23,13583.76,13774.66,13575.4,13636.28,0.0
2013/08/27,13551.75,13678.79,13188.14,13338.46,0.0
2013/08/29,13382.95,13615.98,13335.91,13388.86,0.0
2013/09/02,13438.07,13978.44,13407.53,13978.44,0.0
2013/09/04,13875.17,14156.5,13843.61,14064.82,0.0
2013/09/06,14088.41,14251.46,13834.52,14205.23,0.0
2013/09/10,14318.72,14561.46,14296.78,14425.07,0.0
2013/09/12,14397.9,14455.37,14233.12,14404.67,0.0
2013/09/17,14456.99,14625.97,14311.67,14505.36,0.0
2013/09/19,14680.4,14816.65,14581.79,14742.42,0.0
2013/09/24,14626.04,14767.72,14607.27,14620.53,0.0
2013/09/26,14553.06,14817.5,14410.52,14760.07,0.0
2013/09/30,14530.62,14642.97,14425.82,14484.72,0.0
2013/10/02,14492.47,14569.2,14082.31,14157.25,0.0
2013/10/04,14029.73,14149.77,13841.93,13853.32,0.0
2013/10/08,13794.74,14037.84,13748.94,14037.84,0.0
2013/10/10,14097.62,14447.87,14077.03,14404.74,0.0
2013/10/15,14510.27,14510.37,14415.76,14467.14,0.0
2013/10/17,14640.08,14664.22,14492.67,14561.54,0.0
2013/10/21,14624.03,14747.77,14624.03,14713.25,0.0
2013/10/23,14784.41,14799.28,14273.71,14486.41,0.0
2013/10/25,14439.14,14442.12,14088.19,14396.04,0.0
2013/10/29,14288.72,14526.88,14224.59,14502.35,0.0
2013/10/31,14474.01,14516.08,14126.41,14201.57,0.0
2013/11/05,14319.75,14407.69,14130.86,14337.31,0.0
2013/11/07,14355.56,14371.56,14026.17,14086.8,0.0
2013/11/11,14271.48,14588.68,14208.13,14588.68,0.0
2013/11/13,14527.97,14966.43,14490.92,14876.41,0.0
2013/11/15,15034.33,15273.61,14994.7,15164.3,0.0
2013/11/19,15096.63,15209.67,15020.33,15076.08,0.0
2013/11/21,15176.65,15579.39,15168.47,15381.72,0.0
2013/11/25,15504.78,15619.13,15460.97,15515.24,0.0
2013/11/27,15414.52,15729.09,15414.52,15727.12,0.0
2013/11/29,15661.43,15727.96,15507.17,15655.07,0.0
2013/12/03,15747.54,15794.15,15326.06,15407.94,0.0
2013/12/05,15354.53,15430.2,15112.54,15299.86,0.0
2013/12/09,15556.6,15650.21,15547.29,15611.31,0.0
2013/12/11,15509.93,15562.3,15255.36,15341.82,0.0
2013/12/13,15316.89,15532.94,15146.13,15152.91,0.0
2013/12/17,15290.22,15588.42,15248.42,15587.8,0.0
2013/12/19,15809.43,15891.82,15755.36,15870.42,0.0
2013/12/25,15861.13,16186.04,15853.51,16174.44,0.0
2013/12/27,16229.43,16320.22,16056.73,16291.31,0.0
2014/01/06,16147.54,16164.01,15784.25,15814.37,0.0
2014/01/08,15943.68,16121.45,15838.44,15880.33,0.0
2014/01/10,15785.15,15922.14,15383.69,15422.4,0.0
2014/01/15,15649.07,15941.08,15636.57,15747.2,0.0
2014/01/17,15695.46,15783.37,15574.23,15641.68,0.0
2014/01/21,15710.89,15894.68,15631.41,15820.96,0.0
2014/01/23,15900.63,15958.58,15288.32,15391.56,0.0
2014/01/27,15091.45,15109.68,14933.55,14980.16,0.0
2014/01/29,15164.34,15383.91,14853.83,15007.06,0.0
2014/01/31,15132.23,15143.88,14615.05,14619.13,0.0
2014/02/04,14353.33,14355.92,13995.86,14180.38,0.0
2014/02/06,14233.42,14471.95,14155.12,14462.41,0.0
2014/02/10,14647.83,14874.79,14568.3,14800.06,0.0
2014/02/13,14785.84,14787.62,14243.17,14313.03,0.0
2014/02/17,14343.73,14900.24,14214.6,14843.24,0.0
2014/02/19,14729.48,14805.66,14428.73,14449.18,0.0
2014/02/21,14618.61,14982.53,14618.61,14837.68,0.0
2014/02/25,15002.51,15094.54,14896.49,14970.97,0.0
2014/02/27,14939.87,15015.01,14735.52,14841.07,0.0
2014/03/03,14666.93,14750.09,14443.1,14721.48,0.0
2014/03/05,14905.95,15203.12,14871.56,15134.75,0.0
2014/03/07,15280.76,15312.6,15088.11,15120.14,0.0
2014/03/11,15179.47,15256.03,14828.18,14830.39,0.0
2014/03/13,14847.72,14919.84,14280.75,14327.66,0.0
2014/03/17,14254.32,14533.25,14203.21,14411.27,0.0
2014/03/19,14495.73,14663.54,14207.83,14224.23,0.0
2014/03/24,14297.58,14531.79,14287.28,14423.19,0.0
2014/03/26,14521.0,14659.85,14227.81,14622.89,0.0
2014/03/28,14576.25,14843.67,14520.57,14827.83,0.0
2014/04/01,14870.51,15069.61,14751.29,14946.32,0.0
2014/04/03,15009.18,15164.39,14976.36,15063.77,0.0
2014/04/07,14880.82,14895.58,14605.31,14606.88,0.0
2014/04/09,14436.05,14513.14,14234.45,14300.12,0.0
2014/04/11,14027.8,14065.97,13885.11,13910.16,0.0
2014/04/15,14068.75,14420.3,13969.17,14417.68,0.0
2014/04/17,14395.95,14536.67,14351.85,14516.27,0.0
2014/04/21,14549.45,14649.5,14388.77,14388.77,0.0
2014/04/23,14480.41,14563.25,14367.13,14404.99,0.0
2014/04/25,14369.72,14554.32,14224.47,14288.23,0.0
2014/04/30,14393.51,14493.03,14275.69,14485.13,0.0
2014/05/02,14454.44,14473.75,14033.45,14033.45,0.0
2014/05/08,14136.41,14266.29,14091.2,14199.59,0.0
2014/05/12,14173.49,14464.01,14130.3,14425.44,0.0
2014/05/14,14385.6,14419.65,14190.27,14298.21,0.0
2014/05/16,14087.76,14150.5,13991.8,14006.44,0.0
2014/05/20,14088.45,14144.04,13964.43,14042.17,0.0
2014/05/22,14188.28,14528.04,14147.55,14462.17,0.0
2014/05/26,14592.6,14744.16,14531.32,14636.52,0.0
2014/05/28,14646.93,14717.29,14574.02,14681.72,0.0
2014/05/30,14707.66,14963.91,14591.62,14935.92,0.0
2014/06/03,15089.04,15091.49,14985.21,15067.96,0.0
2014/06/05,15112.59,15144.34,15016.81,15077.24,0.0
2014/06/09,15204.31,15206.57,14966.8,14994.8,0.0
2014/06/11,15000.13,15075.72,14862.08,14973.53,0.0
2014/06/13,14830.99,15121.64,14830.99,14933.29,0.0
2014/06/17,14962.99,15139.99,14948.54,15115.8,0.0
2014/06/19,15140.35,15422.06,15138.28,15349.42,0.0
2014/06/23,15419.47,15442.67,15252.27,15376.24,0.0
2014/06/25,15297.24,15347.88,15265.71,15308.49,0.0
2014/06/27,15290.75,15293.82,15027.31,15162.1,0.0
2014/07/01,15179.64,15444.63,15145.87,15369.97,0.0
2014/07/03,15435.34,15490.37,15324.32,15437.13,0.0
2014/07/07,15433.49,15477.77,15225.11,15314.41,0.0
2014/07/09,15194.32,15326.78,15185.32,15216.47,0.0
2014/07/11,15102.59,15324.95,15101.49,15296.82,0.0
2014/07/15,15354.43,15441.54,15346.09,15379.3,0.0
2014/07/17,15422.87,15465.74,15110.45,15215.71,0.0
2014/07/22,15296.42,15392.02,15287.93,15328.56,0.0
2014/07/24,15350.28,15457.87,15232.14,15457.87,0.0
2014/07/28,15426.98,15632.7,15426.98,15618.07,0.0
2014/07/30,15616.89,15759.66,15594.89,15620.77,0.0
2014/08/01,15511.54,15602.13,15440.21,15474.5,0.0
2014/08/05,15506.87,15507.32,15121.43,15159.79,0.0
2014/08/07,15138.72,15243.06,14753.84,14778.37,0.0
2014/08/11,15022.64,15235.98,14973.71,15161.31,0.0
2014/08/13,15111.76,15338.85,15108.53,15314.57,0.0
2014/08/15,15317.15,15365.35,15276.99,15322.6,0.0
2014/08/19,15451.94,15492.88,15429.11,15454.45,0.0
2014/08/21,15530.98,15628.78,15524.43,15539.19,0.0
2014/08/25,15609.43,15628.61,15519.42,15521.22,0.0
2014/08/27,15556.56,15588.22,15423.9,15459.86,0.0
2014/08/29,15423.88,15478.77,15356.0,15476.6,0.0
2014/09/02,15526.94,15829.38,15516.5,15728.35,0.0
2014/09/04,15701.61,15792.64,15641.37,15668.68,0.0
2014/09/08,15718.13,15795.82,15656.4,15749.15,0.0
2014/09/10,15688.55,15925.51,15664.79,15909.2,0.0
2014/09/12,15885.04,15984.9,15871.12,15911.53,0.0
2014/09/17,15948.15,16106.11,15888.67,16067.57,0.0
2014/09/19,16177.94,16364.08,16170.11,16205.9,0.0
2014/09/24,16105.56,16374.14,16094.59,16374.14,0.0
2014/09/26,16087.95,16344.32,16087.95,16310.64,0.0
2014/09/30,16252.72,16252.72,16058.72,16082.25,0.0
2014/10/02,15895.2,15922.51,15559.07,15708.65,0.0
2014/10/06,15882.28,15970.65,15755.57,15783.83,0.0
2014/10/08,15574.6,15732.32,15461.09,15478.93,0.0
2014/10/10,15292.88,15345.78,14919.71,14936.51,0.0
2014/10/15,15009.75,15084.61,14672.55,14738.38,0.0
2014/10/17,14796.32,15111.23,14529.03,15111.23,0.0
2014/10/21,15115.29,15195.78,14761.84,15195.77,0.0
2014/10/23,15093.78,15377.05,15059.64,15291.64,0.0
2014/10/27,15404.28,15424.05,15263.36,15329.91,0.0
2014/10/29,15442.39,15701.04,15394.79,15658.2,0.0
2014/10/31,15817.14,17127.66,15817.14,16862.47,0.0
2014/11/05,16785.44,17045.94,16725.45,16792.48,0.0
2014/11/07,16934.04,16938.2,16713.37,16780.53,0.0
2014/11/11,16869.49,17443.74,16855.3,17197.05,0.0
2014/11/13,17192.0,17520.54,17099.95,17490.83,0.0
2014/11/17,17381.38,17409.32,16907.43,17344.06,0.0
2014/11/19,17384.31,17472.57,17270.7,17300.86,0.0
2014/11/21,17285.72,17490.39,17108.2,17407.62,0.0
2014/11/26,17347.97,17432.57,17212.48,17248.5,0.0
2014/11/28,17340.16,17649.02,17330.84,17590.1,0.0
2014/12/02,17481.06,17881.76,17476.42,17720.43,0.0
2014/12/04,17881.91,17922.29,17759.36,17920.45,0.0
2014/12/08,18004.66,18030.83,17773.3,17813.38,0.0
2014/12/10,17623.35,17658.14,17043.63,17257.4,0.0
2014/12/12,17317.69,17526.19,17037.21,17099.4,0.0
2014/12/16,16862.42,16895.39,16672.94,16819.73,0.0
2014/12/18,17142.95,17621.4,17136.41,17621.4,0.0
2014/12/22,17685.53,17875.41,17572.62,17854.23,0.0
2014/12/25,17804.84,17843.73,17769.01,17818.96,0.0
2014/12/29,17914.55,17914.55,17450.77,17450.77,0.0
2015/01/05,17325.68,17540.92,16881.73,16883.19,0.0
2015/01/07,16808.26,17243.71,16808.26,17167.1,0.0
2015/01/09,17318.74,17342.65,16828.27,17087.71,0.0
2015/01/14,16961.82,17141.98,16770.56,17108.7,0.0
2015/01/16,16812.96,17039.8,16592.57,17014.29,0.0
2015/01/20,17071.65,17366.3,17066.77,17280.48,0.0
2015/01/22,17306.64,17532.06,17229.21,17511.75,0.0
2015/01/26,17285.71,17768.41,17285.71,17768.3,0.0
2015/01/28,17615.93,17850.59,17575.1,17606.22,0.0
2015/01/30,17788.74,17808.47,17459.45,17558.04,0.0
2015/02/03,17654.6,17743.11,17271.87,17678.74,0.0
2015/02/05,17589.21,17700.67,17484.67,17648.5,0.0
2015/02/09,17790.31,17799.49,17550.03,17652.68,0.0
2015/02/12,17899.4,18005.45,17864.55,17913.36,0.0
2015/02/16,18024.01,18074.26,17901.26,17987.09,0.0
2015/02/18,18103.98,18322.5,18092.32,18264.79,0.0
2015/02/20,18336.5,18509.08,18297.67,18466.92,0.0
2015/02/24,18468.39,18648.77,18427.98,18585.2,0.0
2015/02/26,18587.87,18865.39,18587.13,18797.94,0.0
2015/03/02,18869.4,18939.17,18730.57,18815.16,0.0
2015/03/04,18716.78,18767.5,18586.84,18751.84,0.0
2015/03/06,18814.85,18979.64,18733.87,18790.55,0.0
2015/03/10,18891.01,18924.38,18577.06,18723.52,0.0
2015/03/12,18787.1,19335.8,18774.42,19254.25,0.0
2015/03/16,19245.38,19479.89,19226.71,19437.0,0.0
2015/03/18,19407.76,19557.17,19312.7,19476.56,0.0
2015/03/20,19479.71,19778.6,19416.63,19754.36,0.0
2015/03/24,19718.99,19775.45,19542.22,19746.2,0.0
2015/03/26,19605.6,19623.11,19099.87,19285.63,0.0
2015/03/30,19295.21,19607.25,19206.99,19206.99,0.0
2015/04/01,19129.75,19433.89,18927.95,19312.79,0.0
2015/04/03,19289.04,19435.08,19241.29,19397.98,0.0
2015/04/07,19539.03,19845.53,19501.31,19789.81,0.0
2015/04/09,19851.12,20006.0,19822.49,19907.63,0.0
2015/04/13,19967.38,19975.66,19825.69,19908.68,0.0
2015/04/15,19838.53,19913.42,19742.12,19885.77,0.0
2015/04/17,19810.4,19815.25,19474.23,19634.49,0.0
2015/04/21,19731.57,20144.66,19678.22,20133.9,0.0
2015/04/23,20227.28,20252.12,20013.74,20020.04,0.0
2015/04/27,20063.8,20133.78,19909.86,20058.95,0.0
2015/04/30,19847.5,19852.66,19399.16,19531.63,0.0
2015/05/07,19356.46,19461.08,19257.85,19291.99,0.0
