1999/03/24,21.4,22.8,21.4,22.4,102158788.0
1999/03/26,22.5,22.6,21.7,21.7,67683188.0
1999/03/30,21.7,22.2,21.5,21.7,35743520.0
1999/04/01,21.7,23.9,21.7,23.9,212868918.0
1999/04/06,24.0,24.0,23.0,23.0,60145672.0
1999/04/08,23.3,24.2,23.2,23.4,107834068.0
1999/04/12,23.2,23.4,22.8,23.1,60653497.0
1999/04/14,23.3,23.7,23.2,23.7,70509209.0
1999/04/16,24.2,26.9,24.0,26.1,276761560.0
1999/04/20,26.4,27.9,26.4,27.0,284191423.0
1999/04/22,27.1,27.4,26.0,26.5,187755394.0
1999/04/26,26.6,26.9,26.0,26.1,93859743.0
1999/04/28,26.1,26.3,24.7,24.8,91151661.0
1999/04/30,24.8,26.9,24.8,26.7,143731784.0
1999/05/04,27.2,28.4,26.9,27.5,228294656.0
1999/05/06,27.1,27.1,25.5,25.7,170938388.0
1999/05/10,25.8,26.8,25.8,26.3,99011084.0
1999/05/12,26.5,26.6,26.0,26.1,49816175.0
1999/05/14,26.5,27.2,26.4,26.6,83740130.0
1999/05/18,26.8,27.0,26.5,26.5,75062011.0
1999/05/20,26.6,27.0,26.4,26.5,92831976.0
1999/05/24,26.2,26.2,24.8,25.1,108687253.0
1999/05/26,25.0,25.1,22.0,22.9,135350000.0
1999/05/28,22.9,22.9,21.3,21.4,68281498.0
1999/06/01,21.4,22.1,21.3,21.9,37522218.0
1999/06/03,22.2,22.8,21.9,22.6,65720427.0
1999/06/07,22.2,23.8,22.2,23.5,116157668.0
1999/06/09,23.4,24.6,23.1,23.9,125462912.0
1999/06/11,23.9,24.5,23.6,24.3,68120225.0
1999/06/15,24.3,24.4,23.5,24.0,55999942.0
1999/06/17,24.4,25.4,24.4,24.8,167037538.0
1999/06/22,24.8,25.3,24.4,24.7,95644481.0
1999/06/24,24.9,25.4,24.2,24.3,107537140.0
1999/06/28,24.0,25.0,23.9,24.8,82803054.0
1999/06/30,24.8,25.7,24.0,25.7,189446991.0
1999/07/05,25.1,25.5,24.8,25.2,50187319.0
1999/07/07,25.3,25.4,25.0,25.1,36813700.0
1999/07/09,25.1,25.4,25.0,25.2,41036488.0
1999/07/13,25.0,25.1,23.4,23.7,51382780.0
1999/07/15,23.5,23.7,22.0,22.0,52439609.0
1999/07/19,21.6,23.6,21.5,23.5,48781802.0
1999/07/21,23.2,23.3,22.5,22.8,38285390.0
1999/07/23,22.8,23.0,22.6,22.7,21127022.0
1999/07/27,22.8,23.0,22.1,22.8,21065548.0
1999/07/29,22.7,22.7,21.8,21.9,13933394.0
1999/08/02,21.9,23.0,21.2,22.5,23313931.0
1999/08/04,22.4,22.6,21.0,21.8,21162085.0
1999/08/06,21.7,21.8,21.0,21.2,18802643.0
1999/08/10,21.3,21.8,21.3,21.6,19101600.0
1999/08/12,21.6,23.4,21.5,23.0,59989894.0
1999/08/16,23.5,24.8,23.2,24.6,90150626.0
1999/08/18,25.0,25.0,24.0,24.4,53765939.0
1999/08/20,24.0,24.8,24.0,24.5,45641618.0
1999/08/24,24.6,25.5,24.0,25.5,118283604.0
1999/08/26,25.6,25.8,24.7,24.7,66249269.0
1999/08/30,24.7,25.0,24.5,24.8,35101915.0
1999/09/01,25.0,25.3,24.5,24.5,42067686.0
1999/09/03,24.5,24.6,23.7,24.1,25691871.0
1999/09/07,24.3,24.3,23.6,23.9,23357851.0
1999/09/09,24.1,24.7,23.8,24.6,28111818.0
1999/09/13,24.6,25.1,24.1,24.2,31493301.0
1999/09/15,24.1,24.2,23.7,24.0,16779568.0
1999/09/17,24.0,24.4,23.9,24.2,14815418.0
1999/09/27,25.8,27.6,25.8,26.0,220835684.0
1999/09/29,26.1,26.2,25.3,25.8,79085948.0
1999/10/01,25.8,27.3,25.6,26.6,134731736.0
1999/10/05,26.6,26.6,25.3,25.6,51907180.0
1999/10/07,25.3,25.6,24.8,25.1,60640220.0
1999/10/11,25.1,25.4,25.0,25.4,21053884.0
1999/10/13,25.5,25.6,24.8,24.8,44889570.0
1999/10/15,24.8,25.0,24.0,24.0,27278650.0
1999/10/19,24.0,24.5,23.8,24.5,28750370.0
1999/10/21,24.6,24.6,24.0,24.4,32213370.0
1999/10/25,24.4,24.4,23.9,24.0,20452185.0
1999/10/27,24.0,24.2,23.8,24.1,19320110.0
1999/10/29,24.4,24.4,23.7,23.8,31043370.0
1999/11/02,23.5,23.8,22.6,22.7,31763290.0
1999/11/04,22.7,22.9,22.0,22.2,35005230.0
1999/11/08,21.7,22.3,21.5,21.9,20933794.0
1999/11/10,21.8,23.4,21.5,22.6,42490800.0
1999/11/15,22.8,23.2,22.4,23.1,23977215.0
1999/11/17,23.2,23.3,22.7,22.9,15322019.0
1999/11/19,22.9,23.5,22.8,23.4,24885250.0
1999/11/23,23.5,23.7,22.8,22.8,20589803.0
1999/11/25,22.7,22.8,22.0,22.0,21771346.0
1999/11/29,22.1,22.7,22.1,22.5,17511199.0
1999/12/01,22.3,22.7,22.1,22.7,18216116.0
1999/12/03,22.7,23.3,22.6,23.0,29418430.0
1999/12/07,23.0,23.0,22.1,22.5,28386260.0
1999/12/09,22.1,22.5,22.0,22.4,37762786.0
1999/12/13,22.5,22.7,22.1,22.3,22822210.0
1999/12/15,22.5,22.7,22.1,22.3,22605590.0
1999/12/17,22.3,22.7,22.0,22.3,21006260.0
1999/12/21,22.2,22.5,22.2,22.5,22871129.0
1999/12/23,22.4,22.9,22.2,22.5,41780313.0
1999/12/27,22.7,23.3,22.3,23.2,61227930.0
2000/01/04,23.6,24.8,23.3,24.0,114246130.0
2000/01/06,24.5,25.2,24.5,24.7,148985130.0
2000/01/10,26.0,26.2,25.0,25.0,133967300.0
2000/01/12,25.2,26.4,25.2,26.0,108050090.0
2000/01/14,26.3,26.3,25.3,25.6,58991860.0
2000/01/18,25.8,26.0,25.0,25.0,48902810.0
2000/01/20,25.5,25.9,25.1,25.3,64552840.0
2000/01/24,25.5,26.3,25.4,25.5,83927610.0
2000/01/26,25.7,26.4,25.4,25.7,106982030.0
2000/01/28,26.0,26.8,25.5,25.7,189402400.0
2000/02/01,25.7,26.3,25.7,25.9,87568020.0
2000/02/10,25.9,26.7,25.8,25.9,146423550.0
2000/02/14,25.9,26.1,24.7,24.9,78885850.0
2000/02/16,25.0,25.9,24.8,25.7,101271650.0
2000/02/18,26.1,26.2,25.0,25.3,99622090.0
2000/02/22,25.5,25.7,24.8,24.9,55713980.0
2000/02/24,25.1,25.2,23.8,24.0,61162520.0
2000/02/29,24.0,24.3,23.6,24.2,37681500.0
2000/03/02,24.2,24.2,23.6,23.9,27006328.0
2000/03/06,23.9,24.0,23.1,23.4,38107360.0
2000/03/08,23.2,23.5,23.0,23.2,47388430.0
2000/03/10,23.4,23.5,21.3,21.5,74734780.0
2000/03/14,21.5,22.1,21.5,21.6,60609640.0
2000/03/16,21.8,23.6,21.0,22.9,162562650.0
2000/03/20,22.1,22.5,21.4,22.4,59210721.0
2000/03/22,22.2,22.8,21.7,22.5,64109970.0
2000/03/24,22.5,22.5,21.5,22.1,45201480.0
2000/03/28,22.3,22.7,22.0,22.0,47771740.0
2000/03/30,22.0,22.5,21.8,21.9,76979350.0
2000/04/05,22.1,23.5,22.1,23.0,97634720.0
2000/04/07,23.2,23.3,22.5,22.6,27556410.0
2000/04/11,22.9,23.7,22.7,23.6,73533430.0
2000/04/13,23.9,23.9,22.6,22.6,44095210.0
2000/04/17,21.6,22.5,21.5,22.2,50503000.0
2000/04/19,22.5,22.5,21.8,21.9,29035660.0
2000/04/21,22.0,22.3,21.6,21.9,22193510.0
2000/04/25,21.9,22.1,21.5,21.6,27639370.0
2000/04/27,21.6,22.0,21.5,21.7,36642100.0
2000/05/02,21.8,22.1,21.6,21.7,24134560.0
2000/05/04,21.7,22.7,21.7,22.7,38508210.0
2000/05/08,22.3,22.6,22.0,22.5,22667350.0
2000/05/10,22.5,23.2,22.3,22.7,42326350.0
2000/05/12,23.0,23.5,22.5,22.6,65251140.0
2000/05/16,22.6,23.0,22.5,22.7,27729221.0
2000/05/18,22.7,23.0,22.7,22.8,29567480.0
2000/05/22,22.8,22.8,22.4,22.4,21382720.0
2000/05/24,22.2,22.5,22.1,22.4,20431960.0
2000/05/26,22.4,22.9,22.2,22.9,22672070.0
2000/05/30,22.9,23.4,22.7,22.8,30553720.0
2000/06/01,22.8,22.9,22.6,22.7,18471219.0
2000/06/05,23.0,23.2,22.7,22.8,26946030.0
2000/06/08,22.9,23.0,22.4,22.4,32914160.0
2000/06/12,22.4,22.5,22.0,22.0,34756550.0
2000/06/14,22.0,22.4,21.7,22.4,51607230.0
2000/06/16,22.4,22.4,22.0,22.3,29207280.0
2000/06/20,22.4,22.4,21.9,22.0,51848000.0
2000/06/22,21.1,21.3,20.8,21.1,34123720.0
2000/06/26,21.2,21.3,20.9,21.0,15241977.0
2000/06/28,21.0,21.0,20.4,20.5,25402040.0
2000/06/30,20.5,21.5,20.4,21.2,32730100.0
2000/07/04,21.2,22.1,20.6,21.6,52314290.0
2000/07/06,21.4,21.7,21.0,21.1,29864640.0
2000/07/10,21.0,21.3,20.6,21.2,34175730.0
2000/07/12,21.2,21.6,20.8,21.1,23131912.0
2000/07/14,21.0,22.5,21.0,22.2,89993650.0
2000/07/18,22.4,22.4,21.5,21.5,33154180.0
2000/07/20,21.5,21.7,21.2,21.6,28826550.0
2000/07/24,21.5,21.8,21.2,21.3,33689680.0
2000/07/26,21.3,21.7,21.3,21.7,39828810.0
2000/07/28,21.8,22.3,21.6,22.0,51847650.0
2000/08/01,22.0,22.1,21.4,21.6,32008640.0
2000/08/03,21.5,21.7,21.2,21.6,24071939.0
2000/08/07,21.4,21.7,21.2,21.5,21991350.0
2000/08/09,21.7,21.9,21.5,21.5,18963212.0
2000/08/11,21.4,21.6,21.2,21.4,11412628.0
2000/08/15,21.2,21.4,21.2,21.3,11458072.0
2000/08/17,21.3,21.4,20.9,21.2,30277791.0
2000/08/21,21.0,21.1,20.9,21.0,19661682.0
2000/08/24,20.9,21.0,20.5,20.6,30879860.0
2000/08/28,20.5,21.0,20.2,20.8,33093580.0
2000/08/30,20.7,20.8,20.0,20.6,29119000.0
2000/09/01,0.0,20.6,0.0,20.6,8012000.0
2000/09/05,20.6,20.7,19.9,20.0,17133619.0
2000/09/07,19.8,20.3,19.8,20.2,17360097.0
2000/09/11,20.2,20.5,20.0,20.5,21923144.0
2000/09/14,20.4,20.5,0.0,20.3,10021180.0
2000/09/18,20.0,20.3,20.0,20.2,41130210.0
2000/09/20,20.1,20.3,20.0,20.2,28873060.0
2000/09/22,20.0,20.3,19.7,20.1,55715900.0
2000/09/26,20.1,20.4,20.0,20.2,30009093.0
2000/09/28,20.1,20.3,0.0,20.2,13094920.0
2000/10/02,20.0,20.4,20.0,20.3,43553320.0
2000/10/04,19.6,20.0,19.1,19.8,45905600.0
2000/10/06,0.0,20.0,0.0,19.7,14025000.0
2000/10/11,19.5,19.6,18.6,18.6,33954330.0
2000/10/13,18.0,19.8,18.0,18.4,37464940.0
2000/10/17,18.2,19.3,18.2,19.0,21893453.0
2000/10/19,18.3,18.9,0.0,19.3,20164280.0
2000/10/23,19.4,19.4,18.3,19.0,51756560.0
2000/10/25,19.0,19.0,18.3,18.5,34032210.0
2000/10/27,18.6,19.5,18.0,18.9,63528440.0
2000/10/31,18.9,19.1,18.3,18.3,42145150.0
2000/11/02,18.7,19.1,18.5,18.9,26333740.0
2000/11/06,18.7,18.7,18.3,18.6,15567255.0
2000/11/08,18.7,19.0,18.4,19.0,26902810.0
2000/11/10,19.1,19.3,18.7,18.9,30496640.0
2000/11/14,19.0,19.3,18.8,19.0,26501550.0
2000/11/16,18.0,18.8,18.0,18.4,26969760.0
2000/11/20,18.0,18.3,17.0,17.6,29996830.0
2000/11/22,17.6,17.7,17.2,17.5,29461730.0
2000/11/24,17.5,18.0,17.5,17.9,20694164.0
2000/11/28,17.9,18.1,17.6,17.9,25634766.0
2000/11/30,17.8,19.0,17.7,18.9,42731580.0
2000/12/04,18.6,19.2,18.4,19.1,40096640.0
2000/12/06,19.1,19.4,19.1,19.4,44864170.0
2000/12/08,19.4,19.9,19.2,19.7,29585970.0
2000/12/12,19.7,20.1,19.4,20.1,32316670.0
2000/12/14,20.1,20.2,19.6,19.8,23818174.0
2000/12/18,19.7,20.4,19.5,20.4,33924880.0
2000/12/20,20.2,20.4,19.7,19.9,36567780.0
2000/12/22,19.8,19.9,19.5,19.7,18180262.0
2000/12/27,19.9,20.0,19.4,20.0,18476914.0
2000/12/29,19.9,20.0,19.6,19.9,14755587.0
2001/01/03,19.8,19.8,19.2,19.5,47744240.0
2001/01/05,19.5,19.5,18.4,18.6,67575270.0
2001/01/09,18.6,19.4,18.4,19.3,52130740.0
2001/01/11,19.6,19.6,18.8,18.9,41039770.0
2001/01/15,18.9,19.6,18.9,19.6,35293360.0
2001/01/17,19.7,20.0,19.5,20.0,43469660.0
2001/01/29,20.0,20.2,19.6,20.1,45222890.0
2001/01/31,20.1,20.3,20.0,20.3,32434810.0
2001/02/02,20.3,20.8,20.3,20.8,58863400.0
2001/02/06,20.8,20.9,20.2,20.2,29073070.0
2001/02/08,20.4,20.4,20.0,20.4,31641990.0
2001/02/12,20.4,21.0,20.2,20.9,43549820.0
2001/02/14,21.1,21.1,20.6,20.6,28056890.0
2001/02/16,20.8,20.8,20.3,20.4,23329352.0
2001/02/20,20.4,20.8,20.4,20.8,23291085.0
2001/02/22,20.8,21.1,20.5,21.1,39016010.0
2001/02/26,21.3,21.8,21.2,21.5,50495350.0
2001/03/01,21.5,21.7,21.2,21.5,58277940.0
2001/03/05,21.4,21.7,21.3,21.6,29588700.0
2001/03/07,21.6,21.6,20.3,20.5,36847670.0
2001/03/09,20.5,20.9,20.3,20.3,20542532.0
2001/03/13,20.3,20.4,20.0,20.1,31098041.0
2001/03/15,20.2,20.6,19.9,20.5,21125480.0
2001/03/19,20.4,20.4,20.0,20.2,13478772.0
2001/03/21,20.1,20.5,20.0,20.2,23159301.0
2001/03/23,20.2,20.3,19.9,20.0,21214507.0
2001/03/27,20.0,20.1,19.8,19.8,21863950.0
2001/03/29,19.8,19.8,19.3,19.5,22654101.0
2001/04/02,19.5,19.5,19.0,19.0,10460954.0
2001/04/04,19.0,19.1,18.6,18.9,25284540.0
2001/04/09,18.8,18.9,18.2,18.2,33395670.0
2001/04/11,18.6,18.6,18.1,18.1,20985222.0
2001/04/13,18.3,18.6,18.2,18.6,11747208.0
2001/04/17,18.5,18.8,18.3,18.7,10007991.0
2001/04/19,18.9,19.0,18.4,18.4,13655924.0
2001/04/23,18.4,18.7,18.4,18.7,17205759.0
2001/04/25,18.6,19.1,18.6,19.0,29776620.0
2001/04/27,19.0,19.1,19.0,19.1,17190876.0
2001/05/02,19.0,19.1,18.9,18.9,29509710.0
2001/05/04,18.9,18.9,18.6,18.7,15739691.0
2001/05/08,18.7,19.3,18.6,19.1,20937905.0
2001/05/10,19.1,19.1,18.7,18.7,12435854.0
2001/05/14,18.8,19.0,18.6,18.9,7639015.0
2001/05/16,18.9,19.3,18.8,19.1,13126319.0
2001/05/18,19.4,19.6,19.0,19.5,28037460.0
2001/05/22,19.5,20.5,19.3,20.4,44318260.0
2001/05/24,20.2,20.4,19.5,19.9,17415944.0
2001/05/28,19.7,20.0,19.5,19.7,15908704.0
2001/05/30,19.5,19.5,18.0,18.2,45942570.0
2001/06/01,18.2,18.4,18.1,18.1,19259289.0
2001/06/05,18.2,18.6,18.1,18.4,16377197.0
2001/06/07,18.2,18.2,17.5,17.6,39820940.0
2001/06/11,17.2,17.6,17.1,17.4,22710690.0
2001/06/13,17.4,17.6,17.3,17.6,21025018.0
2001/06/15,17.6,17.7,17.3,17.4,9780484.0
2001/06/19,17.4,17.8,17.3,17.6,11882197.0
2001/06/21,17.6,17.8,17.0,17.4,9506988.0
2001/06/26,17.2,17.4,16.6,16.7,14652696.0
2001/06/28,16.7,17.2,16.5,17.2,15661293.0
2001/07/02,17.2,17.2,16.8,17.1,11427253.0
2001/07/04,16.9,17.0,16.6,16.6,11778062.0
2001/07/06,16.6,16.7,16.4,16.5,26356000.0
2001/07/10,14.7,14.8,14.3,14.3,17085035.0
2001/07/12,14.3,14.5,13.3,13.4,17611666.0
2001/07/16,13.0,13.2,12.0,12.15,21566310.0
2001/07/18,12.2,12.25,11.6,12.0,23342282.0
2001/07/20,12.0,12.3,11.8,12.05,21976020.0
2001/07/24,12.0,12.85,11.95,12.8,33032300.0
2001/07/26,12.8,13.5,12.6,13.35,46624000.0
2001/07/31,13.35,13.75,13.05,13.05,17848799.0
2001/08/02,13.05,13.4,12.6,12.75,24307130.0
2001/08/06,12.75,13.05,12.7,12.85,13751305.0
2001/08/08,12.9,13.2,12.6,12.75,31615130.0
2001/08/10,12.7,12.75,12.25,12.35,26589470.0
2001/08/14,12.35,12.7,12.3,12.55,18725979.0
2001/08/16,12.65,13.05,12.6,12.9,20186165.0
2001/08/20,12.6,12.85,12.6,12.7,11451977.0
2001/08/22,12.6,12.85,12.6,12.75,12818552.0
2001/08/24,12.7,12.7,12.3,12.3,13498241.0
2001/08/28,12.2,12.3,11.7,12.3,25254910.0
2001/08/30,12.25,12.4,12.05,12.3,15707030.0
2001/09/03,12.2,12.7,12.1,12.7,16169117.0
2001/09/05,12.55,12.85,12.55,12.8,17420730.0
2001/09/07,12.8,13.0,12.7,12.9,15495585.0
2001/09/11,12.9,13.0,12.05,12.25,21486480.0
2001/09/14,12.25,12.6,12.05,12.5,29384300.0
2001/09/20,12.2,12.3,11.7,11.7,17479978.0
2001/09/24,11.55,11.75,11.0,11.6,28914200.0
2001/09/26,11.3,11.7,11.25,11.5,22332510.0
2001/09/28,11.7,12.15,11.6,11.85,17159103.0
2001/10/03,11.7,12.1,11.5,12.1,17176498.0
2001/10/05,12.0,12.25,11.85,12.0,14387094.0
2001/10/09,11.95,13.05,11.9,13.0,32709760.0
2001/10/12,13.4,13.4,12.65,13.05,42625630.0
2001/10/16,13.05,13.4,12.95,13.4,24186877.0
2001/10/18,13.35,13.35,12.75,13.3,22087280.0
2001/10/22,13.2,13.2,12.8,13.15,27620900.0
2001/10/24,13.0,13.6,13.0,13.55,29590090.0
2001/10/26,13.55,13.7,13.35,13.65,24419774.0
2001/10/30,13.55,13.55,13.25,13.45,26043870.0
2001/11/01,13.3,13.45,13.0,13.0,24533062.0
2001/11/05,13.0,13.0,12.6,12.6,18045567.0
2001/11/07,12.6,13.0,12.6,12.9,24054810.0
2001/11/09,12.9,13.3,12.85,13.25,24498567.0
2001/11/13,13.2,13.3,13.0,13.1,12701069.0
2001/11/15,13.1,13.3,12.8,12.9,35869010.0
2001/11/19,13.0,13.95,12.9,13.35,39235060.0
2001/11/21,13.5,14.9,13.5,14.1,57679770.0
2001/11/23,14.15,14.6,13.95,14.3,30261930.0
2001/11/27,14.5,14.5,13.2,13.2,45456040.0
2001/11/29,13.3,13.5,13.1,13.2,24383454.0
2001/12/03,13.2,13.8,13.2,13.6,23830370.0
2001/12/05,13.55,14.4,13.4,14.4,39137340.0
2001/12/07,14.4,15.6,14.1,15.6,59323110.0
2001/12/11,15.6,15.7,14.8,15.3,49350370.0
2001/12/13,15.6,15.6,13.6,13.85,69881880.0
2001/12/17,13.85,14.2,13.75,14.05,55585830.0
2001/12/19,14.1,14.15,13.6,13.8,20104777.0
2001/12/21,13.85,13.9,13.4,13.8,25663870.0
2001/12/25,14.0,14.2,13.8,14.05,24632030.0
2001/12/27,14.1,14.2,13.6,13.6,21236570.0
2001/12/31,13.8,14.2,13.6,13.85,28576940.0
2002/01/03,13.95,14.1,13.65,14.1,21424725.0
2002/01/07,14.3,14.5,13.8,13.8,31854060.0
2002/01/09,13.9,14.15,13.85,14.05,17351398.0
2002/01/11,14.1,14.2,13.9,13.9,19918131.0
2002/01/15,13.9,14.0,13.7,13.9,15832443.0
2002/01/17,13.7,14.1,13.7,13.9,13340638.0
2002/01/21,14.05,14.8,14.0,14.4,34231141.0
2002/01/23,14.3,14.9,14.25,14.75,20242484.0
2002/01/25,14.9,15.7,14.85,15.7,35265344.0
2002/01/29,15.7,16.2,15.3,15.7,68904919.0
2002/01/31,16.0,17.5,15.9,16.9,76189773.0
2002/02/04,16.9,18.0,16.9,17.8,60022043.0
2002/02/06,17.5,18.0,17.5,17.8,32704060.0
2002/02/19,17.7,17.7,16.5,16.7,24077229.0
2002/02/21,17.5,18.4,16.8,18.4,54256549.0
2002/02/25,18.6,18.9,18.2,18.2,44445123.0
2002/02/27,18.3,18.7,17.2,17.6,37604496.0
2002/03/04,17.8,18.0,17.3,17.8,22692925.0
2002/03/06,17.4,17.5,16.2,16.2,50998893.0
2002/03/08,16.3,17.1,16.3,17.0,34437807.0
2002/03/12,17.2,17.4,16.5,17.0,45119941.0
2002/03/14,16.6,16.9,16.3,16.5,21377145.0
2002/03/18,16.5,16.5,16.0,16.1,21481914.0
2002/03/20,16.2,16.9,16.2,16.4,22401103.0
2002/03/22,16.6,17.0,16.6,16.8,11684795.0
2002/03/26,16.5,16.6,16.1,16.1,31660012.0
2002/03/28,16.2,16.6,16.1,16.3,17893416.0
2002/04/01,16.3,16.4,16.1,16.4,8448537.0
2002/04/03,16.4,16.5,16.2,16.4,14734661.0
2002/04/08,16.4,16.8,16.3,16.6,24934412.0
2002/04/10,16.7,16.7,16.1,16.2,28248951.0
2002/04/12,16.0,16.5,16.0,16.3,13268194.0
2002/04/16,16.3,16.7,16.3,16.7,18151550.0
2002/04/18,16.9,17.5,16.8,17.5,38609844.0
2002/04/22,17.4,17.5,16.8,16.9,39206825.0
2002/04/24,16.8,17.6,16.5,17.1,91384415.0
2002/04/26,17.0,17.0,16.1,16.2,55366226.0
2002/04/30,16.3,16.3,14.8,15.1,61426273.0
2002/05/03,15.2,15.9,14.8,14.85,51629023.0
2002/05/07,14.8,15.3,14.8,15.1,41205032.0
2002/05/09,15.4,16.2,15.2,16.2,41307541.0
2002/05/13,16.2,16.5,16.0,16.1,24771682.0
2002/05/15,16.3,16.3,15.6,15.7,27196672.0
2002/05/17,15.8,16.3,15.8,16.0,28506289.0
2002/05/21,16.2,17.0,16.0,17.0,44713133.0
2002/05/23,17.0,17.4,16.9,17.2,47795294.0
2002/05/27,17.0,17.1,16.2,16.3,31522115.0
2002/05/29,16.3,17.8,16.3,17.6,61358887.0
2002/05/31,17.7,17.8,16.5,16.9,49588888.0
2002/06/04,16.8,17.2,16.7,17.1,21655884.0
2002/06/06,17.1,18.2,17.0,18.0,87757275.0
2002/06/10,18.0,18.6,17.6,18.1,55454876.0
2002/06/12,18.1,18.3,17.8,18.0,36706748.0
2002/06/14,17.8,18.0,17.4,17.6,26089290.0
2002/06/18,17.6,17.7,17.1,17.2,31716940.0
2002/06/20,17.1,18.4,17.0,18.3,45830507.0
2002/06/24,18.4,18.4,17.8,17.8,31584015.0
2002/06/26,17.6,18.0,17.2,17.2,36898266.0
2002/06/28,17.3,17.8,16.8,17.8,50592096.0
2002/07/02,17.8,18.1,17.3,17.7,34689750.0
2002/07/04,17.8,18.0,17.4,17.6,26728296.0
2002/07/08,17.7,17.7,17.1,17.3,36975145.0
2002/07/10,17.5,17.5,17.2,17.3,21799402.0
2002/07/12,17.5,17.7,17.2,17.2,22597632.0
2002/07/16,17.2,17.5,17.0,17.4,28761881.0
2002/07/18,17.5,18.2,17.4,17.6,45492757.0
2002/07/22,17.6,17.8,17.1,17.7,47074796.0
2002/07/24,17.4,17.7,16.6,16.6,49438000.0
2002/07/26,16.6,16.6,15.7,15.8,56268176.0
2002/07/30,16.0,16.1,15.4,15.5,65399011.0
2002/08/01,15.5,16.0,15.4,16.0,35163962.0
2002/08/05,15.7,16.0,15.0,15.0,55875854.0
2002/08/07,15.2,15.4,15.1,15.1,50354229.0
2002/08/09,15.2,15.7,15.2,15.7,26264215.0
2002/08/13,15.7,16.1,15.6,16.0,20498039.0
2002/08/15,16.2,16.2,15.5,15.5,48453925.0
2002/08/19,15.5,15.6,15.2,15.3,29642857.0
2002/08/21,15.3,15.8,15.2,15.8,20115921.0
2002/08/23,15.9,16.0,15.4,15.7,15564692.0
2002/08/27,15.7,16.0,15.6,15.8,39235414.0
2002/08/29,15.9,16.1,15.8,15.9,39057076.0
2002/09/02,15.9,16.1,15.6,15.8,22444584.0
2002/09/04,15.7,16.0,15.6,15.7,20976770.0
2002/09/09,15.7,15.9,15.6,15.8,20193648.0
2002/09/11,15.9,16.4,15.8,16.1,40538645.0
2002/09/13,16.1,16.2,15.7,15.8,15114190.0
2002/09/17,16.0,16.3,15.9,16.1,22721790.0
2002/09/19,16.0,16.3,15.8,16.2,22643409.0
2002/09/23,16.3,16.3,15.7,16.0,30925597.0
2002/09/25,15.8,15.9,15.2,15.3,48154898.0
2002/09/27,15.3,15.5,14.9,15.0,33120438.0
2002/10/01,15.0,15.3,15.0,15.1,29716706.0
2002/10/03,15.1,15.7,15.1,15.6,50260141.0
2002/10/07,15.6,16.0,15.3,15.9,42592249.0
2002/10/09,16.0,16.1,15.8,16.1,40283990.0
2002/10/14,16.1,16.5,15.9,16.3,35100716.0
2002/10/16,16.3,16.5,15.7,15.9,42382517.0
2002/10/18,16.0,16.6,15.9,16.4,54801389.0
2002/10/22,16.8,18.7,16.8,18.7,313614356.0
2002/10/24,18.7,18.9,17.5,17.8,167039886.0
2002/10/28,18.1,19.3,17.9,18.9,247879010.0
2002/10/30,18.6,19.0,18.1,18.7,163117297.0
2002/11/01,18.5,18.7,17.9,18.2,116537616.0
2002/11/05,18.4,18.8,18.0,18.6,133747534.0
2002/11/07,18.6,19.0,18.4,18.7,161998828.0
2002/11/11,18.6,19.2,18.5,18.8,270509918.0
2002/11/13,19.1,20.0,19.1,19.5,401270861.0
2002/11/15,19.7,21.2,19.5,19.6,405416461.0
2002/11/19,19.6,19.7,18.6,18.7,174791293.0
2002/11/21,19.0,19.2,18.5,19.0,152430813.0
2002/11/25,19.0,19.4,18.8,18.8,92419117.0
2002/11/27,18.9,19.6,18.9,19.0,169741130.0
2002/11/29,19.2,19.5,19.1,19.4,107714610.0
2002/12/03,19.3,19.6,19.2,19.4,108710461.0
2002/12/05,19.5,19.9,19.1,19.1,130753866.0
2002/12/09,19.4,20.1,19.3,19.5,182079244.0
2002/12/11,19.7,20.4,19.2,19.5,202610536.0
2002/12/13,19.9,20.2,19.6,19.8,226478963.0
2002/12/17,19.4,19.7,19.0,19.5,192245986.0
2002/12/19,19.5,20.6,19.3,20.0,330881121.0
2002/12/23,20.0,20.4,19.7,19.8,148356077.0
2002/12/25,19.6,19.7,19.3,19.4,81415033.0
2002/12/27,19.4,19.7,19.3,19.4,59470288.0
2002/12/31,19.5,19.8,19.1,19.6,67557130.0
2003/01/03,19.8,21.1,19.7,21.1,253680537.0
2003/01/07,21.3,22.4,20.8,22.4,379180744.0
2003/01/09,22.4,22.8,21.7,21.9,243746861.0
2003/01/13,21.9,23.7,21.9,22.5,312599619.0
2003/01/15,22.7,24.4,22.6,23.1,344684622.0
2003/01/17,23.1,24.0,22.4,24.0,265430386.0
2003/01/21,24.0,24.8,23.5,24.2,331653239.0
2003/01/23,24.0,24.1,23.0,23.0,179249534.0
2003/01/27,23.0,23.6,22.3,23.5,143385024.0
2003/02/06,23.6,24.6,22.8,23.2,285800052.0
2003/02/10,23.4,23.7,22.4,22.7,169708705.0
2003/02/12,22.5,23.0,21.9,21.9,148929489.0
2003/02/14,22.0,22.8,21.2,22.8,148383391.0
2003/02/18,23.0,23.4,22.1,22.5,204705138.0
2003/02/20,22.1,22.5,21.9,22.2,91008827.0
2003/02/24,22.5,23.0,22.3,22.4,105442642.0
2003/02/26,22.4,22.4,21.3,21.6,127578481.0
2003/03/03,22.0,22.0,21.3,21.8,89172712.0
2003/03/05,21.7,22.0,20.2,20.8,150319988.0
2003/03/07,20.3,20.4,19.6,19.9,134343120.0
2003/03/11,19.7,19.7,18.9,19.6,139336537.0
2003/03/13,19.5,20.6,19.2,20.0,133910030.0
2003/03/17,19.9,20.2,19.4,19.8,87984244.0
2003/03/19,19.8,20.8,19.6,20.7,108581179.0
2003/03/21,20.7,21.0,20.3,20.6,100080999.0
2003/03/25,20.3,20.6,20.2,20.5,68279908.0
2003/03/27,20.4,20.6,20.3,20.4,50365524.0
2003/03/31,20.3,20.3,19.3,20.0,86035719.0
2003/04/02,20.0,20.3,19.8,20.0,38028812.0
2003/04/04,20.0,21.6,19.9,21.5,146245161.0
2003/04/08,21.3,21.6,21.1,21.6,112606479.0
2003/04/10,21.8,22.4,21.3,21.4,160171902.0
2003/04/14,21.5,21.6,20.9,21.3,63085461.0
2003/04/16,21.3,21.6,21.0,21.1,61471301.0
2003/04/18,21.2,21.4,20.6,20.8,72354736.0
2003/04/22,20.6,21.0,20.6,20.9,37926440.0
2003/04/24,20.9,20.9,19.6,19.8,124958399.0
2003/04/28,19.6,20.2,19.1,20.2,82658934.0
2003/04/30,20.0,20.0,19.5,19.8,51375729.0
2003/05/05,19.8,20.2,19.6,20.1,39736214.0
2003/05/07,20.3,20.3,19.8,19.9,41790583.0
2003/05/09,19.9,20.4,19.9,20.1,37360157.0
2003/05/13,20.3,20.6,20.3,20.4,38920624.0
2003/05/15,20.3,20.5,20.2,20.2,26543359.0
2003/05/19,20.2,20.5,20.0,20.5,29712281.0
2003/05/21,20.1,20.3,20.0,20.1,37200350.0
2003/05/23,19.8,20.4,19.7,20.3,156446532.0
2003/05/27,20.4,20.5,20.1,20.2,88492386.0
2003/05/29,20.4,20.6,20.1,20.2,106837610.0
2003/06/02,20.4,21.4,20.3,21.1,158631298.0
2003/06/05,21.3,22.4,21.3,22.2,277647116.0
2003/06/09,22.2,23.2,22.1,22.7,260980975.0
2003/06/11,22.8,22.9,22.3,22.9,173580360.0
2003/06/13,23.0,24.2,22.8,24.2,253760266.0
2003/06/17,24.5,24.7,23.9,23.9,279469626.0
2003/06/19,23.7,23.8,23.1,23.1,211241027.0
2003/06/23,23.1,23.4,22.9,23.3,97973878.0
2003/06/25,23.3,23.7,23.1,23.1,111635673.0
2003/06/27,23.3,24.1,23.2,24.0,146857982.0
2003/07/01,24.3,24.5,23.8,24.1,170765415.0
2003/07/03,24.4,24.5,23.5,23.9,131721476.0
2003/07/07,24.0,25.7,23.8,25.1,433915196.0
2003/07/09,25.4,26.6,25.4,25.8,333764697.0
2003/07/11,25.7,26.2,25.2,25.9,203073720.0
2003/07/15,26.0,27.0,25.6,27.0,271734671.0
2003/07/17,27.0,27.1,26.0,26.7,219505217.0
2003/07/21,27.0,27.5,26.7,27.2,178591103.0
2003/07/23,27.5,27.5,25.4,25.9,236703000.0
2003/07/25,25.9,26.3,25.7,26.0,143970314.0
2003/07/29,25.4,25.6,24.3,24.6,227305854.0
2003/07/31,24.0,24.4,23.6,24.4,142878784.0
2003/08/04,24.4,24.8,24.0,24.0,182742157.0
2003/08/06,24.0,24.9,24.0,24.6,131703143.0
2003/08/08,24.8,25.9,24.8,25.3,242395819.0
2003/08/12,25.3,26.4,25.3,26.3,178761193.0
2003/08/14,26.3,26.7,25.8,26.1,171407712.0
2003/08/18,26.1,26.5,25.9,26.2,115255594.0
2003/08/20,26.3,26.8,26.0,26.7,140613292.0
2003/08/22,26.9,28.3,26.8,28.3,261926832.0
2003/08/26,28.1,28.1,27.0,27.1,184940857.0
2003/08/28,27.1,27.3,26.7,27.3,140155209.0
2003/09/01,27.5,28.0,27.3,27.7,112353533.0
2003/09/03,28.0,28.1,27.2,27.2,114818388.0
2003/09/05,27.5,27.6,27.1,27.2,90999619.0
2003/09/09,27.4,27.6,26.4,26.6,140298825.0
2003/09/12,26.6,26.9,26.4,26.8,53556588.0
2003/09/16,26.8,27.2,26.7,26.8,74203482.0
2003/09/18,26.7,26.8,26.4,26.5,87408436.0
2003/09/22,26.4,26.5,25.7,25.9,94158361.0
2003/09/24,26.0,26.6,25.9,26.2,76842690.0
2003/09/26,26.4,26.7,26.1,26.4,55602707.0
2003/09/30,26.5,26.5,25.5,25.7,71055461.0
2003/10/02,25.8,26.8,25.6,26.8,138761683.0
2003/10/06,27.0,27.3,26.7,27.0,137098853.0
2003/10/08,27.1,27.3,26.7,27.1,104548688.0
2003/10/13,27.3,28.2,27.1,27.6,236522912.0
2003/10/15,27.6,27.8,27.1,27.2,232688110.0
2003/10/17,27.1,27.4,26.9,27.2,194731578.0
2003/10/21,27.2,27.3,27.0,27.2,92300238.0
2003/10/23,27.0,27.2,26.8,26.9,106578013.0
2003/10/27,27.0,27.6,26.9,27.4,127803785.0
2003/10/29,27.6,27.7,26.9,27.6,192213255.0
2003/10/31,27.6,27.8,27.3,27.6,170666586.0
2003/11/04,27.8,28.6,27.8,28.2,359586964.0
2003/11/06,28.4,28.7,27.5,27.7,192548407.0
2003/11/10,27.8,28.2,27.5,27.8,136794610.0
2003/11/12,27.8,27.9,27.5,27.5,70334237.0
2003/11/14,27.6,27.9,27.4,27.5,66838672.0
2003/11/18,27.4,27.6,27.2,27.4,80527286.0
2003/11/20,27.4,27.5,27.1,27.3,62641255.0
2003/11/24,27.2,27.6,27.2,27.4,54106009.0
2003/11/26,27.4,27.7,27.3,27.3,71385767.0
2003/11/28,27.5,27.5,27.1,27.4,73043696.0
2003/12/02,27.5,27.5,27.2,27.2,56926170.0
2003/12/04,27.2,27.4,27.2,27.3,49264982.0
2003/12/08,27.2,27.4,27.1,27.2,47745721.0
2003/12/10,27.2,27.5,27.1,27.4,56031421.0
2003/12/12,27.5,27.5,27.2,27.4,43512460.0
2003/12/16,27.4,28.1,27.3,27.5,162536058.0
2003/12/18,27.6,28.3,27.6,28.1,153578776.0
2003/12/22,28.3,28.3,28.0,28.1,89225141.0
2003/12/24,28.1,28.6,28.0,28.5,121554900.0
2003/12/26,28.5,28.6,28.0,28.1,72060870.0
2003/12/30,28.2,28.5,28.1,28.2,89551007.0
2004/01/02,28.4,29.9,28.3,29.5,240855595.0
2004/01/06,29.7,29.9,29.5,29.5,150950216.0
2004/01/08,29.5,30.0,29.3,29.7,159795656.0
2004/01/12,29.6,30.1,29.3,29.3,110226901.0
2004/01/14,28.5,29.3,28.5,29.0,174247757.0
2004/01/16,29.0,29.7,28.9,29.4,99795759.0
2004/01/28,29.4,29.7,29.0,29.5,94844612.0
2004/01/30,29.4,29.5,29.1,29.1,61642046.0
2004/02/03,28.9,29.6,28.8,29.4,89944885.0
2004/02/05,29.4,29.9,29.3,29.6,99094134.0
2004/02/09,29.8,30.5,29.7,30.4,155049867.0
2004/02/11,30.6,30.6,30.0,30.3,130781116.0
2004/02/13,30.3,30.5,30.1,30.4,99713121.0
2004/02/17,30.4,31.1,30.4,31.1,154402371.0
2004/02/19,31.4,33.2,31.4,32.7,273393246.0
2004/02/23,33.0,34.1,32.7,32.9,228564020.0
2004/02/25,32.9,33.2,32.4,32.5,219756921.0
2004/02/27,33.2,35.3,33.1,34.9,342960214.0
2004/03/02,34.9,35.2,34.2,34.8,201994873.0
2004/03/04,34.8,35.3,34.2,34.5,206150478.0
2004/03/08,34.5,34.6,34.0,34.5,100882136.0
2004/03/10,34.5,34.8,33.8,34.1,125692575.0
2004/03/12,33.8,34.6,33.6,34.0,184962962.0
2004/03/16,33.8,33.8,33.2,33.2,128062789.0
2004/03/18,33.2,34.3,33.2,34.0,162645150.0
2004/03/22,31.7,33.7,31.7,33.5,541219192.0
2004/03/24,33.5,33.5,32.8,33.0,163367991.0
2004/03/26,33.2,34.5,33.0,34.3,165092625.0
2004/03/30,34.2,34.2,33.7,34.1,128283494.0
2004/04/01,34.1,34.1,33.7,33.8,72809019.0
2004/04/05,34.1,34.7,33.9,34.1,129015756.0
2004/04/07,34.2,34.5,34.0,34.5,74408223.0
2004/04/09,34.5,34.7,34.2,34.7,78871391.0
2004/04/13,34.7,35.1,34.6,34.7,93568475.0
2004/04/15,34.7,34.8,33.8,34.2,104922204.0
2004/04/19,34.2,34.3,33.8,33.8,58785268.0
2004/04/21,33.7,34.0,33.3,33.3,83554694.0
2004/04/23,33.3,33.9,33.3,33.8,46883115.0
2004/04/27,33.7,33.7,32.4,32.5,99090835.0
2004/04/29,32.0,32.1,29.0,29.6,310351964.0
2004/05/03,29.2,30.4,28.1,30.1,198342708.0
2004/05/05,30.4,30.4,28.9,29.6,152375725.0
2004/05/07,29.6,30.1,28.9,29.0,82954639.0
2004/05/11,29.2,29.8,28.5,29.5,81757002.0
2004/05/13,29.1,29.7,28.6,28.7,60586445.0
2004/05/17,28.5,28.5,27.0,27.6,142289150.0
2004/05/19,28.0,29.2,28.0,28.4,114317745.0
2004/05/21,28.8,29.7,28.6,29.3,96746998.0
2004/05/25,29.3,30.3,29.3,29.8,67227349.0
2004/05/27,30.1,30.3,29.8,30.3,72458649.0
2004/05/31,30.1,30.1,29.0,29.7,43583279.0
2004/06/02,29.3,29.6,28.5,28.5,59344783.0
2004/06/04,28.5,29.8,28.5,29.7,43847965.0
2004/06/08,30.0,30.8,29.7,30.3,113075120.0
2004/06/10,30.1,30.7,29.7,29.8,62269110.0
2004/06/14,29.8,30.0,28.9,29.5,54408585.0
2004/06/16,29.8,30.1,29.1,30.1,51589767.0
2004/06/18,30.0,30.6,29.9,30.1,67723719.0
2004/06/23,30.5,32.0,30.4,31.9,133093422.0
2004/06/25,31.8,32.1,31.3,31.4,91503444.0
2004/06/29,31.3,32.4,31.1,31.8,108269007.0
2004/07/01,32.1,32.3,31.1,31.6,79240144.0
2004/07/05,31.5,32.3,31.4,32.2,42993498.0
2004/07/07,32.0,32.9,31.8,32.8,86916429.0
2004/07/09,32.9,33.6,32.6,33.4,86955487.0
2004/07/13,33.5,33.6,32.9,32.9,64007750.0
2004/07/15,32.9,33.2,32.3,32.8,89689525.0
2004/07/19,32.8,33.2,32.3,32.4,108497276.0
2004/07/21,32.9,33.2,32.6,33.2,174028000.0
2004/07/23,29.4,29.7,29.2,29.4,124686783.0
2004/07/27,29.3,29.4,28.6,29.0,53874621.0
2004/07/29,29.2,29.5,28.8,29.3,52507962.0
2004/08/02,29.5,30.1,29.1,30.0,59404765.0
2004/08/04,30.0,30.0,29.3,29.7,47691919.0
2004/08/06,29.6,29.7,29.2,29.7,49880444.0
2004/08/10,29.9,30.0,29.6,30.0,40070489.0
2004/08/12,30.0,30.0,29.7,29.9,31201419.0
2004/08/16,29.8,30.0,29.8,30.0,29669908.0
2004/08/18,30.0,31.2,29.7,31.1,80940003.0
2004/08/20,31.1,31.5,30.9,31.2,75553224.0
2004/08/26,31.5,32.0,31.3,31.4,98648817.0
2004/08/30,31.5,32.0,31.5,31.8,71412637.0
2004/09/01,31.9,32.1,31.7,31.7,74573786.0
2004/09/03,31.7,32.6,31.7,32.5,178169655.0
2004/09/07,32.5,33.2,32.4,32.7,128020141.0
2004/09/09,32.6,32.8,32.1,32.8,77820947.0
2004/09/13,33.1,34.1,33.1,33.7,197648015.0
2004/09/15,33.4,33.7,33.2,33.5,61232221.0
2004/09/17,33.5,34.3,33.1,34.0,97390824.0
2004/09/21,34.1,35.0,33.8,34.7,143120522.0
2004/09/23,34.5,35.2,34.3,35.0,150081334.0
2004/09/27,34.9,35.2,34.0,34.1,155548523.0
2004/09/30,34.5,35.2,34.1,35.0,149649904.0
2004/10/04,35.2,35.4,34.7,35.2,143118784.0
2004/10/06,35.3,36.3,35.3,35.9,189136423.0
2004/10/08,35.8,36.5,35.7,36.5,98004447.0
2004/10/12,36.7,37.4,36.5,37.1,207592064.0
2004/10/14,35.0,36.0,34.5,35.2,240051325.0
2004/10/18,35.2,35.2,34.0,34.3,124670577.0
2004/10/20,34.0,34.3,33.6,33.7,130673748.0
2004/10/22,33.7,33.8,32.7,33.5,151310355.0
2004/10/27,33.5,34.2,33.1,33.8,74328244.0
2004/10/29,33.1,33.6,32.5,33.1,121089308.0
2004/11/02,33.1,34.1,33.1,34.1,63223035.0
2004/11/04,34.1,34.5,33.9,34.3,73369659.0
2004/11/08,34.5,35.1,34.4,35.0,87929225.0
2004/11/10,35.0,35.0,34.6,34.7,43483627.0
2004/11/12,34.7,35.0,34.5,34.6,61317456.0
2004/11/16,34.6,34.7,33.7,34.4,89111878.0
2004/11/18,34.6,34.6,34.1,34.1,78634820.0
2004/11/22,34.0,34.1,33.4,33.7,70656125.0
2004/11/24,34.0,35.0,34.0,34.6,148783311.0
2004/11/26,35.0,35.4,34.6,35.2,196769922.0
2004/11/30,35.2,35.6,34.9,35.6,122055241.0
2004/12/02,35.8,35.8,35.2,35.7,94852134.0
2004/12/06,35.4,35.9,35.4,35.8,108516238.0
2004/12/08,35.7,35.7,35.2,35.6,113679332.0
2004/12/10,35.4,35.6,34.6,35.3,116498237.0
2004/12/14,35.1,35.6,34.8,35.5,80307212.0
2004/12/16,35.7,35.9,35.5,35.7,53450389.0
2004/12/20,35.2,36.0,35.1,35.8,73266110.0
2004/12/22,35.9,36.1,35.6,35.9,63340403.0
2004/12/24,35.9,36.3,35.8,36.1,99035245.0
2004/12/28,36.1,36.7,36.0,36.6,74030270.0
2004/12/30,36.7,36.7,34.9,35.8,134687591.0
2005/01/03,35.8,35.8,35.4,35.5,49156336.0
2005/01/05,35.3,35.5,35.2,35.3,44652944.0
2005/01/07,35.3,35.5,35.0,35.0,59071423.0
2005/01/11,35.0,35.7,35.0,35.4,56565307.0
2005/01/13,35.5,35.7,35.2,35.5,48208021.0
2005/01/17,35.7,35.9,35.5,35.7,38970150.0
2005/01/19,35.7,35.8,35.1,35.2,49793479.0
2005/01/21,35.1,35.2,34.7,34.9,63121489.0
2005/01/25,34.9,35.4,34.6,35.3,47401681.0
2005/01/27,35.3,35.6,35.1,35.4,37930880.0
2005/01/31,35.4,35.7,35.2,35.5,44595873.0
2005/02/02,35.6,35.8,35.4,35.8,49879982.0
2005/02/14,36.2,36.4,35.9,36.2,81890215.0
2005/02/16,36.3,36.4,35.9,36.2,67240335.0
2005/02/18,36.2,36.5,36.1,36.2,102312637.0
2005/02/22,36.2,36.5,36.1,36.3,67494743.0
2005/02/24,36.4,37.0,36.2,37.0,159375729.0
2005/03/01,37.3,37.55,36.75,37.0,169665524.0
2005/03/03,36.8,37.0,36.65,37.0,70644233.0
2005/03/07,37.3,37.5,36.15,36.2,147514839.0
2005/03/09,36.0,36.3,35.5,35.7,129089830.0
2005/03/11,35.6,35.8,35.5,35.6,68812407.0
2005/03/15,35.55,35.75,35.4,35.6,65367840.0
2005/03/17,35.6,36.2,35.6,36.1,104788039.0
2005/03/21,36.3,36.45,35.8,35.85,70512970.0
2005/03/23,35.85,36.0,35.35,35.35,98510856.0
2005/03/25,35.35,35.85,35.2,35.6,40219013.0
2005/03/29,35.6,35.6,35.2,35.4,46476452.0
2005/03/31,35.4,35.6,35.1,35.6,64224701.0
2005/04/04,35.5,35.55,35.3,35.3,39998977.0
2005/04/07,35.3,35.35,35.1,35.15,55948096.0
2005/04/11,35.15,35.15,35.0,35.0,48991842.0
2005/04/13,35.0,35.05,34.8,34.9,54527891.0
2005/04/15,34.8,34.8,31.7,32.2,198206563.0
2005/04/19,32.2,32.95,32.2,32.55,77829032.0
2005/04/21,32.0,32.6,32.0,32.25,57544599.0
2005/04/25,32.1,32.75,32.0,32.65,45324838.0
2005/04/27,32.6,32.6,31.9,32.55,55367204.0
2005/04/29,32.45,32.45,32.15,32.35,44642065.0
2005/05/04,32.35,33.1,32.3,32.9,56529796.0
2005/05/06,32.9,33.65,32.9,33.2,67578653.0
2005/05/10,33.15,33.15,32.2,32.4,69167097.0
2005/05/12,32.2,32.5,32.15,32.25,42725359.0
2005/05/16,32.15,32.2,31.2,31.4,105019693.0
2005/05/18,31.4,32.1,31.4,31.85,45681600.0
2005/05/20,31.8,31.9,31.55,31.75,20290288.0
2005/05/24,31.7,32.1,31.4,31.4,47276423.0
2005/05/26,31.4,31.6,31.1,31.15,48422563.0
2005/05/30,31.1,31.1,30.5,30.6,74715383.0
2005/06/01,30.6,31.3,30.15,31.15,100857899.0
2005/06/03,31.25,31.8,31.25,31.5,77516848.0
2005/06/07,31.5,31.75,30.9,31.25,76745095.0
2005/06/09,31.0,31.0,30.65,30.85,57297334.0
2005/06/13,30.85,31.3,30.45,31.0,116119400.0
2005/06/15,31.2,31.85,31.2,31.7,96319160.0
2005/06/17,31.8,32.1,31.55,31.9,77405205.0
2005/06/21,32.1,32.85,32.1,32.5,113881444.0
2005/06/23,32.3,32.35,31.6,32.1,68741268.0
2005/06/27,32.0,32.2,31.8,32.1,34692181.0
2005/06/29,32.25,32.3,31.9,32.0,74986727.0
2005/07/01,32.0,32.0,31.6,31.6,34135718.0
2005/07/05,31.6,31.95,31.55,31.6,46423514.0
2005/07/07,31.6,32.05,31.6,32.0,50064138.0
2005/07/11,32.0,32.7,31.9,32.7,100868063.0
2005/07/13,32.8,32.85,32.65,32.75,73290181.0
2005/07/15,32.8,33.25,32.6,32.8,84220138.0
2005/07/20,32.8,33.35,32.8,33.35,133566718.0
2005/07/22,33.4,33.45,33.1,33.3,195451000.0
2005/07/26,28.2,28.8,27.7,28.0,239973559.0
2005/07/28,28.0,28.0,26.6,26.7,146128220.0
2005/08/01,26.6,27.4,26.3,27.4,68535171.0
2005/08/03,27.55,28.65,27.5,28.6,148680135.0
2005/08/08,28.6,28.6,27.8,28.0,63792802.0
2005/08/10,28.05,28.2,27.3,27.65,71437498.0
2005/08/12,28.0,28.85,27.95,28.4,115040074.0
2005/08/16,28.8,28.95,28.4,28.85,78514140.0
2005/08/18,28.85,29.1,28.25,28.3,80440188.0
2005/08/22,28.4,29.1,28.4,29.1,58627057.0
2005/08/24,28.5,28.5,27.85,28.0,125449449.0
2005/08/26,27.95,28.2,27.85,27.9,66447325.0
2005/08/30,28.1,28.3,28.05,28.25,38243919.0
2005/09/02,28.4,29.2,28.4,28.7,83794323.0
2005/09/06,28.8,29.1,28.75,29.0,39612681.0
2005/09/08,29.1,29.1,28.85,28.95,38761114.0
2005/09/12,29.1,29.2,28.95,29.15,35762257.0
2005/09/14,29.05,29.1,28.8,28.9,46842441.0
2005/09/16,28.9,29.75,28.9,29.75,73372884.0
2005/09/20,29.8,30.35,29.5,30.1,102690162.0
2005/09/22,30.1,30.1,29.35,29.5,61310677.0
2005/09/26,29.35,29.85,29.1,29.75,65567254.0
2005/09/28,29.75,29.75,28.6,29.05,85584913.0
2005/09/30,29.15,29.6,29.05,29.3,55620417.0
2005/10/04,29.3,29.45,28.8,29.0,45840297.0
2005/10/06,28.8,28.9,28.3,28.4,83118464.0
2005/10/11,28.5,28.55,26.9,26.9,140345578.0
2005/10/13,26.9,27.15,26.65,27.05,82854595.0
2005/10/17,27.2,27.3,26.6,26.7,67223485.0
2005/10/19,26.7,26.85,26.0,26.4,66513009.0
2005/10/21,26.1,26.3,25.75,25.95,59304209.0
2005/10/25,26.2,26.3,25.75,25.8,42242172.0
2005/10/27,25.75,26.1,25.7,25.75,34269327.0
2005/10/31,25.9,27.3,25.9,27.25,75612792.0
2005/11/02,27.4,27.75,27.3,27.6,64678783.0
2005/11/04,27.7,27.75,26.75,26.85,62861791.0
2005/11/08,26.0,26.5,26.0,26.5,117165363.0
2005/11/10,26.45,26.9,26.25,26.9,49549723.0
2005/11/14,26.9,26.9,26.5,26.8,52967563.0
2005/11/16,26.7,26.85,26.25,26.3,41662630.0
2005/11/18,26.3,26.5,26.0,26.45,57846817.0
2005/11/22,26.45,26.55,25.9,26.35,70542574.0
2005/11/24,26.3,26.35,25.85,26.1,76485753.0
2005/11/28,26.1,26.2,25.65,25.65,64106879.0
2005/11/30,25.7,25.7,23.95,24.35,167015101.0
2005/12/02,24.3,24.3,23.75,23.8,130504466.0
2005/12/06,23.8,24.6,23.8,24.6,108793000.0
2005/12/08,24.7,24.75,24.2,24.4,52127000.0
2005/12/12,24.4,24.5,23.95,24.05,37285000.0
2005/12/14,24.0,24.1,23.55,23.6,59279000.0
2005/12/16,23.6,23.85,23.15,23.7,116875000.0
2005/12/20,23.7,24.9,23.6,24.8,98066000.0
2005/12/22,24.95,25.0,24.65,24.85,58385000.0
2005/12/26,25.0,25.4,24.55,25.15,57824000.0
2005/12/28,25.15,25.4,25.05,25.2,71435000.0
2005/12/30,25.2,25.25,24.4,24.45,41782000.0
2006/01/03,24.5,25.3,24.4,25.0,54279000.0
2006/01/05,25.0,25.35,24.95,25.3,69013000.0
2006/01/09,25.4,26.15,25.35,26.0,102655000.0
2006/01/11,26.0,26.15,25.8,26.1,72831000.0
2006/01/13,26.0,26.1,25.8,25.85,38716000.0
2006/01/17,25.85,25.85,25.3,25.5,64272000.0
2006/01/19,25.6,26.15,25.45,26.05,60611000.0
2006/01/23,26.05,26.3,25.95,26.2,53665000.0
2006/01/25,26.35,28.85,26.35,28.8,294924000.0
2006/02/06,28.9,29.8,28.8,29.4,200243000.0
2006/02/08,29.1,29.2,27.95,28.1,144132000.0
2006/02/10,28.1,28.6,27.8,28.0,68255000.0
2006/02/14,28.0,28.6,28.0,28.25,62235000.0
2006/02/16,28.15,28.5,28.1,28.3,46507000.0
2006/02/20,28.35,29.25,28.35,28.8,68021000.0
2006/02/22,29.2,29.2,28.3,28.8,66563000.0
2006/02/24,28.8,29.55,28.7,29.55,103998000.0
2006/03/01,29.2,29.7,29.15,29.3,69285000.0
2006/03/03,29.5,29.6,28.7,28.75,36990000.0
2006/03/07,28.8,29.1,28.75,28.95,54313000.0
2006/03/09,29.0,29.3,28.7,28.8,56166000.0
2006/03/13,28.8,29.15,28.7,29.15,38320000.0
2006/03/15,29.15,29.2,28.7,28.85,30620000.0
2006/03/17,29.05,29.4,28.95,29.35,36589000.0
2006/03/21,29.35,29.4,28.75,28.85,63458000.0
2006/03/23,28.9,29.65,28.8,29.5,96748000.0
2006/03/27,29.6,30.7,29.6,30.5,126765000.0
2006/03/29,30.5,30.5,30.0,30.3,53839000.0
2006/03/31,30.3,31.2,30.3,30.95,87388000.0
2006/04/04,31.0,31.1,30.75,31.0,74589000.0
2006/04/07,31.0,31.55,30.75,31.2,70999000.0
2006/04/11,31.2,31.65,30.95,31.4,52976000.0
2006/04/13,31.4,32.0,31.35,31.95,52971000.0
2006/04/17,32.0,33.0,31.9,32.3,92233000.0
2006/04/19,32.6,32.9,32.2,32.2,52277000.0
2006/04/21,32.2,32.2,31.4,31.95,53485000.0
2006/04/25,32.05,32.9,32.05,32.55,63760000.0
2006/04/27,32.6,32.65,30.55,31.15,107570000.0
2006/05/02,31.1,31.6,30.7,31.6,62698000.0
2006/05/04,31.65,32.4,31.35,32.0,73072000.0
2006/05/08,32.1,32.35,31.65,31.9,56033000.0
2006/05/10,31.7,32.3,31.7,32.25,60340000.0
2006/05/12,32.25,32.3,31.45,31.45,68484000.0
2006/05/16,31.4,31.4,30.5,31.1,87689000.0
2006/05/18,30.3,31.2,30.0,30.6,78441000.0
2006/05/22,31.15,31.15,30.4,30.5,62745000.0
2006/05/24,30.85,32.0,30.8,31.5,133944000.0
2006/05/26,31.7,31.8,31.2,31.2,55289000.0
2006/05/30,31.2,31.3,30.5,30.8,45754000.0
2006/06/02,31.0,31.05,30.3,30.35,46536000.0
2006/06/06,30.3,30.75,30.15,30.5,41002000.0
2006/06/08,30.4,30.45,29.9,30.15,72917000.0
2006/06/12,30.15,30.4,29.9,30.0,44447000.0
2006/06/14,30.0,30.15,29.8,30.0,57561000.0
2006/06/16,30.5,31.0,30.2,31.0,49538000.0
2006/06/20,31.0,31.1,30.5,31.0,41025000.0
2006/06/22,31.2,31.5,30.9,31.15,39450000.0
2006/06/26,31.2,31.8,31.15,31.7,41451000.0
2006/06/28,31.7,32.1,31.7,32.1,54226000.0
2006/06/30,32.2,32.4,31.9,32.2,46377000.0
2006/07/04,32.25,32.5,32.0,32.2,34865000.0
2006/07/06,32.1,32.2,31.9,32.1,23889000.0
2006/07/10,32.1,32.55,31.9,32.3,36805000.0
2006/07/12,32.15,32.3,31.0,31.05,73797000.0
2006/07/14,30.5,30.65,29.9,30.2,129367000.0
2006/07/18,30.1,30.65,29.95,30.2,78081000.0
2006/07/20,30.65,30.75,30.5,30.5,67788000.0
2006/07/24,30.5,31.25,30.5,31.1,168696000.0
2006/07/26,26.2,27.0,26.1,26.3,244937000.0
2006/07/28,26.3,26.45,26.2,26.3,92502000.0
2006/08/01,26.3,26.35,26.0,26.0,54185000.0
2006/08/03,26.0,26.35,26.0,26.15,63534000.0
2006/08/07,26.15,26.3,26.05,26.25,31596000.0
2006/08/09,26.25,26.55,26.2,26.3,47001000.0
2006/08/11,26.3,26.35,26.0,26.1,66663000.0
2006/08/15,26.2,26.45,26.1,26.4,48460000.0
2006/08/17,26.4,26.55,26.15,26.45,42824000.0
2006/08/21,26.5,26.55,26.1,26.2,44507000.0
2006/08/23,26.25,26.4,26.05,26.4,35845000.0
2006/08/25,26.6,26.9,26.55,26.75,63059000.0
2006/08/29,26.8,27.3,26.8,27.2,58312000.0
2006/08/31,27.3,27.35,26.6,26.8,39645000.0
2006/09/04,26.95,27.25,26.9,27.15,34434000.0
2006/09/06,27.2,27.75,27.15,27.7,71115000.0
2006/09/08,27.65,27.9,27.1,27.2,53096000.0
2006/09/12,27.0,27.15,26.8,26.85,44689000.0
2006/09/14,26.85,27.05,26.55,26.9,32875000.0
2006/09/18,27.3,27.6,27.1,27.5,44567000.0
2006/09/20,27.45,27.9,27.35,27.85,46037000.0
2006/09/22,27.85,27.95,27.7,27.85,26319000.0
2006/09/26,27.9,28.7,27.9,28.7,87482000.0
2006/09/28,28.9,29.0,28.4,28.5,52591000.0
2006/10/02,28.5,29.0,28.5,28.6,37592000.0
2006/10/04,28.5,28.8,28.1,28.7,52342000.0
2006/10/11,28.7,29.3,28.7,29.0,51889000.0
2006/10/13,29.3,29.5,29.1,29.4,66156000.0
2006/10/17,29.4,29.45,28.85,29.05,38997000.0
2006/10/19,29.05,29.35,28.95,29.2,29714000.0
2006/10/23,29.3,29.5,29.2,29.5,33865000.0
2006/10/25,29.6,29.85,29.6,29.85,73182000.0
2006/10/27,29.85,29.9,29.2,29.2,34791000.0
2006/10/31,29.2,29.5,29.15,29.3,26312000.0
2006/11/02,29.3,30.5,29.3,30.4,71856000.0
2006/11/06,30.0,31.5,29.9,31.4,104403000.0
2006/11/08,31.4,32.0,31.1,31.75,114578000.0
2006/11/10,31.7,31.75,30.6,31.1,71598000.0
2006/11/14,31.15,31.4,31.1,31.35,50983000.0
2006/11/16,31.5,32.0,31.45,31.75,68754000.0
2006/11/20,31.75,31.75,31.25,31.5,45432000.0
2006/11/22,31.6,32.0,31.55,32.0,61841000.0
2006/11/24,32.0,32.95,31.95,32.9,87268000.0
2006/11/28,32.8,32.85,32.1,32.25,53844000.0
2006/11/30,32.4,33.0,32.4,32.95,54001000.0
2006/12/04,32.95,32.95,32.6,32.65,39835000.0
2006/12/06,32.6,32.95,32.5,32.9,42042000.0
2006/12/08,32.9,32.9,32.4,32.9,38269000.0
2006/12/12,32.9,32.9,31.95,32.6,51273000.0
2006/12/14,32.4,32.8,32.35,32.7,31841000.0
2006/12/18,32.7,32.9,32.65,32.9,34168000.0
2006/12/20,33.0,33.45,32.9,33.3,60238000.0
2006/12/22,33.45,33.65,33.25,33.4,29373000.0
2006/12/26,33.5,34.95,33.45,34.4,60982648.0
2006/12/28,34.4,34.8,34.2,34.6,32343000.0
2007/01/02,34.9,34.95,34.3,34.4,40039000.0
2007/01/04,34.4,34.5,33.1,33.2,63731000.0
2007/01/08,33.0,34.0,32.6,33.9,32719000.0
2007/01/10,33.6,33.6,32.65,32.8,66171000.0
2007/01/12,32.6,33.3,32.6,33.2,38102000.0
2007/01/16,33.0,33.65,33.0,33.5,36419000.0
2007/01/18,33.5,33.55,32.95,32.95,33747000.0
2007/01/22,33.0,33.45,32.65,33.4,57539000.0
2007/01/24,33.5,33.95,33.35,33.8,57253000.0
2007/01/26,33.6,33.85,33.2,33.6,29082000.0
2007/01/30,33.7,34.5,33.55,34.0,79099000.0
2007/02/01,34.3,35.1,34.1,35.0,111991000.0
2007/02/05,35.0,35.25,34.85,35.25,77777000.0
2007/02/07,35.0,35.2,34.55,35.1,44322000.0
2007/02/09,34.95,35.0,34.65,35.0,42560000.0
2007/02/13,35.0,35.2,34.7,35.2,54844000.0
2007/02/26,35.8,36.5,35.6,36.5,123854000.0
2007/03/01,35.8,37.0,35.8,36.8,99969000.0
2007/03/05,36.2,36.5,35.5,36.2,57325000.0
2007/03/07,36.5,36.5,35.75,36.05,42478000.0
2007/03/09,36.2,36.8,35.9,36.4,48978000.0
2007/03/13,36.5,36.8,36.2,36.65,51302000.0
2007/03/15,36.7,37.05,36.7,36.7,61059000.0
2007/03/19,36.5,36.95,36.2,36.35,35991000.0
2007/03/21,36.25,36.6,36.0,36.5,52026000.0
2007/03/23,36.5,37.0,36.5,36.75,49382000.0
2007/03/27,36.75,37.25,36.75,37.1,47646000.0
2007/03/29,37.0,37.35,36.75,37.3,41698000.0
2007/04/02,37.4,38.2,37.25,37.9,55402000.0
2007/04/04,38.0,39.7,37.95,39.35,64071000.0
2007/04/10,39.6,40.4,39.3,40.3,81255000.0
2007/04/12,40.25,40.35,39.4,39.6,44213000.0
2007/04/16,40.0,40.5,39.5,40.0,43525000.0
2007/04/18,40.0,40.5,39.5,39.5,49101000.0
2007/04/20,39.5,39.95,39.2,39.65,33152000.0
2007/04/24,39.5,39.85,39.1,39.25,35668000.0
2007/04/26,39.4,39.5,38.2,38.2,46772000.0
2007/04/30,38.2,38.6,37.5,38.6,39289000.0
2007/05/03,39.0,39.5,38.2,39.5,51873000.0
2007/05/07,39.8,40.15,39.8,40.15,52943000.0
2007/05/09,40.1,40.2,39.65,40.2,34757000.0
2007/05/11,39.6,40.0,39.5,39.55,25525000.0
2007/05/15,39.55,39.75,39.0,39.75,27430000.0
2007/05/17,40.0,40.15,39.4,39.5,32301000.0
2007/05/21,39.5,40.7,39.5,40.5,63567000.0
2007/05/23,40.6,40.75,40.2,40.7,46982000.0
2007/05/25,40.0,40.4,39.45,39.55,43678000.0
2007/05/29,39.5,39.9,38.8,39.05,48070000.0
2007/05/31,39.05,39.5,38.5,39.5,53582000.0
2007/06/04,39.6,39.75,39.0,39.4,21805000.0
2007/06/07,39.0,39.0,38.6,38.6,52406000.0
2007/06/11,38.7,39.2,38.65,39.15,39173000.0
2007/06/13,39.05,39.05,38.55,38.65,40119000.0
2007/06/15,38.9,39.9,38.65,39.9,58958000.0
2007/06/21,40.0,40.05,39.35,39.85,61047000.0
2007/06/25,39.8,40.0,39.55,39.65,49804000.0
2007/06/27,39.65,40.0,39.5,40.0,41520000.0
2007/06/29,40.0,40.1,39.65,40.0,34285000.0
2007/07/03,40.0,41.55,39.95,41.1,77085000.0
2007/07/05,41.3,41.6,40.85,41.2,41060000.0
2007/07/09,41.2,41.5,40.9,41.5,40988000.0
2007/07/11,41.5,41.5,41.0,41.0,44903000.0
2007/07/13,41.4,44.9,41.3,44.2,113697000.0
2007/07/17,44.25,44.9,43.15,44.15,58845000.0
2007/07/19,44.0,44.95,43.7,44.6,72718000.0
2007/07/23,44.8,48.1,44.8,48.0,109178000.0
2007/07/25,48.0,48.4,44.6,44.6,164414000.0
2007/07/27,43.3,43.6,40.55,41.0,124079000.0
2007/07/31,41.5,43.0,40.8,40.8,85088000.0
2007/08/02,41.3,41.8,39.5,41.6,71006000.0
2007/08/06,41.0,42.5,40.65,41.5,36679000.0
2007/08/08,41.7,43.0,41.6,42.1,33290000.0
2007/08/10,40.0,41.0,40.0,41.0,41156000.0
2007/08/14,41.0,41.3,38.85,39.0,57270000.0
2007/08/16,38.0,38.8,36.5,37.5,93496000.0
2007/08/20,40.0,40.1,38.6,39.5,52376000.0
2007/08/22,39.0,40.75,38.8,40.1,37992000.0
2007/08/24,40.05,40.2,38.9,39.3,53574000.0
2007/08/28,39.3,41.7,39.2,41.5,107904000.0
2007/08/30,42.5,44.8,42.3,44.8,150449000.0
2007/09/03,45.0,45.0,43.75,43.9,64488000.0
2007/09/05,44.0,44.25,41.85,44.25,70073000.0
2007/09/07,43.8,44.45,42.7,42.95,41617000.0
2007/09/11,43.0,43.9,42.9,43.65,35136000.0
2007/09/13,43.65,43.65,42.65,43.3,42080000.0
2007/09/17,42.85,44.0,42.5,43.65,52351000.0
2007/09/20,43.85,45.65,43.65,45.1,128388000.0
2007/09/26,45.7,48.35,45.4,47.5,152358000.0
2007/09/28,47.45,49.25,46.95,48.9,98943000.0
2007/10/02,49.0,52.0,48.0,51.4,168208000.0
2007/10/04,51.0,51.2,49.15,50.0,97237000.0
2007/10/08,50.5,51.4,49.3,50.0,74262000.0
2007/10/11,49.9,50.8,48.8,49.5,80562000.0
2007/10/15,49.5,49.9,48.15,49.25,63641000.0
2007/10/17,48.3,49.25,47.95,48.7,71021000.0
2007/10/19,49.1,49.1,46.75,47.35,57879000.0
2007/10/23,47.35,49.2,47.05,48.25,46893000.0
2007/10/25,48.9,49.5,48.3,49.45,42598000.0
2007/10/29,49.9,50.2,47.1,47.25,120999000.0
2007/10/31,46.7,46.7,44.0,45.1,218544000.0
2007/11/02,44.0,44.9,43.95,44.9,105417000.0
2007/11/06,44.9,45.5,44.5,44.6,71727000.0
2007/11/08,43.8,44.25,43.0,43.9,103397000.0
2007/11/12,43.0,44.3,41.5,43.55,112935000.0
2007/11/14,45.0,45.0,43.7,43.9,57718000.0
2007/11/16,42.0,42.5,41.5,41.5,116633000.0
2007/11/20,40.5,42.4,40.0,41.5,111188000.0
2007/11/22,41.0,42.4,40.8,41.6,92789000.0
2007/11/26,42.5,43.0,41.85,42.55,75640000.0
2007/11/28,42.6,42.95,42.0,42.3,51666000.0
2007/11/30,42.5,43.2,42.4,43.1,64598000.0
2007/12/04,42.7,43.05,42.0,42.2,62769000.0
2007/12/06,42.8,43.65,42.2,43.3,63147000.0
2007/12/10,43.55,43.95,43.05,43.95,33749000.0
2007/12/12,43.35,43.55,41.7,41.7,57406000.0
2007/12/14,41.7,41.75,40.0,40.4,83593000.0
2007/12/18,40.0,41.45,40.0,41.45,99476000.0
2007/12/20,41.55,42.0,40.9,41.55,59231000.0
2007/12/24,42.0,42.2,41.5,41.65,25943000.0
2007/12/26,41.5,42.9,41.45,42.8,35968000.0
2007/12/28,42.8,43.5,42.6,43.5,56669000.0
2008/01/02,43.6,44.4,42.1,42.35,54532000.0
2008/01/04,42.1,44.5,42.0,42.8,115319000.0
2008/01/08,43.2,45.8,43.0,45.4,133419000.0
2008/01/10,45.5,45.8,44.0,44.3,75569000.0
2008/01/14,45.7,49.2,45.15,46.7,237877000.0
2008/01/16,46.7,47.85,44.3,44.8,155741000.0
2008/01/18,43.5,45.0,43.1,44.05,65921000.0
2008/01/22,41.0,42.5,41.0,41.5,166790000.0
2008/01/24,43.0,44.0,41.95,44.0,94450000.0
2008/01/28,43.8,44.0,43.1,43.7,47352000.0
2008/01/30,44.4,45.1,43.8,45.0,90892000.0
2008/02/01,45.5,46.0,44.9,45.2,107707000.0
2008/02/13,45.5,46.5,44.35,46.45,72573000.0
2008/02/15,46.45,46.9,45.4,45.55,74843000.0
2008/02/19,46.0,46.2,44.4,44.65,97776000.0
2008/02/21,44.75,44.9,44.0,44.75,95041000.0
2008/02/25,45.0,47.8,45.0,47.0,167340000.0
2008/02/27,47.5,47.75,46.3,47.0,138860000.0
2008/03/03,46.0,47.0,45.4,46.75,86611000.0
2008/03/05,47.0,47.8,46.85,47.8,94894000.0
2008/03/07,47.8,48.2,45.9,46.3,91628000.0
2008/03/11,45.0,47.3,45.0,46.6,60891000.0
2008/03/13,46.5,46.7,45.0,45.0,84452000.0
2008/03/17,44.6,45.05,43.75,44.3,110483000.0
2008/03/19,45.0,47.0,44.55,46.6,100767000.0
2008/03/21,46.9,49.0,46.3,47.85,146695000.0
2008/03/25,47.85,48.05,46.8,47.85,99091000.0
2008/03/27,47.5,48.0,47.2,47.25,103651000.0
2008/03/31,47.25,48.15,46.9,47.25,71208000.0
2008/04/02,47.9,48.0,47.15,47.25,56356000.0
2008/04/07,47.5,47.95,47.35,47.7,47999000.0
2008/04/09,47.7,48.05,47.35,48.0,75094000.0
2008/04/11,48.2,48.8,47.85,48.8,56872000.0
2008/04/15,48.8,48.9,48.3,48.9,76574000.0
2008/04/17,49.2,51.2,49.2,50.7,185376000.0
2008/04/21,50.7,50.7,49.4,50.5,83409000.0
2008/04/23,49.8,50.0,49.45,49.75,47631000.0
2008/04/25,49.8,50.0,49.0,49.95,56588000.0
2008/04/29,49.35,50.2,48.7,50.0,99474000.0
2008/05/02,50.0,50.2,48.75,48.95,42880000.0
2008/05/06,49.3,50.0,49.2,49.95,36239000.0
2008/05/08,49.8,50.2,49.5,49.8,51332000.0
2008/05/12,49.8,50.8,49.6,50.8,49677000.0
2008/05/14,51.5,53.0,50.9,52.5,134961000.0
2008/05/16,52.0,53.9,52.0,53.9,94547000.0
2008/05/20,54.2,54.4,52.0,52.3,78792000.0
2008/05/22,51.8,53.0,51.5,51.7,58440000.0
2008/05/26,51.7,53.9,51.6,53.4,98121000.0
2008/05/28,53.5,53.5,52.0,52.1,47874000.0
2008/05/30,52.8,53.1,51.0,52.0,82563000.0
2008/06/03,51.5,51.6,50.5,50.9,44785000.0
2008/06/05,51.6,53.0,50.5,52.3,64620000.0
2008/06/09,51.5,51.9,51.0,51.0,40826000.0
2008/06/11,51.0,51.8,50.0,50.1,49875000.0
2008/06/13,50.8,51.1,50.0,51.0,38361000.0
2008/06/17,51.4,51.4,50.0,50.5,36751000.0
2008/06/19,50.0,50.5,49.1,49.1,48238000.0
2008/06/23,48.5,48.9,47.8,47.8,45547000.0
2008/06/25,47.8,48.65,46.7,47.75,61596000.0
2008/06/27,46.0,47.0,45.8,46.85,65014000.0
2008/07/01,47.0,48.5,47.0,47.75,40100000.0
2008/07/03,46.4,47.1,45.8,45.8,65932000.0
2008/07/07,45.6,46.3,44.85,45.0,43943000.0
2008/07/09,45.3,47.0,45.3,46.95,41529000.0
2008/07/11,47.4,48.3,46.95,47.75,48083000.0
2008/07/15,47.2,47.75,46.5,47.05,45768000.0
2008/07/17,47.7,48.4,46.8,47.0,64559000.0
2008/07/21,47.5,48.2,47.4,47.75,71131000.0
2008/07/23,48.0,49.95,44.75,44.85,166543000.0
2008/07/25,44.5,44.5,42.05,42.75,84739000.0
2008/07/30,44.0,44.8,43.2,44.0,61183000.0
2008/08/01,43.5,43.85,42.3,42.3,43130000.0
2008/08/05,41.95,41.95,37.85,39.1,166921000.0
2008/08/07,39.1,40.05,38.6,40.0,82271000.0
2008/08/11,40.0,40.25,38.5,38.9,64643000.0
2008/08/13,39.0,39.45,38.1,39.05,80879000.0
2008/08/15,39.3,39.4,37.8,38.0,50629000.0
2008/08/19,37.8,39.5,37.2,39.45,45140000.0
2008/08/21,39.5,39.8,38.55,39.1,37074000.0
2008/08/25,39.5,39.7,38.6,39.0,37155000.0
2008/08/27,38.95,39.7,38.5,38.6,64076000.0
2008/08/29,39.0,39.15,38.2,38.6,46556000.0
2008/09/02,38.6,38.6,36.5,37.3,72739000.0
2008/09/04,37.2,37.4,34.85,35.0,90463000.0
2008/09/08,36.6,37.45,35.0,35.1,92070000.0
2008/09/10,34.0,35.0,33.4,33.6,125763000.0
2008/09/12,33.75,34.7,33.75,34.6,82617000.0
2008/09/16,33.0,35.55,33.0,34.45,97147000.0
2008/09/18,33.5,37.0,33.5,37.0,117377000.0
2008/09/22,37.5,37.8,34.9,35.55,88746000.0
2008/09/24,35.1,35.1,34.2,34.2,47848000.0
2008/09/26,34.2,34.2,30.75,31.4,119458000.0
2008/10/01,31.8,31.85,30.0,30.0,136768000.0
2008/10/03,29.8,29.8,28.05,28.3,128920000.0
2008/10/07,27.5,30.25,27.4,28.3,166722000.0
2008/10/09,28.3,29.0,27.8,27.8,123631000.0
2008/10/14,29.65,29.65,27.55,28.2,140746000.0
2008/10/16,27.25,27.25,26.3,26.3,82581000.0
2008/10/20,25.4,25.8,24.55,24.55,110430000.0
2008/10/22,23.7,23.7,22.9,22.9,32915000.0
2008/10/24,22.1,22.1,20.6,20.6,48437000.0
2008/10/28,19.2,22.15,19.2,21.05,240603000.0
2008/10/30,21.3,24.05,21.3,24.05,144263000.0
2008/11/03,25.7,25.7,24.0,24.6,176284000.0
2008/11/05,25.25,25.35,23.2,23.35,105460000.0
2008/11/07,22.1,25.05,22.1,25.0,141822000.0
2008/11/11,24.5,25.75,24.0,24.15,115308000.0
2008/11/13,22.55,24.0,22.5,23.35,115805000.0
2008/11/17,22.7,23.9,22.7,23.1,88527000.0
2008/11/19,22.8,23.0,21.3,21.8,98420000.0
2008/11/21,21.0,22.8,21.0,22.4,81826000.0
2008/11/25,22.4,22.8,21.5,21.5,98571000.0
2008/11/27,21.5,22.3,21.5,22.1,97744000.0
2008/12/01,21.5,22.15,21.0,22.0,100490000.0
2008/12/03,21.6,21.65,20.45,21.0,103225000.0
2008/12/05,20.5,22.3,20.4,22.25,111862000.0
2008/12/09,22.5,23.9,21.9,23.65,164512000.0
2008/12/11,23.65,23.7,22.05,22.55,99013000.0
2008/12/15,23.0,23.6,22.85,23.0,74132000.0
2008/12/17,23.8,24.25,23.5,24.2,111426000.0
2008/12/19,23.9,24.25,23.0,23.0,70896000.0
2008/12/23,23.0,23.0,21.6,22.4,59445000.0
2008/12/25,22.5,22.75,22.2,22.7,18226000.0
2008/12/29,22.7,23.65,22.5,23.45,41743000.0
2008/12/31,23.6,24.3,23.0,24.2,71390000.0
2009/01/06,24.2,25.15,24.05,25.05,137225000.0
2009/01/08,24.5,24.65,23.2,23.4,84924000.0
2009/01/12,23.6,23.9,23.45,23.8,43633000.0
2009/01/14,23.8,24.1,22.5,22.65,83040000.0
2009/01/16,22.85,23.4,22.6,23.05,36306000.0
2009/01/20,22.95,22.95,22.2,22.6,90757000.0
2009/02/02,22.2,23.3,22.0,23.0,48481000.0
2009/02/04,23.5,24.2,22.85,23.5,78602000.0
2009/02/06,23.95,24.7,23.7,23.75,123212000.0
2009/02/10,23.5,23.95,23.2,23.6,58399000.0
2009/02/12,23.6,23.6,23.05,23.55,50354000.0
2009/02/16,23.3,23.4,22.8,23.0,59074000.0
2009/02/18,22.5,22.75,22.2,22.55,106443000.0
2009/02/20,22.5,22.55,22.05,22.2,83589000.0
2009/02/24,22.1,22.65,22.0,22.2,60308000.0
2009/02/26,22.55,22.6,22.15,22.35,55549000.0
2009/03/02,22.2,22.2,21.5,21.7,93869000.0
2009/03/04,21.7,22.55,21.5,22.35,77702000.0
2009/03/06,22.0,22.0,21.0,21.0,211620000.0
2009/03/10,21.0,21.9,21.0,21.5,150208000.0
2009/03/12,21.5,21.7,21.0,21.6,227083000.0
2009/03/16,21.85,22.45,21.7,22.3,213368000.0
2009/03/18,22.5,22.5,21.95,22.2,286346000.0
2009/03/20,22.25,23.0,22.25,23.0,245264000.0
2009/03/24,23.5,24.5,23.4,24.1,385654349.0
2009/03/26,24.1,24.2,23.2,23.5,230178142.0
2009/03/30,23.15,23.15,22.0,22.2,212186552.0
2009/04/01,22.2,23.15,22.2,23.1,180666086.0
2009/04/03,23.3,23.8,23.1,23.6,343852098.0
2009/04/07,23.45,23.8,22.7,22.8,321481085.0
2009/04/09,22.9,24.9,22.9,24.9,366689963.0
2009/04/13,25.45,26.55,25.4,25.95,500387487.0
2009/04/15,25.9,28.4,25.7,28.1,398208387.0
2009/04/17,28.4,28.55,24.65,25.25,468192619.0
2009/04/21,24.85,26.2,24.6,25.5,252156221.0
2009/04/23,25.35,25.9,24.9,25.1,194592876.0
2009/04/27,25.3,25.5,23.9,24.0,212591880.0
2009/04/29,24.0,25.6,23.2,25.6,266220923.0
2009/05/04,26.5,27.3,25.7,26.1,431918807.0
2009/05/06,26.0,27.95,25.75,27.2,396336135.0
2009/05/08,27.0,27.9,26.6,27.35,287923318.0
2009/05/12,27.15,27.45,26.2,27.1,218240892.0
2009/05/14,27.0,27.55,26.8,26.9,225582764.0
2009/05/18,27.3,28.45,27.1,27.25,328065491.0
2009/05/20,27.25,27.4,26.6,26.65,166365450.0
2009/05/22,26.4,27.0,26.35,26.6,142641058.0
2009/05/26,26.9,28.4,26.7,27.7,385066087.0
2009/06/01,28.5,30.15,28.0,29.8,345865741.0
2009/06/03,29.7,29.7,28.35,28.7,220998132.0
2009/06/05,28.8,29.4,28.3,28.3,122672050.0
2009/06/09,28.3,28.3,26.9,27.9,186693312.0
2009/06/11,28.1,29.45,27.9,28.65,214346574.0
2009/06/15,28.55,28.55,27.45,28.2,136437896.0
2009/06/17,28.1,28.2,27.5,27.55,70767959.0
2009/06/19,27.8,28.05,27.55,27.9,47223706.0
2009/06/23,27.5,28.55,27.1,27.9,124762024.0
2009/06/25,28.15,28.6,28.0,28.25,78933894.0
2009/06/29,28.5,28.5,27.9,28.2,66881232.0
2009/07/01,28.4,28.9,28.2,28.7,71023346.0
2009/07/03,28.5,28.65,28.3,28.4,37686565.0
2009/07/07,28.5,28.5,28.0,28.1,70867549.0
2009/07/09,28.1,28.5,28.1,28.5,45977937.0
2009/07/13,28.5,28.55,27.3,28.3,104801269.0
2009/07/15,28.5,29.2,28.25,29.05,180611906.0
2009/07/17,29.3,30.15,28.9,30.05,178012187.0
2009/07/21,30.1,30.8,29.8,30.75,195281668.0
2009/07/23,30.8,30.8,28.3,28.8,277954865.0
2009/07/27,29.0,29.3,28.3,29.3,206018484.0
2009/07/29,29.8,30.8,29.65,30.8,253025739.0
2009/07/31,30.9,32.5,30.9,31.95,231180781.0
2009/08/04,32.5,32.7,31.0,31.2,189604928.0
2009/08/06,31.0,32.5,30.5,31.5,151251987.0
2009/08/11,31.7,31.75,30.7,30.8,76653392.0
2009/08/13,31.4,32.2,30.95,31.7,84965973.0
2009/08/17,31.7,31.7,30.55,30.7,80591989.0
2009/08/19,30.8,31.0,29.55,29.65,82794871.0
2009/08/21,29.7,30.5,29.0,30.35,100883632.0
2009/08/25,30.4,30.4,29.2,29.5,60156814.0
2009/08/27,29.4,30.0,29.2,29.75,67645119.0
2009/08/31,29.75,30.2,29.4,30.1,68129438.0
2009/09/02,29.8,30.4,29.5,30.2,84391027.0
2009/09/04,30.5,30.7,29.85,30.6,92932988.0
2009/09/08,30.7,31.05,30.3,30.65,83757750.0
2009/09/10,31.55,31.65,30.75,30.8,83168103.0
2009/09/14,30.7,30.85,30.0,30.7,59686568.0
2009/09/16,30.7,31.2,30.65,31.0,76354680.0
2009/09/18,31.0,31.0,30.2,30.4,87737493.0
2009/09/22,30.15,30.4,30.0,30.0,82273648.0
2009/09/24,30.1,30.25,29.75,29.9,60269176.0
2009/09/28,29.9,30.3,29.65,30.3,54706742.0
2009/09/30,30.35,30.35,29.9,30.25,59865678.0
2009/10/02,29.9,30.25,29.5,29.6,82993407.0
2009/10/06,29.8,30.5,29.6,30.3,95890001.0
2009/10/08,30.5,30.55,30.0,30.5,65149286.0
2009/10/12,30.5,30.55,29.8,29.85,94308779.0
2009/10/14,30.2,30.85,29.75,30.5,132004466.0
2009/10/16,30.7,30.7,30.2,30.5,44444565.0
2009/10/20,30.5,30.5,29.85,30.35,74678486.0
2009/10/22,30.35,30.35,29.75,30.1,96662136.0
2009/10/26,30.25,30.3,29.7,29.8,70884388.0
2009/10/28,29.8,30.25,29.45,29.5,87898583.0
2009/10/30,29.6,29.8,28.95,29.1,57868360.0
2009/11/03,29.1,29.3,28.95,29.3,40253992.0
2009/11/05,29.3,29.35,28.95,29.2,54890844.0
2009/11/09,29.5,30.1,29.35,30.0,43192482.0
2009/11/11,30.0,30.25,29.65,30.05,60464888.0
2009/11/13,29.95,30.0,29.65,29.9,59747167.0
2009/11/17,30.1,30.95,30.0,30.9,162268450.0
2009/11/19,31.0,31.0,30.4,30.85,99619890.0
2009/11/23,30.85,31.0,30.6,30.85,70614718.0
2009/11/25,30.9,31.1,30.7,30.8,75022165.0
2009/11/27,30.4,30.5,30.05,30.35,62108955.0
2009/12/01,30.4,30.65,30.15,30.2,65815023.0
2009/12/03,30.2,30.35,30.1,30.15,48587454.0
2009/12/07,30.15,30.6,30.15,30.45,38151499.0
2009/12/09,30.15,30.5,29.8,29.95,78885188.0
2009/12/11,30.3,32.2,30.3,31.9,202436944.0
2009/12/16,31.7,31.7,31.05,31.3,58911504.0
2009/12/18,31.05,31.5,30.95,31.1,59745531.0
2009/12/22,31.45,31.8,31.3,31.45,54954455.0
2009/12/24,31.6,31.85,31.5,31.8,52659478.0
2009/12/28,31.8,32.0,31.7,31.8,43820938.0
2009/12/30,31.8,32.1,0.0,33.0,36362084.0
2010/01/04,33.7,34.95,33.6,34.15,147014130.0
2010/01/06,34.2,34.7,33.95,34.0,97343103.0
2010/01/08,34.5,35.8,34.5,35.3,163590247.0
2010/01/12,35.5,35.6,34.3,34.35,105460001.0
2010/01/14,34.6,35.3,34.5,34.75,104943012.0
2010/01/18,34.4,34.75,34.0,34.15,77425012.0
2010/01/20,34.35,34.45,33.6,34.0,87520740.0
2010/01/22,33.5,33.6,32.2,32.3,119579773.0
2010/01/26,32.8,32.9,31.85,32.2,105795086.0
2010/01/28,32.6,33.0,31.95,32.5,76760186.0
2010/02/01,32.5,32.5,31.35,31.35,75154395.0
2010/02/03,31.8,32.2,31.5,32.2,37303851.0
2010/02/05,31.55,31.95,31.4,31.75,76735543.0
2010/02/09,31.8,32.2,0.0,32.75,32056497.0
2010/02/22,33.9,33.9,32.45,33.2,91747170.0
2010/02/24,33.0,33.1,32.15,32.35,79545527.0
2010/02/26,32.35,33.05,31.9,32.8,83635205.0
2010/03/02,33.4,33.4,32.85,33.1,68223609.0
2010/03/04,33.3,33.3,32.5,33.1,67008672.0
2010/03/08,33.2,33.35,32.95,33.2,44311496.0
2010/03/10,33.2,33.45,33.1,33.2,52566080.0
2010/03/12,33.2,33.2,32.6,32.7,41340973.0
2010/03/16,32.8,33.4,32.6,33.35,44938240.0
2010/03/18,33.4,33.4,33.0,33.2,40714319.0
2010/03/22,33.0,33.0,32.5,32.55,55235596.0
2010/03/24,32.55,32.8,32.4,32.7,58115291.0
2010/03/26,32.55,32.9,32.35,32.8,60800293.0
2010/03/30,32.85,33.0,32.7,32.85,61253604.0
2010/04/01,32.95,33.2,0.0,33.4,43678563.0
2010/04/06,33.5,34.1,33.5,33.9,75038968.0
2010/04/08,33.9,34.2,33.9,34.1,61053399.0
2010/04/12,34.2,34.8,34.1,34.7,92548041.0
2010/04/14,34.7,34.95,34.55,34.95,66852287.0
2010/04/16,34.95,35.0,33.9,34.05,89028317.0
2010/04/20,34.05,34.05,33.4,33.65,106021847.0
2010/04/22,33.45,33.45,32.85,33.1,93116035.0
2010/04/26,33.4,34.05,33.4,34.0,58678942.0
2010/04/28,33.2,33.8,33.2,33.6,44595516.0
2010/04/30,33.8,33.95,33.25,33.35,45146900.0
2010/05/04,33.35,33.45,32.0,32.2,92825664.0
2010/05/06,32.1,32.2,30.8,31.55,119729068.0
2010/05/10,31.6,32.3,31.45,31.45,63832934.0
2010/05/12,31.55,32.25,31.55,32.05,32376857.0
2010/05/14,32.05,32.05,31.1,31.45,48123551.0
2010/05/18,31.35,31.65,31.0,31.3,45356416.0
2010/05/20,31.1,31.15,29.95,30.25,77558184.0
2010/05/24,30.25,30.6,29.3,29.7,77115577.0
2010/05/26,29.7,30.25,29.45,30.15,60578548.0
2010/05/28,30.5,30.6,30.05,30.55,43437545.0
2010/06/01,30.4,30.4,29.6,29.8,50216454.0
2010/06/03,30.1,30.3,29.95,30.25,29298095.0
2010/06/07,29.75,30.0,29.3,29.8,45277965.0
2010/06/09,29.8,29.8,29.25,29.65,42019923.0
2010/06/11,29.95,30.55,29.85,30.5,30989795.0
2010/06/15,0.0,30.9,0.0,30.9,22741068.0
2010/06/18,30.75,31.0,30.35,30.65,53287627.0
2010/06/22,30.7,30.8,30.5,30.55,24148810.0
2010/06/24,30.8,30.85,30.3,30.4,35272484.0
2010/06/28,30.4,30.75,30.0,30.0,32839667.0
2010/06/30,29.65,29.95,29.55,29.55,41743700.0
2010/07/02,29.6,30.15,29.6,29.85,22850530.0
2010/07/06,29.85,30.6,29.85,30.25,32125509.0
2010/07/08,30.4,30.55,30.2,30.45,23880412.0
2010/07/12,30.2,30.75,30.15,30.35,31884870.0
2010/07/14,30.5,30.7,30.3,30.4,41162997.0
2010/07/16,30.4,30.8,30.0,30.7,41998535.0
2010/07/20,30.7,30.95,30.55,30.95,51631981.0
2010/07/22,31.0,31.85,30.85,31.8,109468364.0
2010/07/26,30.0,30.4,29.9,30.3,73160002.0
2010/07/28,30.3,30.4,30.1,30.4,33711400.0
2010/07/30,30.4,30.85,30.2,30.85,38674506.0
2010/08/03,31.0,31.25,30.8,31.15,41483339.0
2010/08/05,31.15,31.2,30.85,30.95,33668045.0
2010/08/09,30.9,31.2,30.9,31.0,37444105.0
2010/08/11,30.9,31.0,30.7,30.75,23150058.0
2010/08/13,30.75,30.95,30.55,30.8,24555141.0
2010/08/17,30.8,30.8,30.45,30.7,32015714.0
2010/08/19,30.5,30.8,30.4,30.65,21150798.0
2010/08/23,30.65,30.9,30.45,30.45,33197869.0
2010/08/25,30.3,30.3,29.8,29.95,54400689.0
2010/08/27,30.2,30.65,30.05,30.45,28837186.0
2010/08/31,30.5,30.5,30.1,30.3,26210499.0
2010/09/02,30.6,30.65,30.4,30.55,19792476.0
2010/09/06,30.65,32.15,30.65,32.0,96748513.0
2010/09/08,32.0,32.0,31.45,31.55,45597390.0
2010/09/10,31.7,32.1,31.65,32.1,67336922.0
2010/09/14,32.1,32.2,31.9,32.2,44342819.0
2010/09/16,32.15,32.2,32.0,32.0,43379695.0
2010/09/20,32.0,32.5,0.0,32.45,20021711.0
2010/09/23,32.45,32.45,32.1,32.2,32882663.0
2010/09/27,32.4,32.45,32.2,32.3,31102485.0
2010/09/29,32.4,32.5,32.0,32.3,44604530.0
2010/10/01,32.3,32.4,32.05,32.3,27892877.0
2010/10/05,32.2,32.45,32.0,32.4,47772922.0
2010/10/07,32.4,32.7,32.0,32.1,44182492.0
2010/10/11,32.1,32.15,31.15,31.3,56395600.0
2010/10/13,31.25,31.5,31.1,31.4,47454492.0
2010/10/15,31.4,31.8,31.0,31.05,65481840.0
2010/10/19,31.05,31.1,30.8,31.0,45899845.0
2010/10/21,31.0,31.1,30.8,30.9,37200484.0
2010/10/25,30.9,31.3,30.9,31.25,45043432.0
2010/10/27,31.2,31.3,30.85,31.1,52010089.0
2010/10/29,31.2,31.3,31.0,31.3,36553045.0
2010/11/02,31.3,31.6,31.2,31.55,63225384.0
2010/11/04,31.55,31.9,31.45,31.8,69363260.0
2010/11/08,31.8,32.1,31.65,32.1,48224355.0
2010/11/10,32.2,32.65,32.05,32.1,65370106.0
2010/11/12,32.0,32.0,31.5,31.6,41363143.0
2010/11/16,31.6,31.8,31.5,31.7,26262081.0
2010/11/18,31.7,31.85,31.5,31.8,29169376.0
2010/11/22,31.85,32.05,31.75,31.75,33465381.0
2010/11/24,31.6,31.9,31.55,31.8,31957998.0
2010/11/26,31.6,31.6,31.15,31.35,49666406.0
2010/11/30,31.35,31.5,31.15,31.35,51809192.0
2010/12/02,31.45,31.75,31.3,31.5,43221363.0
2010/12/06,31.5,31.9,31.45,31.75,44431102.0
2010/12/08,31.8,32.45,31.8,32.1,54213270.0
2010/12/10,32.1,32.1,31.7,31.85,46911992.0
2010/12/14,31.85,32.15,31.85,32.15,52634591.0
2010/12/16,32.15,32.55,32.1,32.4,57729901.0
2010/12/20,32.5,33.2,32.45,32.95,95599873.0
2010/12/22,33.0,33.1,32.7,32.75,45129399.0
2010/12/24,32.75,32.95,32.6,32.95,36262535.0
2010/12/28,32.95,32.95,32.75,32.85,31136319.0
2010/12/30,32.85,33.5,32.8,33.5,82362090.0
2011/01/03,33.9,34.5,33.85,33.9,120026480.0
2011/01/05,34.0,34.3,33.25,33.5,77961378.0
2011/01/07,33.5,33.5,32.8,33.3,61806984.0
2011/01/11,33.3,33.7,33.1,33.4,42577702.0
2011/01/13,33.5,33.8,33.2,33.4,40965765.0
2011/01/17,33.4,33.55,33.0,33.1,42057799.0
2011/01/19,33.1,33.35,33.05,33.15,36332574.0
2011/01/21,33.05,33.15,32.85,33.0,58109756.0
2011/01/25,32.9,33.65,32.9,33.4,71189743.0
2011/01/27,33.55,33.7,0.0,33.8,36750005.0
2011/02/08,34.3,35.0,34.0,34.65,149324696.0
2011/02/10,34.5,34.5,33.4,33.45,95591611.0
2011/02/14,33.6,33.95,33.25,33.6,74878198.0
2011/02/16,33.6,33.7,33.1,33.1,59648511.0
2011/02/18,33.3,33.8,33.25,33.45,48257785.0
2011/02/22,33.2,33.85,33.05,33.55,90118548.0
2011/02/24,33.85,33.85,0.0,33.5,38147331.0
2011/03/01,33.5,34.05,33.5,33.7,57760778.0
2011/03/03,33.7,34.5,33.7,34.0,62609264.0
2011/03/07,34.0,34.1,33.8,33.9,38413611.0
2011/03/09,34.0,34.0,33.5,33.55,41868706.0
2011/03/11,33.4,34.8,33.35,34.35,107427727.0
2011/03/15,34.55,34.6,33.5,34.4,119748485.0
2011/03/17,34.0,34.5,34.0,34.5,49487432.0
2011/03/21,34.7,34.7,34.3,34.4,50236752.0
2011/03/23,34.4,34.95,34.3,34.6,48222791.0
2011/03/25,34.8,34.8,34.5,34.6,45794080.0
2011/03/29,34.6,35.25,34.5,35.15,73871887.0
2011/03/31,35.15,35.2,0.0,35.05,32831154.0
2011/04/06,35.05,35.25,35.05,35.25,56532892.0
2011/04/08,35.25,35.3,34.75,35.1,47213979.0
2011/04/12,35.0,35.1,34.65,35.1,36862235.0
2011/04/14,35.1,35.1,34.75,34.85,38937593.0
2011/04/18,34.8,34.8,34.4,34.6,42241063.0
2011/04/20,34.7,35.2,34.6,35.1,45721919.0
2011/04/22,35.2,35.25,35.0,35.05,30813154.0
2011/04/26,35.0,35.45,35.0,35.45,46113687.0
2011/04/28,35.5,35.8,0.0,35.4,31693336.0
2011/05/03,35.4,35.4,35.0,35.3,34737633.0
2011/05/05,35.1,35.25,34.95,35.0,38939193.0
2011/05/09,35.0,35.25,34.95,35.05,32811030.0
2011/05/11,35.05,35.2,35.0,35.15,28614547.0
2011/05/13,35.15,35.25,35.05,35.05,35246505.0
2011/05/17,35.0,35.2,35.0,35.2,29924683.0
2011/05/19,35.2,35.3,35.0,35.1,43471269.0
2011/05/23,35.0,35.0,34.55,34.8,65329776.0
2011/05/25,34.7,34.7,34.05,34.25,70031189.0
2011/05/27,34.1,34.35,33.9,34.2,66042104.0
2011/05/31,34.3,34.5,34.15,34.25,55080266.0
2011/06/02,34.15,34.3,0.0,34.25,36228408.0
2011/06/07,34.25,34.25,34.05,34.2,31971252.0
2011/06/09,34.2,34.3,34.05,34.1,42917524.0
2011/06/13,34.0,34.15,33.8,34.15,46554041.0
2011/06/15,34.2,34.5,34.0,34.1,49473006.0
2011/06/17,34.2,34.25,33.8,33.95,53600223.0
2011/06/21,34.0,34.2,33.85,33.9,43903345.0
2011/06/23,33.95,34.1,33.9,34.0,29097429.0
2011/06/27,33.9,33.9,33.5,33.5,56764088.0
2011/06/29,33.8,34.6,33.6,34.6,39463147.0
2011/07/01,34.6,34.9,34.5,34.75,41444264.0
2011/07/05,34.75,35.0,34.6,35.0,36675501.0
2011/07/07,35.0,35.3,34.9,35.05,50275634.0
2011/07/11,35.15,35.15,34.7,34.75,62892318.0
2011/07/13,34.75,35.1,34.75,34.85,94819092.0
2011/07/15,34.85,35.2,31.65,32.0,238991821.0
2011/07/19,32.0,32.0,31.5,31.65,116176326.0
2011/07/21,31.6,31.6,30.5,30.55,239768843.0
2011/07/25,30.5,30.5,29.6,29.65,223798722.0
2011/07/27,29.3,30.1,28.85,29.9,350063787.0
2011/07/29,29.9,30.55,29.9,30.4,127030114.0
2011/08/02,30.35,30.35,29.75,29.9,82590362.0
2011/08/04,30.0,30.1,28.85,29.2,156296961.0
2011/08/08,29.2,29.35,27.4,28.35,267826559.0
2011/08/10,29.5,29.5,28.5,29.1,216747894.0
2011/08/12,29.5,29.85,29.0,29.55,120569702.0
2011/08/16,29.9,29.95,29.4,29.6,56233371.0
2011/08/18,29.95,29.95,28.9,29.05,73709087.0
2011/08/22,29.3,29.8,29.1,29.7,77070739.0
2011/08/24,29.9,29.9,29.3,29.5,84693654.0
2011/08/26,29.5,29.8,29.25,29.7,67082897.0
2011/08/30,29.9,31.5,29.55,31.5,80775887.0
2011/09/01,31.0,31.0,30.5,30.5,71813859.0
2011/09/05,30.2,30.2,29.5,29.5,72043344.0
2011/09/07,29.95,30.45,29.7,30.25,36888079.0
2011/09/09,0.0,30.0,0.0,29.5,63002432.0
2011/09/14,29.6,30.05,29.4,29.9,58682504.0
2011/09/16,30.2,30.35,30.0,30.1,45631959.0
2011/09/20,30.0,30.3,29.65,30.0,49537846.0
2011/09/22,29.8,29.8,29.0,29.3,90367860.0
2011/09/26,29.35,29.8,29.15,29.65,89800541.0
2011/09/28,29.8,29.8,29.55,29.55,48423758.0
2011/09/30,29.55,29.9,29.3,29.6,42907361.0
2011/10/04,29.5,29.85,29.25,29.5,58601583.0
2011/10/06,29.5,29.85,0.0,29.95,17139360.0
2011/10/11,30.0,30.15,29.55,29.6,46812149.0
2011/10/13,29.75,29.8,29.55,29.6,28754308.0
2011/10/17,29.65,29.8,29.35,29.4,49589670.0
2011/10/19,29.5,29.5,29.2,29.2,49102857.0
2011/10/21,29.45,29.75,29.2,29.75,41064660.0
2011/10/25,29.8,29.8,29.5,29.75,30195170.0
2011/10/27,29.75,30.2,29.6,29.95,50130117.0
2011/10/31,30.0,30.0,29.7,29.8,35939376.0
2011/11/02,29.75,29.75,29.4,29.5,42948814.0
2011/11/04,29.7,29.85,29.4,29.4,40025785.0
2011/11/08,29.4,29.55,29.3,29.35,38129067.0
2011/11/10,29.3,29.35,29.0,29.1,68924651.0
2011/11/14,29.1,29.4,28.8,28.9,62064673.0
2011/11/16,28.9,29.0,28.5,28.5,79566504.0
2011/11/18,28.35,28.35,26.85,27.0,184919050.0
2011/11/22,27.0,27.75,26.9,27.35,87315518.0
2011/11/24,27.2,30.0,27.2,29.2,231998296.0
2011/11/28,29.0,29.4,28.55,29.15,116049268.0
2011/11/30,29.2,29.5,28.6,29.1,75450617.0
2011/12/02,29.1,29.1,28.7,28.9,25912823.0
2011/12/06,28.7,28.75,28.4,28.65,42998664.0
2011/12/08,28.6,28.8,28.25,28.45,35322066.0
2011/12/12,28.7,28.7,28.35,28.55,22615161.0
2011/12/14,28.55,28.55,28.0,28.0,39440114.0
2011/12/16,28.0,28.2,27.9,28.05,32746526.0
2011/12/20,28.1,28.5,27.9,28.5,38996818.0
2011/12/22,28.5,28.9,28.35,28.9,35378061.0
2011/12/26,28.9,28.95,28.65,28.9,18248841.0
2011/12/28,28.85,28.9,28.7,28.9,20373493.0
2011/12/30,28.9,29.0,28.5,28.55,16755808.0
2012/01/03,28.8,29.1,28.7,29.0,39077521.0
2012/01/05,28.9,29.0,28.8,29.0,31435736.0
2012/01/09,29.0,29.0,28.75,29.0,32167451.0
2012/01/11,29.0,29.0,28.85,28.95,35171332.0
2012/01/13,28.95,29.1,28.5,28.6,58714215.0
2012/01/17,28.55,29.0,0.0,28.95,13836964.0
2012/01/30,29.0,29.5,28.9,29.3,64986942.0
2012/02/01,29.3,29.3,29.0,29.3,40538143.0
2012/02/03,29.35,29.65,29.2,29.45,43283418.0
2012/02/07,29.5,29.75,29.4,29.75,44828546.0
2012/02/09,29.75,30.05,29.6,29.7,75526394.0
2012/02/13,29.6,29.75,29.3,29.4,41120000.0
2012/02/15,29.45,29.9,29.45,29.75,32607000.0
2012/02/17,29.75,30.3,29.75,30.25,66734000.0
2012/02/21,30.3,30.4,29.9,30.3,55046000.0
2012/02/23,30.3,30.3,29.85,30.15,33440000.0
2012/02/29,30.25,30.8,30.2,30.7,67438000.0
2012/03/02,30.8,30.9,30.45,30.45,25152000.0
2012/03/05,30.45,30.5,30.0,30.2,29211000.0
2012/03/07,30.0,30.05,29.8,30.0,35275000.0
2012/03/09,30.0,30.2,29.8,30.0,18087000.0
2012/03/13,30.2,30.65,30.1,30.45,32936000.0
2012/03/15,30.55,30.6,30.0,30.0,31032000.0
2012/03/19,30.0,30.2,29.9,29.95,26655000.0
2012/03/21,29.95,30.05,29.85,30.0,28128000.0
2012/03/23,29.95,30.05,29.75,29.8,35110000.0
2012/03/27,30.0,30.1,29.75,30.0,30016000.0
2012/03/29,30.0,30.15,29.45,30.15,51021000.0
2012/04/02,29.8,30.0,29.6,29.85,27719000.0
2012/04/05,29.5,29.5,29.15,29.15,53292000.0
2012/04/09,29.05,29.2,28.95,29.05,35050000.0
2012/04/11,29.0,29.0,28.75,28.8,40288000.0
2012/04/13,28.9,29.05,28.8,28.95,21379000.0
2012/04/17,29.0,29.0,28.75,28.75,39505000.0
2012/04/19,29.0,29.0,28.7,28.7,22083000.0
2012/04/23,28.7,29.0,28.7,28.85,25226000.0
2012/04/25,28.9,29.0,28.8,29.0,17284000.0
2012/04/27,29.0,29.05,28.8,29.05,27519000.0
2012/05/02,29.1,29.3,28.9,29.1,24454000.0
2012/05/04,29.1,29.2,28.7,28.75,36392000.0
2012/05/08,29.0,29.0,28.5,28.5,28203000.0
2012/05/10,28.5,28.55,28.0,28.35,40011000.0
2012/05/14,28.35,28.35,28.1,28.25,23769000.0
2012/05/16,28.25,28.3,28.0,28.15,34462000.0
2012/05/18,28.0,28.2,27.8,28.2,32151000.0
2012/05/22,28.2,28.25,28.0,28.0,26981000.0
2012/05/24,28.0,28.1,27.9,27.9,27107000.0
2012/05/28,27.9,28.3,27.8,28.25,30347000.0
2012/05/30,28.2,28.25,27.65,28.0,60790000.0
2012/06/01,27.9,27.9,27.45,27.5,38104000.0
2012/06/05,27.7,28.25,27.65,28.2,26750000.0
2012/06/07,28.25,28.25,27.7,28.0,28899000.0
2012/06/11,28.0,28.35,27.9,28.0,27264000.0
2012/06/13,28.0,28.35,27.9,28.35,28038000.0
2012/06/15,28.3,28.8,28.1,28.1,61975000.0
2012/06/19,28.4,28.5,28.05,28.3,27811000.0
2012/06/21,28.1,28.25,27.7,27.75,33801000.0
2012/06/25,28.0,28.0,27.55,27.65,24511000.0
2012/06/27,27.65,27.95,27.55,27.6,24233000.0
2012/06/29,27.6,28.0,27.6,27.85,26112000.0
2012/07/03,27.8,28.1,27.8,28.05,29036000.0
2012/07/05,28.05,28.1,27.85,28.05,31905000.0
2012/07/09,27.9,28.05,27.85,28.0,28341000.0
2012/07/11,27.9,28.0,27.6,27.6,28097000.0
2012/07/13,27.5,27.6,26.85,26.9,73392000.0
2012/07/17,26.8,27.25,26.6,27.05,49156000.0
2012/07/19,27.05,27.2,26.9,27.2,41020000.0
2012/07/23,27.0,27.05,26.6,26.7,45848000.0
2012/07/25,26.5,26.65,25.2,25.55,87733000.0
2012/07/27,26.0,26.15,25.8,26.1,34613000.0
2012/07/31,26.05,26.65,26.0,26.45,37103000.0
2012/08/03,26.2,26.5,26.0,26.35,31084000.0
2012/08/07,26.35,26.65,26.25,26.4,35641000.0
2012/08/09,26.3,26.8,26.3,26.8,40190000.0
2012/08/13,26.8,26.8,26.35,26.75,28935000.0
2012/08/15,26.7,26.85,26.55,26.65,24783000.0
2012/08/17,26.75,26.75,26.25,26.4,17929000.0
2012/08/21,26.7,26.75,26.3,26.5,26437000.0
2012/08/23,26.45,26.45,26.1,26.1,30075000.0
2012/08/27,26.1,26.15,26.0,26.0,30679000.0
2012/08/29,26.0,26.05,25.8,25.8,41218000.0
2012/08/31,25.8,25.85,25.45,25.5,39373000.0
2012/09/04,25.4,25.4,24.6,24.65,75893000.0
2012/09/06,24.6,24.95,24.0,24.85,84621000.0
2012/09/10,24.9,25.8,24.9,25.7,52770000.0
2012/09/12,25.8,26.4,25.8,26.0,54299000.0
2012/09/14,26.45,26.5,26.15,26.4,53621000.0
2012/09/18,26.35,26.6,26.05,26.6,37747000.0
2012/09/20,26.6,26.7,26.4,26.7,32318000.0
2012/09/24,26.6,26.7,26.35,26.7,25406000.0
2012/09/26,26.7,26.75,26.5,26.75,24988000.0
2012/09/28,26.6,26.75,26.0,26.25,23997000.0
2012/10/02,26.3,26.5,26.05,26.3,15782000.0
2012/10/04,26.25,26.25,25.9,26.1,25197000.0
2012/10/08,26.1,26.4,25.85,26.35,24892000.0
2012/10/11,26.05,26.1,25.9,25.95,18235000.0
2012/10/15,25.8,26.1,25.7,26.0,15271000.0
2012/10/17,26.0,26.2,25.9,26.2,18999000.0
2012/10/19,26.2,26.2,25.7,25.8,16862000.0
2012/10/23,25.8,25.85,25.2,25.3,24673000.0
2012/10/25,25.3,25.65,25.05,25.15,25969000.0
2012/10/29,25.3,25.6,25.15,25.3,26690000.0
2012/10/31,25.3,25.35,24.7,25.1,30793000.0
2012/11/02,25.2,25.5,25.0,25.4,26246000.0
2012/11/06,25.5,25.5,25.2,25.5,19769000.0
2012/11/08,25.3,25.4,24.9,25.4,26261000.0
2012/11/12,25.35,25.35,24.85,24.95,24557000.0
2012/11/14,24.95,25.1,24.7,25.0,20350000.0
2012/11/16,25.0,25.05,24.75,24.95,23169000.0
2012/11/20,25.0,25.1,24.75,24.85,25227000.0
2012/11/22,24.85,25.55,24.85,25.55,32446000.0
2012/11/26,25.6,25.85,25.5,25.85,28415000.0
2012/11/28,25.85,26.3,25.6,26.25,39377000.0
2012/11/30,26.25,26.6,26.05,26.25,58203000.0
2012/12/04,26.05,26.45,25.7,26.4,44954000.0
2012/12/06,26.4,26.4,26.05,26.3,28382000.0
2012/12/10,26.3,26.3,25.9,26.2,34270000.0
2012/12/12,26.25,26.55,26.15,26.45,55955000.0
2012/12/14,26.45,26.5,26.3,26.5,40712000.0
2012/12/18,26.5,26.5,26.2,26.45,36852000.0
2012/12/20,26.4,26.45,26.15,26.45,33692000.0
2012/12/22,26.25,26.4,26.15,26.25,12741000.0
2012/12/25,26.25,27.45,26.15,27.4,66338000.0
2012/12/27,27.4,27.45,27.05,27.35,47247000.0
2013/01/02,27.45,28.4,27.3,28.1,62274000.0
2013/01/04,28.1,28.1,27.75,28.0,35887000.0
2013/01/08,28.0,28.0,27.7,27.9,27549000.0
2013/01/10,28.0,28.2,27.9,28.1,42431000.0
2013/01/14,28.1,28.25,27.8,28.05,33495000.0
2013/01/16,28.0,28.0,27.35,27.5,28943000.0
2013/01/18,27.8,28.0,27.25,27.35,31170000.0
2013/01/22,27.4,27.5,26.85,27.2,30173000.0
2013/01/24,27.3,27.4,26.8,27.4,30055000.0
2013/01/28,27.4,27.5,27.2,27.5,17631000.0
2013/01/30,27.5,27.85,27.4,27.85,29173000.0
2013/02/01,27.85,27.9,27.6,27.9,27281000.0
2013/02/05,27.9,27.95,27.6,27.6,27909000.0
2013/02/18,28.0,28.0,27.6,27.7,31550000.0
2013/02/20,27.85,27.9,27.5,27.85,42894000.0
2013/02/22,27.85,28.0,27.35,27.45,46630000.0
2013/02/26,27.2,27.5,27.2,27.2,38511000.0
2013/03/01,27.5,27.7,27.2,27.4,39599000.0
2013/03/05,27.5,27.65,27.2,27.65,26752000.0
2013/03/07,27.65,27.65,27.3,27.45,20912000.0
2013/03/11,27.45,27.55,27.05,27.25,30046000.0
2013/03/13,27.25,27.25,26.8,27.0,33008000.0
2013/03/15,27.0,27.4,26.8,26.8,53759000.0
2013/03/19,26.8,26.85,26.5,26.5,34348000.0
2013/03/21,26.5,26.6,26.45,26.5,23514000.0
2013/03/25,26.5,26.55,26.0,26.1,42240000.0
2013/03/27,26.1,26.15,25.95,25.95,31910000.0
2013/03/29,25.95,26.05,25.75,25.85,34337000.0
2013/04/02,25.85,26.15,25.8,26.1,31591000.0
2013/04/08,25.9,26.05,25.55,25.75,35841000.0
2013/04/10,25.85,25.85,25.5,25.65,31991000.0
2013/04/12,25.65,25.7,25.4,25.5,17248000.0
2013/04/16,25.5,25.65,25.4,25.5,27852000.0
2013/04/18,25.5,25.55,25.25,25.35,23440000.0
2013/04/22,25.6,26.0,25.6,25.8,29859000.0
2013/04/24,26.0,26.15,25.8,26.15,22944000.0
2013/04/26,26.2,26.3,25.95,26.15,23276000.0
2013/04/30,26.15,26.3,25.8,25.8,32422000.0
2013/05/03,25.65,25.8,25.5,25.5,27687000.0
2013/05/07,25.5,26.0,25.4,25.95,29930000.0
2013/05/09,25.95,26.0,25.7,25.95,23087000.0
2013/05/13,25.95,26.0,25.65,25.95,21005000.0
2013/05/15,25.9,26.15,25.9,26.15,26119000.0
2013/05/17,26.15,26.2,26.0,26.05,17889000.0
2013/05/21,26.05,26.25,26.05,26.25,20477000.0
2013/05/23,26.2,26.2,25.75,25.85,26182000.0
2013/05/27,25.6,25.7,25.55,25.55,24863000.0
2013/05/29,25.7,25.75,25.45,25.45,31696000.0
2013/05/31,25.45,25.6,25.2,25.2,36759000.0
2013/06/04,25.2,25.25,25.0,25.15,31188000.0
2013/06/06,25.0,25.05,24.7,24.8,45762000.0
2013/06/10,24.8,25.1,24.7,24.7,27186000.0
2013/06/13,24.55,24.55,24.2,24.25,45460000.0
2013/06/17,24.25,24.5,24.1,24.2,26030000.0
2013/06/19,24.2,24.3,23.85,23.9,36816000.0
2013/06/21,23.7,23.7,23.0,23.45,85453000.0
2013/06/25,23.45,23.8,23.1,23.8,45720000.0
2013/06/27,24.0,24.55,23.8,24.55,40514000.0
2013/07/01,24.3,24.3,23.75,23.75,30930000.0
2013/07/03,23.7,23.7,23.3,23.45,28016000.0
2013/07/05,23.5,23.95,23.35,23.35,25935000.0
2013/07/09,23.35,24.15,23.35,24.05,27659000.0
2013/07/11,24.2,25.15,24.2,25.15,61467000.0
2013/07/15,25.15,25.6,25.0,25.6,37878000.0
2013/07/17,25.6,25.95,25.4,25.95,37966000.0
2013/07/19,25.85,26.0,25.65,25.85,35216000.0
2013/07/23,25.85,26.0,25.45,25.55,38542000.0
2013/07/25,25.35,25.9,25.0,25.15,47367000.0
2013/07/29,25.15,25.75,24.95,25.5,26767000.0
2013/07/31,25.25,25.45,24.5,24.85,32366000.0
2013/08/02,24.9,25.4,24.9,25.4,20820000.0
2013/08/06,25.4,25.4,24.9,25.3,35156000.0
2013/08/08,25.15,25.15,24.7,24.7,28431000.0
2013/08/12,25.0,25.5,24.9,25.45,27328000.0
2013/08/14,25.55,25.55,24.7,24.9,25772000.0
2013/08/16,24.9,25.45,24.85,25.4,29861000.0
2013/08/20,25.4,25.4,24.8,25.1,39875000.0
2013/08/23,25.3,25.4,25.0,25.4,23892000.0
2013/08/27,25.3,25.45,24.9,25.4,25705000.0
2013/08/29,25.4,25.5,25.3,25.3,32050000.0
2013/09/02,25.3,25.6,25.25,25.6,20286000.0
2013/09/04,25.6,26.0,25.45,26.0,33973000.0
2013/09/06,26.0,26.0,25.65,25.95,29681000.0
2013/09/10,25.95,26.0,25.7,26.0,37048000.0
2013/09/12,25.95,26.0,25.8,25.95,32566000.0
2013/09/16,25.95,26.0,25.75,26.0,27832000.0
2013/09/18,26.0,26.1,25.8,26.1,34539000.0
2013/09/24,26.0,26.05,25.85,26.0,23616000.0
2013/09/26,25.9,26.0,25.7,26.0,26829000.0
2013/09/30,25.9,26.0,25.7,25.7,25052000.0
2013/10/02,25.7,26.0,25.6,25.9,26772000.0
2013/10/04,25.9,26.1,25.75,25.9,26963000.0
2013/10/08,25.9,25.9,25.7,25.85,16025000.0
2013/10/11,25.85,25.95,25.7,25.85,18573000.0
2013/10/15,25.85,25.95,25.8,25.95,19496000.0
2013/10/17,26.0,26.0,25.85,26.0,15736000.0
2013/10/21,26.0,26.0,25.65,25.7,22327000.0
2013/10/23,25.8,25.85,25.7,25.85,25018000.0
2013/10/25,25.85,25.85,25.55,25.85,17070000.0
2013/10/29,25.85,25.95,25.65,25.95,16011000.0
2013/10/31,25.8,25.9,25.55,25.7,23703000.0
2013/11/04,25.6,25.7,25.3,25.3,21116000.0
2013/11/06,25.3,25.6,25.3,25.55,12774000.0
2013/11/08,25.5,25.5,25.1,25.25,17641000.0
2013/11/12,25.3,25.55,25.0,25.0,24917000.0
2013/11/14,25.0,25.1,24.85,25.0,17990000.0
2013/11/18,25.0,25.25,24.95,25.25,11744000.0
2013/11/20,25.1,25.2,24.9,24.9,16646000.0
2013/11/22,24.9,25.2,24.8,25.1,11640000.0
2013/11/26,25.1,25.6,25.0,25.1,25860000.0
2013/11/28,25.1,25.45,25.05,25.45,23423000.0
2013/12/02,25.45,25.5,25.25,25.3,13608000.0
2013/12/04,25.3,25.5,25.2,25.4,16039000.0
2013/12/06,25.25,25.45,25.15,25.4,14578000.0
2013/12/10,25.4,25.6,25.25,25.55,19647000.0
2013/12/12,25.5,25.8,25.25,25.8,29040000.0
2013/12/16,25.7,26.0,25.55,25.8,48176000.0
2013/12/18,25.8,26.1,25.75,26.1,49884000.0
2013/12/20,26.1,26.2,25.85,26.0,43750000.0
2013/12/24,25.85,26.1,25.8,26.0,21224000.0
2013/12/26,25.8,26.9,25.8,26.9,58356000.0
2013/12/30,27.0,27.15,26.9,27.0,47072000.0
2014/01/02,27.0,27.0,26.3,26.35,30463000.0
2014/01/06,26.35,26.4,26.0,26.05,30528000.0
2014/01/08,26.05,26.25,26.0,26.0,24576000.0
2014/01/10,26.0,26.3,25.9,26.25,25343000.0
2014/01/14,26.35,26.8,26.35,26.75,41082000.0
2014/01/16,26.85,26.85,26.5,26.5,19301000.0
2014/01/20,26.5,26.7,26.4,26.7,15633000.0
2014/01/22,26.7,26.75,26.5,26.7,19399000.0
2014/01/24,26.7,26.8,26.05,26.05,50194000.0
2014/02/05,25.75,25.8,25.0,25.45,87837000.0
2014/02/07,25.55,25.9,25.55,25.8,25007000.0
2014/02/11,25.8,26.05,25.8,26.0,16069000.0
2014/02/13,25.85,26.1,25.65,26.05,25586000.0
2014/02/17,26.05,26.15,25.8,26.15,15360000.0
2014/02/19,26.05,26.1,25.65,25.65,23507000.0
2014/02/21,25.65,25.95,25.6,25.75,21816000.0
2014/02/25,25.7,25.85,25.5,25.55,29544000.0
2014/02/27,25.55,25.7,25.2,25.6,35787000.0
2014/03/04,25.5,25.6,25.35,25.35,23160000.0
2014/03/06,25.45,25.75,25.35,25.75,24959000.0
2014/03/10,25.5,25.75,25.35,25.75,28323000.0
2014/03/12,25.5,25.65,25.35,25.65,29132000.0
2014/03/14,25.6,25.65,25.15,25.2,30620000.0
2014/03/18,25.25,25.6,25.2,25.35,23559000.0
2014/03/20,25.2,25.55,25.1,25.15,37284000.0
2014/03/24,25.15,25.55,25.1,25.55,27761000.0
2014/03/26,25.55,25.7,25.3,25.7,38111000.0
2014/03/28,25.65,25.7,25.5,25.65,20449000.0
2014/04/01,25.5,25.8,25.5,25.8,22594000.0
2014/04/03,25.8,25.8,25.6,25.8,20601000.0
2014/04/08,25.8,25.8,25.6,25.8,17888000.0
2014/04/10,25.85,25.9,25.6,25.8,20149000.0
2014/04/14,25.6,26.0,25.6,26.0,19881000.0
2014/04/16,26.0,26.0,25.7,25.75,19208000.0
2014/04/18,25.75,25.8,25.6,25.6,9766000.0
2014/04/22,25.6,25.7,25.5,25.6,12288000.0
2014/04/24,25.6,25.75,25.3,25.35,21833000.0
2014/04/28,25.0,25.3,25.0,25.15,25722000.0
2014/04/30,25.15,25.75,25.1,25.4,37118000.0
2014/05/05,25.35,25.4,25.15,25.35,15870000.0
2014/05/07,25.3,25.3,25.1,25.2,23390000.0
2014/05/09,25.15,25.4,25.15,25.35,19399000.0
2014/05/13,25.4,25.5,25.2,25.4,25784000.0
2014/05/15,25.2,25.3,25.05,25.15,25208000.0
2014/05/19,25.05,25.15,24.9,24.9,40946000.0
2014/05/21,24.9,25.2,24.85,25.15,29687000.0
2014/05/23,25.1,25.25,25.05,25.05,19149000.0
2014/05/27,25.05,25.2,24.9,25.15,27531000.0
2014/05/29,25.1,25.15,24.6,24.6,54203000.0
2014/06/03,24.7,25.0,24.7,24.8,36075000.0
2014/06/05,24.8,24.9,24.7,24.9,21486000.0
2014/06/09,24.9,24.9,24.7,24.9,28100000.0
2014/06/11,24.9,25.0,24.8,24.85,16402000.0
2014/06/13,24.85,25.0,24.7,24.85,18276000.0
2014/06/17,24.85,25.35,24.8,25.3,40123000.0
2014/06/19,25.35,25.6,25.2,25.5,45593000.0
2014/06/23,25.45,25.5,25.3,25.4,23428000.0
2014/06/25,25.3,25.35,24.95,25.25,25193000.0
2014/06/27,25.15,25.15,25.0,25.1,16424000.0
2014/07/01,25.05,25.2,25.0,25.15,23677000.0
2014/07/03,25.15,25.15,24.95,25.0,30022000.0
2014/07/07,25.05,25.2,24.95,25.2,18623000.0
2014/07/09,25.2,25.2,25.0,25.1,17854000.0
2014/07/11,25.1,25.1,24.9,24.95,20015000.0
2014/07/15,25.0,25.05,24.9,25.0,21608000.0
2014/07/17,25.0,25.1,24.95,25.0,22020000.0
2014/07/21,25.0,25.45,25.0,25.45,36548000.0
2014/07/24,25.45,25.6,25.35,25.6,32401000.0
2014/07/28,25.6,26.1,25.6,26.1,54933000.0
2014/07/30,26.1,26.3,25.95,25.95,53604000.0
2014/08/01,25.8,26.2,25.8,26.05,26659000.0
2014/08/05,26.05,26.1,25.6,25.65,42491000.0
2014/08/07,25.75,25.85,25.65,25.65,28706000.0
2014/08/11,25.9,26.0,25.75,26.0,38024000.0
2014/08/13,26.0,26.2,25.0,25.1,73115000.0
2014/08/15,25.1,25.25,25.0,25.2,24260000.0
2014/08/19,25.3,25.75,25.25,25.75,29776000.0
2014/08/21,25.75,25.95,25.6,25.9,33465000.0
2014/08/25,25.8,25.9,25.7,25.9,22415000.0
2014/08/27,25.9,26.0,25.85,26.0,31650000.0
2014/08/29,26.0,26.0,25.8,25.95,20784000.0
2014/09/02,26.0,26.0,25.8,26.0,28154000.0
2014/09/04,26.0,26.05,25.9,26.05,25211000.0
2014/09/09,26.1,26.2,25.9,26.05,25942000.0
2014/09/11,26.1,26.2,26.0,26.1,28139000.0
2014/09/15,26.1,26.1,25.85,25.85,18029000.0
2014/09/17,25.85,26.65,25.85,26.6,59163000.0
2014/09/19,26.7,26.7,26.0,26.4,35313000.0
2014/09/23,26.35,26.4,26.0,26.35,30388000.0
2014/09/25,26.35,26.35,25.85,26.0,20997000.0
2014/09/29,26.0,26.0,25.4,26.0,41729000.0
2014/10/01,25.95,25.95,25.4,25.4,37890000.0
2014/10/03,25.4,25.65,25.4,25.45,31439000.0
2014/10/07,25.45,25.75,25.3,25.65,30401000.0
2014/10/09,25.65,25.9,25.45,25.5,27161000.0
2014/10/14,25.4,25.85,25.35,25.75,34770000.0
2014/10/16,25.7,25.85,25.2,25.2,63568000.0
2014/10/20,25.3,25.75,25.25,25.75,28688000.0
2014/10/22,25.8,25.9,25.65,25.8,14727000.0
2014/10/24,25.8,25.9,25.5,25.9,20387000.0
2014/10/28,26.0,26.1,25.9,26.0,31265000.0
2014/10/30,26.0,26.2,25.85,26.2,29447000.0
2014/11/03,26.2,26.2,25.95,25.95,31780000.0
2014/11/05,25.95,26.15,25.85,26.1,18315000.0
2014/11/07,26.15,26.2,25.85,26.15,25801000.0
2014/11/11,26.1,26.1,25.6,25.85,20008000.0
2014/11/13,25.9,25.95,25.65,25.85,19048000.0
2014/11/17,25.85,25.9,25.6,25.85,24204000.0
2014/11/19,25.8,26.05,25.65,26.0,42006000.0
2014/11/21,26.0,26.0,25.75,26.0,19742000.0
2014/11/25,26.0,26.15,25.8,26.0,38591000.0
2014/11/27,26.0,26.2,25.9,26.1,32059000.0
2014/12/01,25.7,25.95,25.6,25.9,30026000.0
2014/12/03,26.0,26.2,25.7,26.2,33384000.0
2014/12/05,26.0,26.3,26.0,26.3,27341000.0
2014/12/09,26.2,26.3,25.85,25.85,24205000.0
2014/12/11,25.85,26.1,25.75,25.85,21505000.0
2014/12/15,25.8,26.05,25.7,25.85,29609000.0
2014/12/17,25.8,26.0,25.55,25.85,41600000.0
2014/12/19,25.95,26.25,25.85,26.1,45548000.0
2014/12/23,26.1,26.5,26.05,26.5,45797000.0
2014/12/25,26.5,26.7,26.3,26.65,40070000.0
2014/12/27,26.6,26.8,26.5,26.65,6634748000.0
2014/12/30,26.6,26.8,26.25,26.3,21609000.0
2015/01/05,26.3,26.55,26.05,26.05,39848000.0
2015/01/07,26.25,26.75,26.05,26.55,48440000.0
2015/01/09,26.65,26.7,26.45,26.45,18646000.0
2015/01/13,26.45,26.75,26.4,26.6,36258000.0
2015/01/15,26.5,26.6,26.0,26.1,33693000.0
2015/01/19,26.2,26.6,26.1,26.6,30203000.0
2015/01/21,26.6,26.7,26.45,26.65,26071000.0
2015/01/23,26.65,26.7,26.2,26.55,27197000.0
2015/01/27,26.65,26.7,26.45,26.7,23502000.0
2015/01/29,26.5,26.7,26.4,26.7,28971000.0
2015/02/02,26.7,26.7,26.3,26.35,40715000.0
2015/02/04,26.3,26.55,26.2,26.45,24869000.0
2015/02/06,26.3,26.45,26.05,26.05,24386000.0
2015/02/10,26.2,26.25,26.0,26.2,23158000.0
2015/02/12,26.3,26.5,26.05,26.45,33986000.0
2015/02/24,26.5,26.6,26.2,26.35,40078000.0
2015/02/26,26.25,26.3,25.85,26.0,39303000.0
2015/03/03,26.15,26.15,25.8,26.0,34690000.0
2015/03/05,26.0,26.05,25.8,25.9,30747000.0
2015/03/09,25.9,25.9,25.65,25.65,28000000.0
2015/03/11,25.6,25.7,25.4,25.7,31043000.0
2015/03/13,25.7,25.7,25.25,25.25,40777000.0
2015/03/17,25.35,25.7,25.35,25.6,28497000.0
2015/03/19,25.6,25.75,25.5,25.75,31736000.0
2015/03/23,25.7,25.75,25.5,25.6,18195000.0
2015/03/25,25.6,25.75,25.35,25.75,20460000.0
2015/03/27,25.7,25.75,25.5,25.65,18765000.0
2015/03/31,25.7,26.0,25.55,25.55,28706000.0
2015/04/02,25.6,25.95,25.6,25.75,24278000.0
2015/04/08,25.65,25.9,25.55,25.9,25634000.0
2015/04/10,25.95,25.95,25.65,25.75,17619000.0
2015/04/14,25.7,25.75,25.4,25.4,32214000.0
2015/04/16,25.45,25.8,25.45,25.6,21236000.0
2015/04/20,25.5,25.7,25.45,25.65,18606000.0
2015/04/22,25.7,25.95,25.6,25.8,41788000.0
2015/04/24,25.9,26.2,25.9,26.2,50296000.0
2015/04/28,26.2,26.2,25.95,26.05,37908000.0
2015/04/30,26.0,26.1,25.75,25.75,17771000.0
