1999/03/24,102.0,105.5,102.0,104.5,63672706.0
1999/03/26,106.0,107.5,104.0,104.5,64318273.0
1999/03/30,105.5,106.0,103.0,104.0,39164353.0
1999/04/01,104.0,109.5,103.5,108.5,66472492.0
1999/04/06,107.0,108.5,106.0,108.0,42480701.0
1999/04/08,109.0,118.0,109.0,116.5,148456453.0
1999/04/12,118.0,121.0,117.0,119.0,90782112.0
1999/04/14,118.0,120.0,115.0,117.5,77322472.0
1999/04/16,116.5,118.0,113.0,116.0,77197825.0
1999/04/20,114.0,118.0,113.5,114.0,65338712.0
1999/04/22,115.0,119.5,114.0,117.0,63104811.0
1999/04/26,119.0,121.0,117.0,118.5,71457694.0
1999/04/28,118.5,118.5,109.5,109.5,75400685.0
1999/04/30,107.0,110.5,105.0,107.0,57034458.0
1999/05/04,108.0,111.0,107.0,108.0,49551766.0
1999/05/06,109.5,111.0,105.5,106.0,60056408.0
1999/05/10,104.0,107.5,102.0,106.0,36953892.0
1999/05/12,107.5,109.0,107.0,109.0,47996990.0
1999/05/14,110.0,113.0,109.5,112.0,51455539.0
1999/05/18,112.5,113.0,107.0,108.5,62730526.0
1999/05/20,110.0,117.0,109.0,114.5,84979368.0
1999/05/24,115.0,121.5,112.5,118.5,106221032.0
1999/05/26,116.5,123.0,116.5,119.5,113459817.0
1999/05/28,120.5,121.0,115.5,117.0,73196911.0
1999/06/01,116.5,120.0,115.0,119.0,57287004.0
1999/06/03,122.0,124.5,120.0,123.5,109704186.0
1999/06/07,128.0,140.0,127.0,140.0,134119996.0
1999/06/09,141.0,145.5,138.5,142.5,113636768.0
1999/06/11,142.0,142.0,133.5,138.0,146311000.0
1999/06/15,118.0,122.0,114.0,121.0,194547952.0
1999/06/17,125.0,131.5,124.0,127.0,138170218.0
1999/06/22,127.0,130.0,124.0,125.0,110811510.0
1999/06/24,124.0,130.0,121.0,122.5,127643477.0
1999/06/28,122.5,128.0,121.0,127.0,79718680.0
1999/06/30,125.0,126.5,123.0,124.0,93466130.0
1999/07/05,121.0,125.5,120.0,124.0,72664808.0
1999/07/07,124.0,128.5,123.0,126.5,93841175.0
1999/07/09,126.5,128.0,122.0,123.0,60745273.0
1999/07/13,122.0,123.0,112.0,115.0,100498839.0
1999/07/15,115.0,120.5,109.5,109.5,123489778.0
1999/07/19,116.5,124.0,113.5,122.5,102754998.0
1999/07/21,118.0,122.0,116.0,116.0,64882203.0
1999/07/23,115.0,116.0,113.0,113.5,34781370.0
1999/07/27,112.0,112.5,107.0,111.0,60489817.0
1999/07/29,113.5,113.5,107.0,113.0,41819598.0
1999/08/02,111.0,111.5,101.0,105.5,51536441.0
1999/08/04,105.5,107.5,101.0,103.0,38147130.0
1999/08/06,103.0,109.0,101.5,106.5,39569722.0
1999/08/10,110.0,117.5,108.5,115.5,92675006.0
1999/08/12,117.0,124.5,116.0,124.5,167946782.0
1999/08/16,129.0,132.0,128.0,131.0,158109007.0
1999/08/18,130.0,131.0,126.0,130.0,70203527.0
1999/08/20,130.0,133.0,127.0,130.0,84232975.0
1999/08/24,132.0,134.0,128.0,134.0,109174515.0
1999/08/26,134.5,135.0,130.0,130.0,75092548.0
1999/08/30,130.0,136.5,130.0,135.0,121160719.0
1999/09/01,137.0,142.0,136.5,138.5,140195493.0
1999/09/03,137.0,140.0,134.0,140.0,85454817.0
1999/09/07,140.0,141.0,135.0,138.5,91446668.0
1999/09/09,138.5,143.0,137.0,140.5,83676460.0
1999/09/13,141.0,142.5,138.5,139.5,52616816.0
1999/09/15,138.0,139.0,135.0,138.0,52720073.0
1999/09/17,138.0,140.0,137.0,139.0,42227945.0
1999/09/27,134.5,134.5,130.0,130.0,5454106.0
1999/09/29,126.0,134.5,126.0,133.5,107205894.0
1999/10/01,134.0,135.0,128.5,131.0,38782127.0
1999/10/05,132.5,133.0,130.0,131.5,44550740.0
1999/10/07,133.5,135.5,132.5,135.0,48077420.0
1999/10/11,135.0,142.0,135.0,141.0,64740010.0
1999/10/13,140.0,141.5,138.0,140.5,55363700.0
1999/10/15,141.0,142.0,137.0,137.5,28713420.0
1999/10/19,138.0,139.0,135.0,135.5,27409520.0
1999/10/21,137.5,138.0,134.0,135.0,35778060.0
1999/10/25,135.5,140.0,135.5,138.5,32657370.0
1999/10/27,139.5,141.0,138.0,138.5,25534340.0
1999/10/29,140.5,145.0,139.5,144.0,42110300.0
1999/11/02,143.0,144.0,141.0,141.0,37931020.0
1999/11/04,142.0,142.5,140.5,142.0,31804030.0
1999/11/08,140.5,143.5,139.0,142.5,31130660.0
1999/11/10,142.5,148.5,142.0,148.5,67512720.0
1999/11/15,149.0,156.0,147.5,154.0,66464130.0
1999/11/17,155.0,156.0,151.0,155.0,51705890.0
1999/11/19,156.0,159.0,153.0,157.0,43637600.0
1999/11/23,157.0,159.0,154.0,154.0,53154070.0
1999/11/25,154.0,155.0,142.0,145.5,81429490.0
1999/11/29,148.0,151.0,147.0,148.5,48907510.0
1999/12/01,148.0,151.0,147.0,149.5,27125060.0
1999/12/03,152.0,156.0,151.0,152.0,50994270.0
1999/12/07,151.0,151.0,145.5,145.5,68744800.0
1999/12/09,145.0,148.0,144.0,145.5,47686580.0
1999/12/13,145.0,151.0,145.0,149.5,35965960.0
1999/12/15,148.0,148.5,145.0,145.0,38975230.0
1999/12/17,145.0,151.0,145.0,148.5,22109440.0
1999/12/21,149.0,157.0,149.0,154.0,50955380.0
1999/12/23,155.0,161.0,153.0,160.0,62127820.0
1999/12/27,162.0,171.0,160.0,167.0,87142390.0
2000/01/04,178.0,182.0,175.0,182.0,105574930.0
2000/01/06,181.0,182.0,170.0,173.0,75762420.0
2000/01/10,178.0,183.0,175.0,176.0,96964820.0
2000/01/12,177.0,181.0,176.0,178.0,63670590.0
2000/01/14,180.0,190.0,179.0,187.0,77645880.0
2000/01/18,187.0,187.0,183.0,184.0,46649000.0
2000/01/20,184.0,186.0,181.0,186.0,41863060.0
2000/01/24,188.0,193.0,187.0,193.0,69808990.0
2000/01/26,199.0,211.0,199.0,208.0,113045700.0
2000/01/28,201.0,204.0,197.0,203.0,64060310.0
2000/02/01,205.0,214.0,201.0,211.0,71009260.0
2000/02/10,209.0,222.0,207.0,219.0,68717260.0
2000/02/14,218.0,218.0,212.0,215.0,42957260.0
2000/02/16,215.0,216.0,210.0,211.0,34265570.0
2000/02/18,212.0,214.0,195.0,195.0,48261410.0
2000/02/22,192.0,198.0,190.0,194.0,42367300.0
2000/02/24,195.0,200.0,194.0,199.0,43615660.0
2000/02/29,200.0,206.0,200.0,206.0,33128060.0
2000/03/02,207.0,208.0,202.0,203.0,22208880.0
2000/03/06,204.0,205.0,197.0,199.0,27315850.0
2000/03/08,198.0,200.0,196.0,200.0,23931640.0
2000/03/10,201.0,202.0,182.0,182.0,58142650.0
2000/03/14,182.0,188.0,180.0,183.0,52457860.0
2000/03/16,179.0,190.0,172.0,190.0,87726810.0
2000/03/20,184.0,196.0,178.0,195.0,82066177.0
2000/03/22,192.0,203.0,189.0,201.0,92323360.0
2000/03/24,201.0,211.0,196.0,211.0,78310590.0
2000/03/28,212.0,214.0,204.0,204.0,50318240.0
2000/03/30,204.0,212.0,204.0,205.0,62113730.0
2000/04/05,201.0,211.0,201.0,202.0,57465970.0
2000/04/07,204.0,213.0,200.0,210.0,54636740.0
2000/04/11,208.0,208.0,200.0,200.0,43093350.0
2000/04/13,190.0,194.0,185.0,186.0,85431980.0
2000/04/17,176.0,189.0,175.0,189.0,74496400.0
2000/04/19,194.0,194.0,180.0,186.0,42138490.0
2000/04/21,187.0,189.0,180.0,180.0,26440100.0
2000/04/25,180.0,192.0,180.0,185.0,61377820.0
2000/04/27,189.0,199.0,185.0,197.0,60108160.0
2000/05/02,196.0,196.0,188.0,188.0,28008030.0
2000/05/04,188.0,194.0,184.0,192.0,38945610.0
2000/05/08,190.0,194.0,190.0,193.0,27565700.0
2000/05/10,194.0,194.0,177.0,179.0,45345520.0
2000/05/12,182.0,185.0,140.5,141.0,75940000.0
2000/05/16,144.5,159.0,142.0,159.0,77620300.0
2000/05/18,158.0,163.0,156.0,162.0,59602790.0
2000/05/22,160.0,161.0,152.0,153.0,53101600.0
2000/05/24,147.0,150.0,144.0,145.5,52355920.0
2000/05/26,144.0,148.0,143.0,145.5,35026570.0
2000/05/30,147.0,158.0,146.5,157.0,69268580.0
2000/06/01,156.0,159.0,152.0,155.0,44839540.0
2000/06/05,157.0,161.0,155.0,161.0,40479320.0
2000/06/08,161.0,162.0,156.0,158.0,33230470.0
2000/06/12,160.0,160.0,155.0,155.0,33106110.0
2000/06/14,158.0,158.0,150.0,150.0,38307300.0
2000/06/16,150.0,151.0,146.5,148.0,38244940.0
2000/06/20,151.0,151.0,147.0,147.0,23925840.0
2000/06/22,146.0,149.5,146.0,146.0,32557180.0
2000/06/26,144.5,145.0,140.5,141.5,42807940.0
2000/06/28,142.5,146.0,142.0,142.5,40902990.0
2000/06/30,143.0,146.0,140.5,143.5,52332790.0
2000/07/04,143.5,150.0,140.0,149.0,55386170.0
2000/07/06,145.0,147.5,142.0,142.0,45323320.0
2000/07/10,142.5,145.5,140.0,144.0,33762870.0
2000/07/12,144.0,147.0,142.5,145.0,31809530.0
2000/07/14,145.0,147.0,143.0,143.5,32605310.0
2000/07/18,143.5,143.5,140.5,142.0,20802622.0
2000/07/20,141.0,141.0,128.0,130.0,79539430.0
2000/07/24,128.5,129.0,124.0,125.5,58629140.0
2000/07/26,127.0,130.5,125.0,129.0,57066360.0
2000/07/28,125.0,129.5,125.0,127.0,44869580.0
2000/08/01,128.5,129.5,125.0,125.0,27053620.0
2000/08/03,125.0,128.5,121.0,125.5,37593600.0
2000/08/07,126.0,126.0,122.0,125.5,50486340.0
2000/08/09,126.5,133.0,126.5,133.0,57288790.0
2000/08/11,132.0,133.0,129.0,130.0,28227590.0
2000/08/15,132.0,135.0,129.5,135.0,37639030.0
2000/08/17,137.0,140.5,136.0,139.5,51753210.0
2000/08/21,138.5,139.0,135.5,137.0,27904840.0
2000/08/24,138.0,140.5,138.0,140.5,44433360.0
2000/08/28,139.5,139.5,134.0,137.0,32315780.0
2000/08/30,136.0,138.0,133.0,134.5,32997200.0
2000/09/04,133.0,134.5,131.5,134.0,23374310.0
2000/09/06,132.0,132.5,125.0,125.5,35714070.0
2000/09/08,125.5,126.5,123.5,124.0,32322150.0
2000/09/13,122.0,125.0,118.5,120.0,50903130.0
2000/09/18,120.0,122.0,113.0,113.0,66265240.0
2000/09/20,115.5,116.5,111.5,114.5,54152670.0
2000/09/22,106.5,108.5,104.5,106.5,63584540.0
2000/09/26,106.5,116.0,106.0,111.0,96540420.0
2000/09/28,111.0,112.5,98.5,98.5,70415700.0
2000/10/03,97.0,105.0,96.5,99.5,80026610.0
2000/10/05,98.0,110.5,98.0,107.5,76527350.0
2000/10/11,104.0,104.0,97.0,97.0,60994801.0
2000/10/13,90.5,102.5,90.5,91.5,105551910.0
2000/10/17,90.0,95.0,87.5,87.5,100531670.0
2000/10/19,83.0,99.5,81.5,99.5,169949140.0
2000/10/24,99.5,109.0,98.0,107.5,141479410.0
2000/10/26,104.0,109.5,102.0,102.0,96199970.0
2000/10/30,98.5,99.0,95.5,98.0,80420240.0
2000/11/01,101.0,103.5,96.5,103.5,105826260.0
2000/11/03,108.0,110.5,104.5,109.0,140316590.0
2000/11/07,114.0,122.5,112.0,117.0,139957070.0
2000/11/09,115.0,115.0,111.0,114.0,97779700.0
2000/11/13,106.5,109.0,105.5,106.5,72079280.0
2000/11/15,110.0,110.5,100.0,100.0,81369690.0
2000/11/17,93.0,100.0,88.0,88.0,77789230.0
2000/11/21,87.0,97.0,87.0,91.0,91261510.0
2000/11/23,88.5,95.0,88.0,95.0,72657900.0
2000/11/27,98.0,98.0,92.5,92.5,49131770.0
2000/11/29,90.5,92.0,88.5,89.5,55884800.0
2000/12/01,87.0,91.5,87.0,88.0,43170570.0
2000/12/05,87.0,94.0,87.0,89.0,59209280.0
2000/12/07,89.0,91.5,88.5,90.0,50035530.0
2000/12/11,91.0,93.0,89.5,92.5,62242620.0
2000/12/13,92.5,93.0,89.5,90.5,24866900.0
2000/12/15,88.5,89.0,84.5,84.5,30339080.0
2000/12/19,83.0,84.0,81.5,81.5,53856600.0
2000/12/21,79.0,81.0,76.5,78.0,52448590.0
2000/12/26,79.5,80.0,74.5,75.0,35168000.0
2000/12/28,77.0,81.5,75.5,79.5,71738330.0
2001/01/02,78.0,83.5,77.5,80.5,63209660.0
2001/01/04,85.5,90.5,83.5,90.5,124680290.0
2001/01/08,89.5,93.5,88.0,93.0,100204280.0
2001/01/10,94.0,95.5,92.0,92.5,69571250.0
2001/01/12,93.0,94.5,92.5,94.5,52936720.0
2001/01/16,94.0,103.0,94.0,101.0,139331550.0
2001/01/18,103.0,103.5,97.0,97.0,113400870.0
2001/01/30,97.0,105.5,96.0,105.5,94536180.0
2001/02/01,104.0,105.5,100.5,100.5,78674300.0
2001/02/05,99.0,100.5,97.5,98.0,71757520.0
2001/02/07,91.5,94.0,88.5,90.5,94975930.0
2001/02/09,91.5,93.0,89.5,92.0,55736460.0
2001/02/13,93.5,99.0,93.0,94.0,51318700.0
2001/02/15,96.5,101.0,96.0,98.0,90819020.0
2001/02/19,94.0,98.0,94.0,96.0,24446630.0
2001/02/21,94.0,98.0,93.0,93.5,43180210.0
2001/02/23,91.0,93.0,89.0,89.0,52712590.0
2001/02/27,90.0,91.0,84.0,84.0,73470960.0
2001/03/02,84.5,85.0,83.0,84.5,52741310.0
2001/03/06,88.0,93.0,86.5,92.0,75035590.0
2001/03/08,92.0,92.0,87.5,88.0,31512830.0
2001/03/12,85.0,87.0,84.0,87.0,46923480.0
2001/03/14,88.0,89.5,85.5,88.0,39685650.0
2001/03/16,87.5,89.0,86.5,87.0,28645664.0
2001/03/20,87.0,88.0,84.5,85.0,28508880.0
2001/03/22,85.0,90.5,85.0,90.5,84661380.0
2001/03/26,91.0,91.5,89.5,89.5,55789960.0
2001/03/28,89.5,90.0,88.0,88.0,32046780.0
2001/03/30,89.0,89.0,85.0,85.0,30206570.0
2001/04/03,83.0,83.0,79.0,79.5,69717660.0
2001/04/06,85.0,85.0,79.0,80.0,38249010.0
2001/04/10,80.0,83.0,78.5,83.0,36705420.0
2001/04/12,85.0,87.5,84.5,85.0,66598770.0
2001/04/16,84.5,85.0,82.5,83.5,17771596.0
2001/04/18,85.0,90.5,84.0,90.5,104278020.0
2001/04/20,91.0,91.5,89.0,90.0,52639120.0
2001/04/24,88.5,89.0,86.0,86.5,27393910.0
2001/04/26,87.5,90.0,86.5,87.0,30862180.0
2001/04/30,89.0,97.0,88.5,96.0,152101890.0
2001/05/03,95.5,96.5,93.0,93.0,61541070.0
2001/05/07,93.5,97.0,93.0,94.5,61460290.0
2001/05/09,95.0,96.0,92.0,92.5,36041550.0
2001/05/11,92.5,94.0,92.0,92.5,29812450.0
2001/05/15,90.0,90.5,87.5,88.0,41606800.0
2001/05/17,88.5,91.5,87.5,90.5,41001030.0
2001/05/21,90.0,91.0,87.5,90.0,33403820.0
2001/05/23,90.5,94.5,90.5,94.0,38617730.0
2001/05/25,94.0,95.0,93.0,93.0,24478878.0
2001/05/29,93.0,94.0,90.0,90.0,28731660.0
2001/05/31,89.0,91.0,88.5,89.0,27280270.0
2001/06/04,89.0,91.0,88.5,91.0,19343182.0
2001/06/06,92.5,94.0,92.0,93.0,38728480.0
2001/06/08,96.0,99.0,96.0,99.0,67313250.0
2001/06/12,98.0,98.5,94.0,94.0,34469940.0
2001/06/14,94.0,94.0,91.0,93.5,25355951.0
2001/06/18,93.0,93.5,90.0,90.5,63678580.0
2001/06/20,90.0,90.5,86.0,86.0,41008670.0
2001/06/22,86.0,87.0,61.0,61.0,88406000.0
2001/06/27,62.5,64.0,61.0,61.5,58907670.0
2001/06/29,63.0,67.0,62.5,67.0,65344960.0
2001/07/03,67.0,68.0,65.0,65.5,32004680.0
2001/07/05,65.0,66.0,63.0,63.0,31832044.0
2001/07/09,62.0,62.5,61.0,61.5,62218330.0
2001/07/11,62.0,63.5,61.5,63.5,44588480.0
2001/07/13,65.0,65.5,62.0,63.0,76188590.0
2001/07/17,62.0,63.0,61.0,62.0,44633200.0
2001/07/19,61.0,62.0,59.5,60.5,56655600.0
2001/07/23,60.0,60.5,56.0,57.5,64181830.0
2001/07/25,58.0,61.0,57.5,60.5,53406170.0
2001/07/27,63.5,66.0,63.0,66.0,145766540.0
2001/08/01,68.5,71.0,67.0,70.5,133231840.0
2001/08/03,70.5,70.5,67.5,68.0,65023360.0
2001/08/07,66.5,67.5,65.5,67.5,44776270.0
2001/08/09,65.0,68.5,65.0,68.5,45200980.0
2001/08/13,68.0,69.0,67.0,69.0,29853320.0
2001/08/15,69.0,69.5,67.5,68.0,33739910.0
2001/08/17,68.0,68.5,65.0,66.0,43929280.0
2001/08/21,65.0,66.5,62.0,62.0,89838420.0
2001/08/23,60.0,62.5,60.0,60.5,113715510.0
2001/08/27,60.5,64.5,60.5,63.0,151745180.0
2001/08/29,63.0,64.5,62.5,63.0,84325570.0
2001/08/31,62.5,64.5,62.0,64.0,50019970.0
2001/09/04,64.0,66.0,63.5,65.5,54609610.0
2001/09/06,64.0,64.5,62.5,63.0,41634210.0
2001/09/10,62.5,64.5,62.5,63.0,32380310.0
2001/09/13,59.0,59.0,55.0,55.5,77138880.0
2001/09/19,54.0,54.0,52.5,52.5,7128446.0
2001/09/21,51.0,51.0,47.5,47.5,56582873.0
2001/09/25,49.2,49.3,44.1,48.5,179469050.0
2001/09/27,48.0,48.0,45.3,46.7,89837940.0
2001/10/02,46.6,46.6,43.6,44.1,65850600.0
2001/10/04,47.1,47.4,44.2,46.8,111277000.0
2001/10/08,45.5,49.2,45.5,49.2,69091870.0
2001/10/11,51.5,56.0,51.0,55.0,122041130.0
2001/10/15,53.5,55.5,53.0,55.5,49469630.0
2001/10/17,58.0,59.5,57.0,59.5,120931140.0
2001/10/19,58.5,59.0,57.0,58.0,79083610.0
2001/10/23,59.5,61.5,57.5,61.5,108286670.0
2001/10/25,63.0,64.0,61.5,63.0,91902940.0
2001/10/29,66.5,67.0,62.5,62.5,147943350.0
2001/10/31,60.0,62.5,60.0,61.0,87054650.0
2001/11/02,63.0,65.0,62.0,65.0,101460600.0
2001/11/06,67.0,67.5,65.5,67.0,99367100.0
2001/11/08,68.0,69.5,67.0,68.0,106664970.0
2001/11/12,68.0,69.0,67.0,67.5,51758550.0
2001/11/14,70.0,74.5,70.0,74.5,165936790.0
2001/11/16,74.5,79.5,73.5,79.5,142921470.0
2001/11/20,78.0,78.5,72.0,75.5,125125160.0
2001/11/22,75.0,75.0,72.0,73.5,82029570.0
2001/11/26,73.5,79.0,73.0,75.5,176818460.0
2001/11/28,76.0,78.0,72.0,73.0,90372810.0
2001/11/30,75.0,77.5,73.0,77.5,121740180.0
2001/12/04,76.5,83.5,75.5,83.5,165030990.0
2001/12/06,89.0,89.0,86.0,88.5,175528680.0
2001/12/10,86.5,87.0,81.5,85.5,114334910.0
2001/12/12,86.0,90.0,84.0,84.0,125492430.0
2001/12/14,82.5,84.0,80.5,81.0,76506450.0
2001/12/18,84.0,86.5,82.0,85.5,104386010.0
2001/12/20,83.0,86.0,80.0,80.0,150125150.0
2001/12/24,78.5,84.0,78.5,83.5,70746880.0
2001/12/26,83.5,85.0,82.0,82.0,70225470.0
2001/12/28,83.5,89.0,82.5,87.5,130939370.0
2002/01/02,87.5,88.0,84.5,85.5,76700130.0
2002/01/04,88.5,93.0,88.0,92.5,171380800.0
2002/01/08,92.0,93.0,90.0,91.5,78038570.0
2002/01/10,91.5,92.0,87.5,87.5,68141930.0
2002/01/14,86.5,88.5,86.0,87.5,47416610.0
2002/01/16,87.5,88.0,82.5,84.5,77015870.0
2002/01/18,85.0,90.5,84.5,90.5,96273955.0
2002/01/22,91.0,93.0,87.5,88.5,139909455.0
2002/01/24,90.0,92.5,87.5,92.0,125030980.0
2002/01/28,92.0,92.5,89.0,89.0,82711246.0
2002/01/30,87.0,88.0,85.5,87.5,107496245.0
2002/02/01,87.0,87.0,84.5,86.0,85612210.0
2002/02/05,84.5,87.5,84.5,86.5,64034599.0
2002/02/18,88.5,89.0,85.0,85.5,72713416.0
2002/02/20,84.0,84.0,81.0,82.5,66531540.0
2002/02/22,80.0,83.0,80.0,81.0,44202140.0
2002/02/26,82.0,82.5,80.0,82.0,77551982.0
2002/03/01,81.0,86.5,81.0,86.5,97314477.0
2002/03/05,92.0,94.5,89.0,94.5,201603172.0
2002/03/07,95.0,95.0,91.0,91.5,115098606.0
2002/03/11,93.5,97.5,93.5,95.0,125779992.0
2002/03/13,95.0,96.0,91.5,93.0,65750716.0
2002/03/15,91.0,92.0,89.0,91.5,74457889.0
2002/03/19,92.0,96.0,90.0,96.0,76812129.0
2002/03/21,92.5,96.0,92.5,95.0,65982304.0
2002/03/25,95.0,96.5,93.5,94.5,47479781.0
2002/03/27,95.5,95.5,92.5,95.0,65576136.0
2002/03/29,97.0,97.5,95.5,95.5,63967101.0
2002/04/02,96.5,97.5,94.5,95.0,58246991.0
2002/04/04,94.0,95.0,91.0,91.5,72894428.0
2002/04/09,92.0,92.0,90.0,90.5,65266628.0
2002/04/11,90.0,92.0,88.5,92.0,75670602.0
2002/04/15,92.0,93.0,91.0,92.5,43942128.0
2002/04/17,95.5,97.0,95.0,95.5,91589563.0
2002/04/19,95.0,95.0,93.0,93.0,37681350.0
2002/04/23,92.0,95.5,92.0,95.0,38811755.0
2002/04/25,93.0,93.5,91.0,92.0,59491173.0
2002/04/29,90.0,90.0,87.0,87.5,121198465.0
2002/05/02,87.5,88.0,83.0,85.0,75444005.0
2002/05/06,82.0,82.5,80.0,82.0,83265844.0
2002/05/08,82.5,87.5,82.5,85.0,87335037.0
2002/05/10,84.0,87.0,83.5,85.0,40035977.0
2002/05/14,86.0,90.5,86.0,90.0,65032626.0
2002/05/16,89.0,89.5,88.0,89.5,38284621.0
2002/05/20,88.5,89.0,86.0,86.5,45581787.0
2002/05/22,86.5,89.0,86.5,87.0,54964076.0
2002/05/24,86.5,88.0,86.0,86.5,35793985.0
2002/05/28,87.0,87.5,84.0,85.5,53002705.0
2002/05/30,84.0,86.5,84.0,85.5,78913645.0
2002/06/03,84.0,85.0,81.0,81.5,74882472.0
2002/06/05,81.5,82.5,80.0,80.5,84430473.0
2002/06/07,75.0,76.5,74.0,75.0,178271221.0
2002/06/11,76.0,76.0,71.5,72.0,78034200.0
2002/06/13,74.5,76.0,73.5,75.5,79790252.0
2002/06/17,75.5,76.0,74.0,75.5,108310000.0
2002/06/19,69.5,70.5,66.0,68.5,99853793.0
2002/06/21,67.5,70.5,67.0,68.5,86101331.0
2002/06/25,69.5,71.0,66.5,66.5,97971152.0
2002/06/27,67.0,68.5,66.0,68.0,72162580.0
2002/07/01,68.0,68.0,64.0,66.0,45338280.0
2002/07/03,64.0,65.0,61.5,64.5,109445058.0
2002/07/05,64.5,71.5,63.5,71.0,131348332.0
2002/07/09,70.5,71.5,69.0,70.0,67678636.0
2002/07/11,68.5,71.0,67.0,71.0,81193390.0
2002/07/15,71.0,71.0,68.5,69.0,48399697.0
2002/07/17,68.0,68.5,64.0,64.5,125387202.0
2002/07/19,62.0,62.0,59.0,60.5,164033844.0
2002/07/23,59.5,62.0,58.5,58.5,134000478.0
2002/07/25,60.5,61.0,54.0,54.0,108464244.0
2002/07/29,50.5,52.5,50.5,52.0,304843271.0
2002/07/31,51.5,51.5,50.0,50.0,92439307.0
2002/08/02,49.0,49.9,46.5,46.5,136609599.0
2002/08/06,43.7,49.3,43.7,49.3,142604784.0
2002/08/08,49.5,51.0,48.4,51.0,96811978.0
2002/08/12,51.0,51.0,49.8,50.0,52910548.0
2002/08/14,50.0,54.0,50.0,53.0,106936314.0
2002/08/16,54.0,54.5,53.0,53.5,67926751.0
2002/08/20,54.0,55.5,52.5,53.0,95456806.0
2002/08/22,53.5,55.0,53.0,54.0,105397838.0
2002/08/26,53.0,53.0,51.0,51.0,65265447.0
2002/08/28,50.0,51.0,49.4,50.0,77058062.0
2002/08/30,50.5,50.5,48.7,48.7,52550976.0
2002/09/03,48.7,49.2,47.5,47.9,60465454.0
2002/09/05,48.5,48.7,47.5,48.5,54894428.0
2002/09/10,48.5,51.0,48.3,50.5,61587400.0
2002/09/12,50.5,50.5,48.0,48.1,48225609.0
2002/09/16,47.6,49.0,46.8,49.0,75037496.0
2002/09/18,46.5,46.9,45.0,45.6,126805439.0
2002/09/20,44.5,44.6,42.0,42.1,137714749.0
2002/09/24,41.5,42.9,41.0,42.0,125766849.0
2002/09/26,43.6,43.7,42.0,42.0,97702715.0
2002/09/30,41.1,41.4,40.0,40.1,99958605.0
2002/10/02,41.1,41.5,37.7,37.7,126434559.0
2002/10/04,36.8,38.6,36.0,36.0,114309258.0
2002/10/08,35.0,37.6,34.9,36.0,217538724.0
2002/10/11,37.0,38.0,35.5,38.0,194594795.0
2002/10/15,39.5,43.4,39.2,43.4,211223269.0
2002/10/17,42.9,46.5,42.6,46.5,209488033.0
2002/10/21,46.2,46.2,42.6,43.5,157198401.0
2002/10/23,42.5,45.8,41.7,45.0,225316635.0
2002/10/25,45.0,47.6,44.6,46.6,174739272.0
2002/10/29,46.6,46.9,44.6,45.5,90583219.0
2002/10/31,46.4,46.9,45.0,45.0,87565102.0
2002/11/04,46.5,48.7,46.4,47.7,144645309.0
2002/11/06,47.7,52.5,47.2,51.5,242504540.0
2002/11/08,50.0,51.0,47.6,47.7,135878410.0
2002/11/12,45.5,47.0,45.5,46.8,114186768.0
2002/11/14,46.8,49.3,46.4,48.4,110530028.0
2002/11/18,48.4,49.0,47.6,47.6,60090565.0
2002/11/20,46.6,47.5,45.9,46.9,96042688.0
2002/11/22,49.6,52.0,49.2,52.0,225506937.0
2002/11/26,51.5,52.0,49.1,50.0,103628037.0
2002/11/28,51.5,51.5,50.0,50.5,89162570.0
2002/12/02,51.0,54.0,50.5,53.5,117910184.0
2002/12/04,52.5,53.0,51.0,52.5,82660566.0
2002/12/06,51.5,53.0,51.5,52.0,68799580.0
2002/12/10,50.5,50.5,49.8,50.0,122122998.0
2002/12/12,50.0,50.5,48.2,48.7,84926221.0
2002/12/16,47.8,49.0,47.3,47.8,70835554.0
2002/12/18,47.8,48.3,45.0,45.9,104602850.0
2002/12/20,45.9,46.8,43.9,44.5,102793338.0
2002/12/24,44.3,45.2,44.0,44.7,34254242.0
2002/12/26,45.0,46.1,44.4,45.5,34901965.0
2002/12/30,45.0,45.0,42.5,42.6,51304458.0
2003/01/02,43.0,45.0,42.4,44.8,56116662.0
2003/01/06,44.8,46.9,44.4,45.4,75380686.0
2003/01/08,45.5,47.4,45.4,46.0,79138693.0
2003/01/10,47.2,50.5,46.9,50.5,132169096.0
2003/01/14,51.0,51.0,49.6,50.5,124698364.0
2003/01/16,50.5,50.5,47.5,48.8,93407805.0
2003/01/20,47.6,48.5,47.0,47.6,80521957.0
2003/01/22,47.6,51.0,46.9,50.5,94819483.0
2003/01/24,51.0,51.5,48.1,48.9,86918918.0
2003/01/28,46.2,48.4,44.4,44.4,103975348.0
2003/02/07,41.3,42.7,40.5,40.7,165180230.0
2003/02/11,41.3,42.0,40.1,40.4,89031014.0
2003/02/13,40.4,41.3,40.2,41.0,88668717.0
2003/02/17,43.8,43.8,42.8,42.9,81492146.0
2003/02/19,43.9,44.2,42.8,44.1,95359415.0
2003/02/21,45.0,45.9,44.5,45.3,96455808.0
2003/02/25,45.0,45.0,42.7,42.8,76501148.0
2003/02/27,42.1,44.3,41.5,44.0,63999271.0
2003/03/04,43.2,43.4,41.5,41.6,63336631.0
2003/03/06,41.6,42.6,41.0,41.6,59241585.0
2003/03/10,42.3,43.3,42.0,42.5,68143207.0
2003/03/12,42.6,44.4,42.5,44.1,68347743.0
2003/03/14,46.8,46.8,44.0,44.0,143648942.0
2003/03/18,46.4,48.2,46.0,47.9,181419187.0
2003/03/20,49.0,49.7,47.9,48.5,135473601.0
2003/03/24,48.9,49.0,46.3,46.6,82864391.0
2003/03/26,47.2,47.6,44.0,44.9,149071809.0
2003/03/28,44.7,45.0,42.1,42.3,109471791.0
2003/04/01,41.5,43.2,41.4,42.8,88875790.0
2003/04/03,44.5,45.4,43.6,45.2,107638779.0
2003/04/07,45.3,46.5,44.9,45.7,97418365.0
2003/04/09,45.1,45.3,44.3,44.5,66766734.0
2003/04/11,44.6,45.3,43.6,43.6,43165952.0
2003/04/15,44.4,47.0,43.9,46.9,115556134.0
2003/04/17,46.9,47.9,45.8,47.5,131454379.0
2003/04/21,47.5,48.3,46.8,47.0,92398449.0
2003/04/23,47.9,48.4,46.8,47.3,152866889.0
2003/04/25,46.0,46.9,43.0,44.0,124719744.0
2003/04/29,44.9,48.2,44.4,47.8,243544524.0
2003/05/02,47.7,49.0,47.7,48.5,118926014.0
2003/05/06,48.5,48.9,47.3,47.7,89775141.0
2003/05/08,47.5,47.8,46.7,47.5,61153162.0
2003/05/12,48.2,49.8,48.0,49.2,105921159.0
2003/05/14,49.0,49.5,48.8,49.5,75308712.0
2003/05/16,49.8,50.0,48.2,48.9,78930452.0
2003/05/20,47.8,48.3,47.6,48.0,80389288.0
2003/05/22,47.7,49.3,47.4,49.1,99831058.0
2003/05/26,49.5,49.9,49.3,49.3,67630326.0
2003/05/28,50.5,52.0,50.5,52.0,171471243.0
2003/05/30,52.0,57.0,52.0,56.5,198790911.0
2003/06/03,56.0,58.5,55.5,57.5,144702810.0
2003/06/06,58.0,60.0,57.5,59.0,134493201.0
2003/06/10,58.0,58.5,56.5,56.5,77541766.0
2003/06/12,56.5,60.0,56.0,57.0,138366581.0
2003/06/16,56.0,58.5,56.0,58.0,103897133.0
2003/06/18,59.0,59.5,58.5,59.0,101023670.0
2003/06/20,59.0,59.5,57.5,57.5,59831501.0
2003/06/24,56.5,58.0,56.0,57.0,74065688.0
2003/06/26,57.0,58.0,56.5,57.0,53467655.0
2003/06/30,56.5,58.5,56.5,58.5,60487158.0
2003/07/02,59.0,63.0,58.5,61.0,97206191.0
2003/07/04,61.5,62.0,58.5,61.0,120631000.0
2003/07/08,62.0,62.5,59.5,60.5,124459947.0
2003/07/10,60.5,60.5,56.0,57.5,85416284.0
2003/07/14,58.0,60.5,58.0,59.5,80457655.0
2003/07/16,59.5,60.0,58.0,58.0,69241659.0
2003/07/18,57.0,59.0,57.0,57.0,61570477.0
2003/07/22,56.0,58.5,56.0,57.5,87407801.0
2003/07/24,58.0,58.5,57.0,57.0,101500510.0
2003/07/28,58.0,58.5,57.0,57.0,49162025.0
2003/07/30,57.0,59.0,56.0,59.0,123232701.0
2003/08/01,59.5,60.5,59.0,60.0,106273256.0
2003/08/05,60.0,60.5,58.0,58.5,66876398.0
2003/08/07,58.5,60.0,58.0,58.0,72132519.0
2003/08/11,57.0,58.0,56.0,57.0,58008880.0
2003/08/13,58.0,60.5,58.0,59.5,98538934.0
2003/08/15,60.0,61.5,60.0,61.5,98088778.0
2003/08/19,63.0,63.5,62.0,63.0,113533095.0
2003/08/21,63.0,64.5,62.5,64.0,79297924.0
2003/08/25,64.0,64.5,62.5,63.0,74927456.0
2003/08/27,63.0,66.5,63.0,65.5,132350310.0
2003/08/29,65.5,68.0,65.0,67.5,90317086.0
2003/09/02,67.0,67.5,66.0,66.5,52180774.0
2003/09/04,66.5,69.0,66.0,68.0,60290985.0
2003/09/08,68.5,72.5,68.0,70.5,109400679.0
2003/09/10,70.0,70.5,68.0,68.0,83104927.0
2003/09/15,68.0,68.5,66.0,68.5,77955822.0
2003/09/17,69.5,72.0,69.5,70.5,115432466.0
2003/09/19,70.5,71.0,67.5,67.5,61853158.0
2003/09/23,67.0,68.0,66.5,68.0,58819608.0
2003/09/25,66.5,67.0,65.5,66.0,69572676.0
2003/09/29,66.0,67.5,65.5,66.5,51154187.0
2003/10/01,66.5,68.5,66.0,68.5,47448445.0
2003/10/03,69.0,71.5,68.0,71.0,85366180.0
2003/10/07,71.0,71.0,69.0,69.5,72449113.0
2003/10/09,68.5,70.5,68.0,70.0,75674703.0
2003/10/14,70.5,71.0,68.0,68.0,80887107.0
2003/10/16,68.0,70.0,67.5,68.0,52801597.0
2003/10/20,67.5,68.5,66.0,67.0,131061126.0
2003/10/22,65.5,66.5,64.5,64.5,78248818.0
2003/10/24,64.5,66.0,64.5,65.5,57727336.0
2003/10/28,66.0,71.0,65.5,69.5,113635067.0
2003/10/30,69.5,69.5,67.0,67.0,60782619.0
2003/11/03,67.0,69.0,67.0,68.5,52707747.0
2003/11/05,68.5,70.0,67.5,69.0,82333920.0
2003/11/07,69.5,69.5,67.5,68.0,54584585.0
2003/11/11,66.0,67.0,65.0,66.5,131851140.0
2003/11/13,67.5,68.0,67.0,67.5,47874160.0
2003/11/17,67.0,67.0,65.5,67.0,58012608.0
2003/11/19,66.0,66.5,64.5,65.5,67370798.0
2003/11/21,65.0,65.5,64.0,64.0,72131302.0
2003/11/25,65.5,66.0,64.5,65.0,45883161.0
2003/11/27,64.5,65.0,63.0,63.5,63862615.0
2003/12/01,63.0,66.0,62.5,66.0,53675582.0
2003/12/03,66.5,67.0,66.0,67.0,56281063.0
2003/12/05,66.5,66.5,63.5,63.5,56285084.0
2003/12/09,64.0,64.5,61.0,62.0,129104876.0
2003/12/11,61.5,63.5,61.5,62.0,104886897.0
2003/12/15,62.5,63.0,61.0,61.0,78640987.0
2003/12/17,61.0,61.0,58.5,60.0,116155910.0
2003/12/19,61.5,62.0,60.0,61.5,63927064.0
2003/12/23,61.5,62.5,61.0,61.5,44778420.0
2003/12/25,61.5,62.5,61.0,62.0,16095959.0
2003/12/29,62.0,63.5,61.5,63.0,83774575.0
2003/12/31,63.0,65.5,62.5,65.5,69752859.0
2004/01/05,65.5,66.5,65.0,66.0,60617692.0
2004/01/07,66.0,66.5,65.0,65.5,68597894.0
2004/01/09,67.0,68.0,66.5,67.5,76979328.0
2004/01/13,68.0,68.0,66.5,67.0,51924743.0
2004/01/15,67.5,67.5,66.0,66.5,55667486.0
2004/01/27,68.0,68.5,67.0,67.5,90155388.0
2004/01/29,66.5,68.0,65.5,66.0,102677798.0
2004/02/02,66.0,66.5,63.0,63.5,80618948.0
2004/02/04,63.5,63.5,62.0,62.5,67959254.0
2004/02/06,63.0,65.5,63.0,65.0,59675498.0
2004/02/10,65.0,65.5,63.5,64.0,45423322.0
2004/02/12,64.0,65.0,63.5,64.0,76948996.0
2004/02/16,64.0,64.0,62.5,62.5,75388034.0
2004/02/18,63.5,64.0,63.0,63.5,93050076.0
2004/02/20,63.5,64.0,62.0,62.5,100460848.0
2004/02/24,62.0,62.5,61.5,61.5,82871133.0
2004/02/26,62.5,63.5,62.0,63.5,80739812.0
2004/03/01,63.5,67.0,63.0,67.0,151421967.0
2004/03/03,67.0,67.5,65.5,67.0,132834244.0
2004/03/05,68.0,68.5,66.0,66.0,126465758.0
2004/03/09,65.0,66.0,63.0,63.0,124292580.0
2004/03/11,62.0,64.0,62.0,62.0,133507959.0
2004/03/15,63.0,63.5,60.0,60.5,106544378.0
2004/03/17,61.0,62.5,60.0,62.0,177760153.0
2004/03/19,62.0,63.0,59.0,59.0,47743148.0
2004/03/23,55.0,58.5,55.0,58.0,389462611.0
2004/03/25,59.0,59.5,57.5,58.5,120149724.0
2004/03/29,60.0,61.5,59.5,60.0,89650691.0
2004/03/31,60.5,61.0,59.0,59.5,71460929.0
2004/04/02,59.5,62.0,58.5,62.0,93944816.0
2004/04/06,62.5,62.5,61.0,61.5,62919790.0
2004/04/08,61.0,61.5,60.0,60.0,46561434.0
2004/04/12,60.5,62.0,60.0,60.5,60524183.0
2004/04/14,60.5,63.5,60.0,61.0,105469517.0
2004/04/16,60.5,61.5,59.5,59.5,110558767.0
2004/04/20,60.0,61.5,60.0,61.5,80633917.0
2004/04/22,62.5,64.0,61.0,64.0,214960825.0
2004/04/26,64.0,64.5,62.0,63.5,100562359.0
2004/04/28,63.0,63.5,59.5,60.5,116721191.0
2004/04/30,60.0,60.0,56.5,58.0,119713725.0
2004/05/04,59.0,59.5,55.0,55.0,103276184.0
2004/05/06,56.0,57.0,55.0,57.0,137198530.0
2004/05/10,56.0,57.5,53.5,57.5,103703717.0
2004/05/12,58.0,58.5,55.0,57.0,97481303.0
2004/05/14,56.5,57.0,51.5,51.5,121257686.0
2004/05/18,52.0,55.5,51.5,55.5,101584861.0
2004/05/20,54.0,56.0,53.0,55.0,120744706.0
2004/05/24,55.0,55.5,53.5,54.5,57132385.0
2004/05/26,56.5,57.0,56.0,57.0,80239939.0
2004/05/28,57.5,58.0,56.0,56.0,75701003.0
2004/06/01,56.0,57.0,54.5,55.5,59272967.0
2004/06/03,55.5,56.0,52.5,53.0,94856301.0
2004/06/07,54.5,56.5,54.0,56.5,70248112.0
2004/06/09,55.5,56.0,53.0,53.0,72771991.0
2004/06/11,52.0,52.0,43.2,43.3,174221000.0
2004/06/15,43.3,44.9,42.5,43.5,152607785.0
2004/06/17,43.3,45.0,42.3,42.8,145691998.0
2004/06/21,44.3,46.0,43.2,45.7,134632827.0
2004/06/24,46.3,46.3,45.6,46.2,68772421.0
2004/06/28,46.1,46.3,45.0,46.1,55430652.0
2004/06/30,47.0,48.8,47.0,48.4,104599787.0
2004/07/02,46.3,46.8,44.6,44.8,89525550.0
2004/07/06,44.8,46.0,44.3,44.7,64063968.0
2004/07/08,45.0,46.1,44.9,46.0,71024729.0
2004/07/12,46.0,46.0,44.0,44.2,83513583.0
2004/07/14,44.5,44.8,42.3,43.0,114319438.0
2004/07/16,42.0,43.2,41.8,42.2,93750638.0
2004/07/20,41.7,43.9,41.5,43.4,120328366.0
2004/07/22,42.0,43.6,42.0,42.8,106468663.0
2004/07/26,41.5,42.3,40.7,41.7,122239921.0
2004/07/28,42.0,42.5,41.0,41.0,103537011.0
2004/07/30,42.7,43.3,42.3,42.8,138863549.0
2004/08/03,43.0,44.1,42.9,43.8,102662811.0
2004/08/05,44.0,45.3,43.3,44.0,111287712.0
2004/08/09,43.0,43.8,42.9,43.3,69698320.0
2004/08/11,43.8,44.4,43.1,43.8,78290306.0
2004/08/13,43.2,44.1,43.2,43.4,52080506.0
2004/08/17,43.6,45.2,43.6,44.8,80059295.0
2004/08/19,45.6,46.9,45.6,46.4,127813339.0
2004/08/23,46.4,48.8,46.4,48.6,152242719.0
2004/08/27,48.5,48.5,47.8,48.1,83462744.0
2004/08/31,47.8,48.1,46.8,47.1,94328888.0
2004/09/02,46.5,46.9,44.0,44.4,159771996.0
2004/09/06,43.8,44.4,43.3,44.4,86090802.0
2004/09/08,44.3,44.3,43.5,43.7,65506908.0
2004/09/10,44.9,46.0,44.3,45.9,113319986.0
2004/09/14,46.0,46.1,45.2,45.4,72580571.0
2004/09/16,44.5,45.4,44.4,44.8,62031641.0
2004/09/20,45.1,46.0,44.8,46.0,66219885.0
2004/09/22,46.0,46.0,44.8,44.9,63152453.0
2004/09/24,45.0,45.0,42.6,43.0,127983930.0
2004/09/29,42.5,43.7,42.5,43.3,71512179.0
2004/10/01,43.9,45.5,43.6,45.5,109581503.0
2004/10/05,45.5,45.5,44.5,45.0,82639417.0
2004/10/07,45.3,45.3,42.9,43.3,122787627.0
2004/10/11,42.8,43.2,42.6,42.6,78864330.0
2004/10/13,42.8,43.1,42.3,42.7,66736546.0
2004/10/15,42.5,42.8,42.2,42.2,56482094.0
2004/10/19,42.7,43.3,42.6,42.8,68747476.0
2004/10/21,42.5,44.0,42.5,43.2,76417743.0
2004/10/26,42.7,42.7,41.3,41.9,66347218.0
2004/10/28,43.1,44.0,42.8,43.8,146993694.0
2004/11/01,44.1,45.2,43.5,45.0,129603858.0
2004/11/03,45.5,47.9,45.5,47.5,288350113.0
2004/11/05,48.0,48.5,47.3,47.9,152157626.0
2004/11/09,47.7,48.0,47.5,48.0,121241574.0
2004/11/11,47.2,47.7,46.2,47.0,84148014.0
2004/11/15,47.9,48.5,47.5,48.4,115697387.0
2004/11/17,48.3,51.0,48.1,50.5,236038960.0
2004/11/19,50.5,51.0,48.2,48.2,141031391.0
2004/11/23,48.4,49.3,47.5,48.9,87771584.0
2004/11/25,49.1,49.4,46.5,47.2,72615778.0
2004/11/29,47.0,47.7,46.3,47.3,114702423.0
2004/12/01,46.3,48.0,46.2,48.0,93946201.0
2004/12/03,48.6,49.0,48.1,48.9,109171300.0
2004/12/07,48.8,49.3,48.4,48.8,97636951.0
2004/12/09,48.1,48.5,47.0,48.2,120835949.0
2004/12/13,47.2,48.7,46.8,48.1,87579441.0
2004/12/15,48.4,50.0,48.3,50.0,121386087.0
2004/12/17,49.9,50.5,49.0,50.0,86667955.0
2004/12/21,49.7,50.5,49.3,49.8,128724505.0
2004/12/23,49.5,50.5,49.4,50.0,56864275.0
2004/12/27,50.0,50.5,49.6,50.0,33429119.0
2004/12/29,50.5,51.0,50.0,50.5,82921653.0
2004/12/31,50.5,51.5,50.5,51.0,64050279.0
2005/01/04,50.0,50.5,48.5,48.5,65821517.0
2005/01/06,48.1,48.4,47.5,47.8,87301632.0
2005/01/10,47.8,48.8,47.8,48.2,68055592.0
2005/01/12,47.8,48.1,46.5,46.8,77079945.0
2005/01/14,46.5,48.9,46.2,48.9,90513981.0
2005/01/18,48.9,49.3,47.7,47.7,73575533.0
2005/01/20,47.4,48.5,47.4,47.5,68240494.0
2005/01/24,47.5,47.7,46.7,47.6,60844928.0
2005/01/26,48.0,49.5,47.9,49.4,114682172.0
2005/01/28,49.6,52.5,49.6,52.0,208828788.0
2005/02/01,52.5,54.0,52.0,53.5,212779367.0
2005/02/03,53.5,55.5,52.5,54.5,228929028.0
2005/02/15,54.5,55.5,53.5,54.5,98828923.0
2005/02/17,54.5,54.5,53.0,54.0,103400079.0
2005/02/21,54.0,54.5,53.5,54.0,53271712.0
2005/02/23,53.5,54.0,52.5,53.0,91514737.0
2005/02/25,54.0,55.0,54.0,54.3,122392186.0
2005/03/02,54.3,54.7,53.2,53.5,110050624.0
2005/03/04,53.0,53.1,52.1,52.8,101586016.0
2005/03/08,53.5,54.2,52.7,53.0,59805609.0
2005/03/10,52.8,52.9,51.7,52.5,71487697.0
2005/03/14,51.9,52.0,51.0,51.1,62358974.0
2005/03/16,51.0,52.0,50.7,50.9,94987668.0
2005/03/18,51.0,51.4,50.3,50.6,73795878.0
2005/03/22,50.3,50.8,49.8,50.3,77431909.0
2005/03/24,50.2,51.5,50.1,51.5,62235246.0
2005/03/28,51.6,51.7,50.8,51.1,39276017.0
2005/03/30,50.5,51.6,50.5,51.5,75434254.0
2005/04/01,51.5,52.8,51.1,52.2,61794816.0
2005/04/06,51.8,52.3,51.4,51.4,69658590.0
2005/04/08,52.0,52.5,51.6,51.9,57868369.0
2005/04/12,51.5,52.6,51.5,52.5,34541702.0
2005/04/14,51.7,51.9,50.5,51.3,85752602.0
2005/04/18,50.5,50.5,49.9,50.1,113819404.0
2005/04/20,51.0,51.0,49.1,49.6,88768088.0
2005/04/22,50.1,50.3,49.35,49.8,61711779.0
2005/04/26,50.0,52.2,49.95,52.2,106297358.0
2005/04/28,52.0,53.0,51.5,51.9,70713378.0
2005/05/03,52.2,53.1,52.2,52.5,66613693.0
2005/05/05,53.1,54.7,53.1,54.6,106530648.0
2005/05/09,54.6,55.0,53.9,54.7,78693584.0
2005/05/11,53.5,54.5,52.8,54.5,92126711.0
2005/05/13,54.3,55.2,54.2,54.8,84756333.0
2005/05/17,54.8,55.0,54.1,54.9,63955644.0
2005/05/19,55.5,56.7,55.5,56.5,134645476.0
2005/05/23,56.3,56.7,54.9,56.4,71395822.0
2005/05/25,56.4,56.9,55.3,56.0,85565888.0
2005/05/27,56.1,56.9,56.1,56.7,61694086.0
2005/05/31,56.6,57.1,55.8,55.9,114587567.0
2005/06/02,56.4,57.8,56.4,57.7,110799731.0
2005/06/06,57.5,58.1,57.2,57.5,113361076.0
2005/06/08,57.7,58.5,57.3,58.0,118701414.0
2005/06/10,58.3,58.5,53.5,54.5,152327000.0
2005/06/14,54.7,55.0,54.4,55.0,83170334.0
2005/06/16,55.4,57.5,55.0,56.8,95253728.0
2005/06/20,56.8,57.0,55.8,55.8,67624218.0
2005/06/22,56.0,57.5,56.0,57.2,84037665.0
2005/06/24,57.0,57.1,55.6,56.5,65113318.0
2005/06/28,56.3,56.9,54.8,54.9,140387677.0
2005/06/30,55.5,55.7,54.5,55.7,57960683.0
2005/07/04,55.4,55.9,54.4,54.4,37025135.0
2005/07/06,54.6,54.8,53.5,54.6,105313487.0
2005/07/08,54.2,56.8,53.7,56.8,167781808.0
2005/07/12,57.0,57.8,56.6,56.8,114294282.0
2005/07/14,57.0,57.2,56.2,56.6,53154210.0
2005/07/19,56.4,57.3,56.0,56.4,89379732.0
2005/07/21,55.7,57.4,55.6,56.9,99022989.0
2005/07/25,56.5,57.0,55.6,55.6,84473725.0
2005/07/27,54.0,54.7,52.8,53.9,183650210.0
2005/07/29,54.0,54.5,53.1,53.3,55891570.0
2005/08/02,53.9,56.1,53.6,55.9,96822581.0
2005/08/04,55.9,55.9,53.3,53.4,98911934.0
2005/08/09,53.2,53.8,52.6,52.8,101609212.0
2005/08/11,53.0,54.3,52.9,53.6,66858021.0
2005/08/15,53.3,53.4,52.0,53.0,76457127.0
2005/08/17,52.5,53.0,52.0,52.0,72616499.0
2005/08/19,51.8,52.2,51.1,52.0,59775547.0
2005/08/23,52.0,52.4,51.3,51.5,52019369.0
2005/08/25,51.2,53.2,51.1,52.8,56235636.0
2005/08/29,52.3,52.5,51.1,51.1,79688020.0
2005/08/31,51.1,54.0,51.1,52.6,111296042.0
2005/09/05,52.4,52.7,52.1,52.2,40755902.0
2005/09/07,52.1,52.4,51.8,51.9,36055561.0
2005/09/09,52.1,53.0,51.5,52.7,70592242.0
2005/09/13,52.7,53.9,52.7,53.9,117567970.0
2005/09/15,53.8,54.1,52.6,52.6,77856512.0
2005/09/19,52.6,54.0,52.3,53.6,80530715.0
2005/09/21,53.6,53.6,51.9,52.1,77354960.0
2005/09/23,51.6,52.0,50.5,51.0,73781015.0
2005/09/27,51.1,51.7,50.6,51.2,70922485.0
2005/09/29,51.2,53.3,51.0,53.3,98393899.0
2005/10/03,53.4,54.0,52.7,54.0,94703545.0
2005/10/05,54.0,54.8,53.5,53.7,92892316.0
2005/10/07,53.4,54.2,52.7,52.9,70427307.0
2005/10/12,52.4,52.4,51.2,51.4,82510056.0
2005/10/14,51.7,51.9,50.1,50.1,74058155.0
2005/10/18,50.5,51.4,49.55,49.55,89181150.0
2005/10/20,49.6,50.5,48.7,49.2,82377104.0
2005/10/24,49.9,51.6,49.8,50.8,77227682.0
2005/10/26,50.8,51.5,49.5,49.6,60966374.0
2005/10/28,50.1,52.5,50.1,52.0,122444631.0
2005/11/01,52.5,52.8,51.8,52.7,63315520.0
2005/11/03,53.3,54.4,53.2,54.2,107543123.0
2005/11/07,54.2,54.5,53.8,54.5,82114837.0
2005/11/09,54.4,56.0,54.3,55.9,138371621.0
2005/11/11,56.0,57.2,56.0,57.0,151994805.0
2005/11/15,56.0,57.2,55.5,56.8,89884311.0
2005/11/17,56.8,57.4,55.6,57.1,76538602.0
2005/11/21,57.5,58.3,57.3,58.0,98793153.0
2005/11/23,59.0,60.2,58.8,59.7,154127102.0
2005/11/25,59.7,59.9,59.0,59.5,50745752.0
2005/11/29,58.2,59.8,57.8,59.5,89493144.0
2005/12/01,59.5,60.8,59.3,60.6,124509599.0
2005/12/05,61.0,62.7,60.3,62.5,100927000.0
2005/12/07,62.5,63.5,61.0,61.7,77668000.0
2005/12/09,61.1,61.4,60.1,61.2,70304000.0
2005/12/13,61.2,62.0,60.6,61.1,88393000.0
2005/12/15,61.0,62.3,60.4,62.0,71932000.0
2005/12/19,62.2,62.5,61.7,62.3,60579000.0
2005/12/21,62.4,63.5,62.1,62.3,51148000.0
2005/12/23,62.8,64.0,62.4,63.8,45853000.0
2005/12/27,63.8,64.3,62.6,63.5,40118000.0
2005/12/29,63.5,63.5,62.3,62.5,81152000.0
2006/01/02,61.8,62.9,60.0,62.9,97260000.0
2006/01/04,63.1,64.0,62.0,64.0,95407000.0
2006/01/06,64.8,68.4,64.7,68.1,141129000.0
2006/01/10,68.0,68.0,64.1,65.8,110992000.0
2006/01/12,66.5,66.5,63.8,64.5,82928000.0
2006/01/16,63.8,65.3,63.5,64.6,73400000.0
2006/01/18,62.0,63.1,61.3,62.0,130773000.0
2006/01/20,63.0,63.0,61.4,61.8,62394000.0
2006/01/24,61.8,63.5,61.7,63.5,78283000.0
2006/02/03,64.0,66.5,61.6,66.5,130969000.0
2006/02/07,64.0,65.3,63.0,63.1,74735000.0
2006/02/09,64.0,64.2,62.0,62.6,74145000.0
2006/02/13,62.1,62.7,61.6,62.3,71830000.0
2006/02/15,62.5,62.9,61.1,62.4,79743000.0
2006/02/17,62.5,62.9,61.4,62.7,54321000.0
2006/02/21,62.9,63.2,61.3,61.9,67437000.0
2006/02/23,61.7,61.8,60.3,61.0,86255000.0
2006/02/27,61.0,61.0,59.9,60.4,98762000.0
2006/03/02,61.5,62.8,61.4,61.8,119983000.0
2006/03/06,61.7,61.7,60.1,60.1,63079000.0
2006/03/08,59.9,60.0,58.9,59.8,86650000.0
2006/03/10,59.8,62.2,59.8,61.4,80244000.0
2006/03/14,61.0,62.0,59.8,61.1,64022000.0
2006/03/16,61.5,62.0,60.0,60.7,76907000.0
2006/03/20,60.7,60.8,59.9,60.5,71867000.0
2006/03/22,60.0,60.3,59.2,59.6,81947000.0
2006/03/24,59.6,60.7,59.5,60.3,46593000.0
2006/03/28,60.8,61.9,60.3,61.9,83666000.0
2006/03/30,62.5,64.8,62.1,64.2,174457000.0
2006/04/03,64.2,65.0,63.8,64.5,61573000.0
2006/04/06,65.0,67.8,64.9,67.4,127986000.0
2006/04/10,66.8,67.4,65.7,66.1,77706000.0
2006/04/12,65.1,67.3,65.1,67.2,90823000.0
2006/04/14,67.0,68.1,66.6,67.8,70857000.0
2006/04/18,67.8,69.9,66.9,69.4,82917000.0
2006/04/20,69.2,70.0,69.2,69.3,74569000.0
2006/04/24,68.4,69.3,66.8,67.0,74799000.0
2006/04/26,66.8,69.2,66.6,67.2,84499000.0
2006/04/28,67.9,68.9,66.5,67.2,94745000.0
2006/05/03,67.4,68.1,67.0,67.5,64380000.0
2006/05/05,68.1,69.9,68.0,69.4,92353000.0
2006/05/09,69.1,69.1,65.1,66.5,112342000.0
2006/05/11,65.2,66.6,64.8,64.9,95727000.0
2006/05/15,63.6,63.9,62.3,62.4,115208000.0
2006/05/17,63.0,64.0,62.0,62.5,86396000.0
2006/05/19,62.5,63.1,60.7,60.8,105734000.0
2006/05/23,60.1,61.7,59.8,61.0,113546000.0
2006/05/25,60.5,60.9,59.3,59.5,110822000.0
2006/05/29,60.0,61.7,59.8,60.3,88813000.0
2006/06/01,61.5,62.5,60.6,62.5,89203000.0
2006/06/05,62.7,62.9,60.0,60.8,105476000.0
2006/06/07,60.5,60.8,55.9,55.9,109174000.0
2006/06/09,58.0,58.9,56.9,57.5,121838000.0
2006/06/13,57.0,58.8,56.1,58.1,108595000.0
2006/06/15,58.7,59.6,56.7,59.4,98701000.0
2006/06/19,59.6,59.7,54.2,54.7,154411000.0
2006/06/21,54.7,57.8,54.6,57.7,75545000.0
2006/06/23,57.0,57.5,55.9,57.0,52280000.0
2006/06/27,57.4,58.0,55.8,56.1,93026000.0
2006/06/29,56.1,58.5,56.1,58.4,121738000.0
2006/07/03,58.5,59.3,58.2,58.8,60103000.0
2006/07/05,58.7,58.8,56.8,57.1,62139000.0
2006/07/07,57.1,57.2,55.7,56.9,79060000.0
2006/07/11,56.4,58.0,56.2,57.1,77999000.0
2006/07/13,56.6,56.8,55.0,55.1,71168000.0
2006/07/17,54.7,54.9,53.4,54.1,84613000.0
2006/07/19,54.2,56.3,53.8,56.2,79078000.0
2006/07/21,56.0,56.0,52.3,52.9,116317000.0
2006/07/25,54.3,54.5,53.5,53.9,81551000.0
2006/07/27,53.9,54.5,53.7,54.4,92805000.0
2006/07/31,55.3,55.5,54.2,55.1,60049000.0
2006/08/02,54.9,55.4,54.5,54.9,53294000.0
2006/08/04,55.1,55.4,54.4,54.6,56885000.0
2006/08/08,54.8,55.9,54.6,55.8,71805000.0
2006/08/10,55.8,57.6,55.8,57.4,106089000.0
2006/08/14,57.4,57.9,57.3,57.6,44997000.0
2006/08/16,58.8,60.1,58.5,59.7,119000000.0
2006/08/18,60.2,60.3,57.6,57.9,97838000.0
2006/08/22,58.0,58.9,57.2,58.1,52728000.0
2006/08/24,57.2,57.6,56.7,57.0,60640000.0
2006/08/28,57.0,57.0,55.9,56.5,52120000.0
2006/08/30,57.4,58.7,57.0,58.1,66109000.0
2006/09/01,58.3,59.4,58.3,59.3,55100000.0
2006/09/05,59.4,59.4,57.2,57.8,39468000.0
2006/09/07,56.8,57.3,56.6,56.7,53388000.0
2006/09/11,56.9,58.0,56.2,56.7,64319000.0
2006/09/13,57.8,59.0,57.6,58.4,84668000.0
2006/09/15,58.5,60.1,58.2,59.9,102826000.0
2006/09/19,60.5,60.9,59.5,59.9,84385000.0
2006/09/21,60.5,60.7,59.5,59.7,61993000.0
2006/09/25,59.7,60.7,59.2,60.5,41547000.0
2006/09/27,60.9,61.1,60.4,60.9,108010000.0
2006/09/29,60.6,60.7,59.2,60.2,89721000.0
2006/10/03,60.0,60.3,58.5,58.5,77080000.0
2006/10/05,59.6,60.9,59.6,60.6,81886000.0
2006/10/12,61.0,63.4,60.6,63.2,108069000.0
2006/10/16,64.0,65.2,62.8,62.9,116913000.0
2006/10/18,62.1,62.4,60.8,61.0,74284000.0
2006/10/20,61.2,61.9,60.9,61.2,32254000.0
2006/10/24,61.7,63.2,61.7,62.3,90723000.0
2006/10/26,62.5,63.1,61.5,62.5,70322000.0
2006/10/30,61.5,61.7,60.7,61.0,86584000.0
2006/11/01,61.4,61.5,59.9,60.8,91220000.0
2006/11/03,60.2,61.5,60.2,60.5,94360000.0
2006/11/07,61.0,61.3,60.4,60.4,68212000.0
2006/11/09,61.0,61.3,60.3,60.8,73713000.0
2006/11/13,60.5,60.8,59.9,60.8,50575000.0
2006/11/15,61.6,62.7,61.3,62.2,87591000.0
2006/11/17,62.5,62.8,61.6,62.2,63913000.0
2006/11/21,60.0,63.1,60.0,63.0,80199000.0
2006/11/23,63.3,63.7,63.0,63.4,68198000.0
2006/11/27,64.1,64.7,63.6,64.0,77111000.0
2006/11/29,64.4,65.5,63.4,65.5,135765000.0
2006/12/01,65.4,66.7,64.6,66.3,120705000.0
2006/12/05,67.4,68.0,66.5,67.9,95316000.0
2006/12/07,67.6,67.7,65.0,66.1,73691000.0
2006/12/11,65.4,66.6,63.9,64.2,75959000.0
2006/12/13,64.5,65.3,63.4,64.1,61980000.0
2006/12/15,65.0,67.0,64.5,66.6,67685000.0
2006/12/19,65.9,65.9,64.6,64.8,68620000.0
2006/12/21,64.8,65.7,64.8,65.6,43456000.0
2006/12/25,65.4,66.1,64.9,66.0,23031000.0
2006/12/27,66.0,66.8,66.0,66.1,43146679.0
2006/12/29,66.2,68.0,65.5,67.7,56437000.0
2007/01/03,67.8,68.7,67.5,67.7,63941000.0
2007/01/05,67.5,67.7,65.7,65.8,54433000.0
2007/01/09,65.9,66.5,64.0,64.2,99455000.0
2007/01/11,64.7,69.5,64.7,69.1,201139000.0
2007/01/15,69.4,70.5,68.8,70.3,144669000.0
2007/01/17,69.9,71.7,69.2,71.2,102763000.0
2007/01/19,69.5,70.9,68.9,69.0,101354000.0
2007/01/23,68.8,71.2,68.2,70.5,117639000.0
2007/01/25,70.9,71.2,67.0,68.0,160543000.0
2007/01/29,68.3,68.8,67.9,68.0,86112000.0
2007/01/31,68.0,68.2,65.9,67.0,116745000.0
2007/02/02,67.8,68.2,67.3,67.8,78165000.0
2007/02/06,68.0,69.4,67.8,68.8,66370000.0
2007/02/08,69.3,69.3,67.5,68.0,101943000.0
2007/02/12,67.0,67.9,65.8,65.8,110618000.0
2007/02/14,67.0,69.2,66.4,68.9,126961000.0
2007/02/27,69.0,70.1,66.7,66.7,168705000.0
2007/03/02,66.6,67.0,63.3,63.3,106655000.0
2007/03/06,66.1,66.1,65.2,65.5,59312000.0
2007/03/08,66.0,66.7,65.0,66.5,80274000.0
2007/03/12,66.6,69.1,66.4,69.1,122828000.0
2007/03/14,67.5,69.3,67.4,69.0,87374000.0
2007/03/16,69.0,69.2,68.5,69.0,55914000.0
2007/03/20,69.0,70.0,69.0,69.7,63270000.0
2007/03/22,70.6,70.8,69.7,70.0,114518000.0
2007/03/26,70.0,70.7,69.2,69.2,64784000.0
2007/03/28,68.4,69.1,67.5,68.7,94328000.0
2007/03/30,68.0,68.6,67.5,68.2,65537000.0
2007/04/03,68.1,69.6,67.7,69.3,84114000.0
2007/04/09,69.5,69.8,68.2,68.5,81148000.0
2007/04/11,68.6,69.4,68.3,68.5,59949000.0
2007/04/13,69.3,69.4,67.5,67.5,41269000.0
2007/04/17,68.7,69.0,67.6,68.6,75588000.0
2007/04/19,68.5,68.5,67.2,67.5,106279000.0
2007/04/23,68.0,70.0,67.9,69.8,111620000.0
2007/04/25,69.4,70.5,68.7,69.9,80451000.0
2007/04/27,69.9,70.0,67.9,68.7,77572000.0
2007/05/02,68.7,68.7,68.0,68.4,110956000.0
2007/05/04,68.5,69.6,68.4,68.5,82398000.0
2007/05/08,68.5,68.5,67.7,68.0,61646000.0
2007/05/10,68.5,68.7,67.5,67.5,85900000.0
2007/05/14,67.5,67.7,66.3,66.5,110360000.0
2007/05/16,67.0,68.1,66.4,67.7,91001000.0
2007/05/18,68.8,69.4,68.2,69.2,150295000.0
2007/05/22,69.0,69.2,68.4,68.9,87351000.0
2007/05/24,68.5,68.9,66.9,67.4,110532000.0
2007/05/28,67.9,68.6,67.5,68.6,80535000.0
2007/05/30,67.9,68.7,67.5,68.2,96179000.0
2007/06/01,68.8,69.5,68.6,69.1,128478000.0
2007/06/05,69.1,69.3,68.5,69.0,134712000.0
2007/06/08,66.0,66.0,65.3,65.6,194795000.0
2007/06/12,65.5,65.6,63.9,64.1,111018000.0
2007/06/14,64.7,65.8,64.6,65.7,138736000.0
2007/06/20,66.5,69.4,66.5,69.2,297893000.0
2007/06/22,69.7,70.4,68.3,70.4,158438000.0
2007/06/26,69.9,70.0,68.6,69.5,88320000.0
2007/06/28,70.2,71.0,69.6,70.9,140593000.0
2007/07/02,70.9,71.9,69.9,71.2,79563000.0
2007/07/04,71.8,72.0,70.8,71.4,93661000.0
2007/07/06,70.9,72.0,70.1,72.0,94641000.0
2007/07/10,72.0,72.6,71.4,72.4,144596000.0
2007/07/12,72.5,73.1,71.2,73.0,152996000.0
2007/07/16,73.0,73.0,71.3,72.7,77292000.0
2007/07/18,71.8,72.2,69.4,70.0,108111000.0
2007/07/20,70.0,70.0,68.3,68.7,124790000.0
2007/07/24,69.0,71.3,69.0,69.6,121232000.0
2007/07/26,70.0,70.0,64.0,64.0,330501000.0
2007/07/30,63.3,65.3,63.1,65.0,230119000.0
2007/08/01,64.0,64.5,61.3,63.8,278172000.0
2007/08/03,64.4,64.5,62.4,62.6,93874000.0
2007/08/07,62.8,62.9,60.8,62.8,146791000.0
2007/08/09,64.1,64.3,61.1,61.5,129136000.0
2007/08/13,62.5,62.7,61.5,61.9,101599000.0
2007/08/15,61.5,61.5,58.6,59.1,185605000.0
2007/08/17,59.1,62.3,58.6,62.2,138181000.0
2007/08/21,61.5,62.0,60.5,60.9,85836000.0
2007/08/23,62.5,63.0,61.5,61.6,135299000.0
2007/08/27,62.4,62.6,60.6,61.4,76435000.0
2007/08/29,59.6,61.0,59.6,60.5,82900000.0
2007/08/31,60.6,62.7,60.6,62.6,85588000.0
2007/09/04,61.8,62.7,61.4,61.8,48714000.0
2007/09/06,61.8,62.8,61.1,62.0,65401000.0
2007/09/10,61.3,61.5,60.3,61.3,51745000.0
2007/09/12,61.0,61.8,60.4,60.6,61390000.0
2007/09/14,61.4,62.0,60.5,60.8,75278000.0
2007/09/19,62.3,62.4,60.8,61.0,153507000.0
2007/09/21,61.5,61.8,61.0,61.5,116576000.0
2007/09/27,62.2,63.9,61.7,63.6,140266000.0
2007/10/01,63.5,65.3,63.5,64.9,167333000.0
2007/10/03,65.3,65.3,63.9,64.2,117642000.0
2007/10/05,64.2,65.6,64.0,65.0,90615000.0
2007/10/09,65.3,65.3,63.0,63.3,122696000.0
2007/10/12,62.6,62.9,61.2,62.9,167095000.0
2007/10/16,61.8,62.8,61.6,62.0,126171000.0
2007/10/18,62.3,62.9,61.8,62.0,58651000.0
2007/10/22,60.0,61.7,59.6,61.5,113976000.0
2007/10/24,61.6,62.1,60.4,61.1,78318000.0
2007/10/26,61.0,64.0,61.0,63.9,154581000.0
2007/10/30,64.4,64.4,62.7,63.8,85563000.0
2007/11/01,64.4,64.4,61.5,61.6,112954000.0
2007/11/05,62.0,63.0,60.5,62.6,96288000.0
2007/11/07,63.8,63.8,61.4,61.9,127888000.0
2007/11/09,61.6,63.3,61.4,61.6,145168000.0
2007/11/13,61.5,63.2,61.0,61.5,128806000.0
2007/11/15,61.0,61.6,60.0,60.5,98383000.0
2007/11/19,60.5,62.0,59.8,60.5,133459000.0
2007/11/21,60.5,60.6,57.4,59.9,137229000.0
2007/11/23,60.0,61.1,59.3,61.1,199424000.0
2007/11/27,59.5,60.1,58.5,58.5,136223000.0
2007/11/29,59.0,60.6,58.8,60.6,105213000.0
2007/12/03,60.7,60.8,58.9,60.3,80909000.0
2007/12/05,60.2,61.9,59.9,61.9,205019000.0
2007/12/07,62.5,63.5,61.1,61.1,237871000.0
2007/12/11,61.3,62.7,60.9,61.3,193917000.0
2007/12/13,61.0,61.6,59.0,59.8,290015000.0
2007/12/17,59.1,59.6,58.6,58.8,148391000.0
2007/12/19,60.0,60.0,58.8,59.0,142940000.0
2007/12/21,59.2,59.8,58.9,59.2,112583000.0
2007/12/25,59.5,59.7,58.7,59.5,49203000.0
2007/12/27,60.0,62.5,59.6,60.5,200210000.0
2007/12/31,61.0,62.1,60.2,60.5,77113000.0
2008/01/03,59.9,60.4,58.5,60.0,83138000.0
2008/01/07,57.0,58.0,55.5,56.0,150280000.0
2008/01/09,55.0,57.4,54.5,55.7,106171000.0
2008/01/11,56.1,56.8,54.7,54.9,148726000.0
2008/01/15,55.4,57.9,54.9,55.4,175892000.0
2008/01/17,55.6,56.4,53.3,54.6,116605000.0
2008/01/21,54.6,54.7,49.6,49.6,129663000.0
2008/01/23,51.0,54.5,50.4,53.7,149541000.0
2008/01/25,55.0,56.0,54.0,54.2,89820000.0
2008/01/29,55.9,58.3,55.6,57.8,168686000.0
2008/01/31,57.5,62.2,57.3,61.4,305674000.0
2008/02/12,59.7,61.0,59.7,59.9,155182000.0
2008/02/14,60.2,62.0,60.2,61.5,102990000.0
2008/02/18,61.5,61.8,59.7,61.5,72061000.0
2008/02/20,61.4,62.1,59.7,61.9,81345000.0
2008/02/22,60.9,61.5,60.1,61.2,77127000.0
2008/02/26,61.8,63.6,61.5,63.6,152701000.0
2008/02/29,62.6,63.5,60.0,60.7,110423000.0
2008/03/04,60.1,63.5,60.1,63.3,143276000.0
2008/03/06,63.5,64.9,63.3,64.0,117072000.0
2008/03/10,62.9,62.9,60.6,62.4,102949000.0
2008/03/12,64.0,64.2,61.5,62.0,88786000.0
2008/03/14,62.5,62.6,59.5,59.9,135672000.0
2008/03/18,59.9,62.1,59.5,62.1,90705000.0
2008/03/20,61.7,64.9,61.0,64.8,155779000.0
2008/03/24,69.3,69.3,66.4,67.2,218267000.0
2008/03/26,65.8,67.0,63.6,63.8,108768000.0
2008/03/28,62.2,63.3,61.1,63.1,183830000.0
2008/04/01,62.5,65.0,61.8,64.0,112625000.0
2008/04/03,64.0,65.1,63.9,65.0,73995000.0
2008/04/08,64.6,65.0,62.8,63.1,85002000.0
2008/04/10,63.2,65.3,63.1,64.1,84441000.0
2008/04/14,63.3,63.8,62.8,63.0,74285000.0
2008/04/16,64.0,67.5,63.7,67.1,147932000.0
2008/04/18,66.8,67.5,66.0,67.4,72682000.0
2008/04/22,67.3,67.3,64.6,64.6,108903000.0
2008/04/24,64.4,64.9,63.5,64.7,111569000.0
2008/04/28,64.0,67.0,63.5,64.7,129739000.0
2008/04/30,65.2,68.2,65.2,68.0,170238000.0
2008/05/05,68.0,68.1,66.3,68.0,77568000.0
2008/05/07,68.7,69.0,66.0,67.5,99735000.0
2008/05/09,67.5,67.8,66.1,67.6,70725000.0
2008/05/13,68.3,69.2,67.6,68.6,130594000.0
2008/05/15,68.8,69.3,67.9,69.2,180196000.0
2008/05/19,69.2,69.8,67.4,68.2,157616000.0
2008/05/21,67.8,67.9,65.9,66.9,86945000.0
2008/05/23,66.0,66.6,64.5,65.5,108801000.0
2008/05/27,66.5,67.5,65.2,67.0,141284000.0
2008/05/29,68.0,68.1,65.6,65.6,281483000.0
2008/06/02,66.5,67.6,66.1,66.1,114099000.0
2008/06/04,66.2,67.8,66.2,67.8,115349000.0
2008/06/06,68.7,68.9,65.1,65.3,189326000.0
2008/06/10,65.0,65.9,63.9,65.9,134796000.0
2008/06/12,64.5,65.4,64.0,64.8,125465000.0
2008/06/16,65.8,66.0,64.8,65.2,79030000.0
2008/06/18,64.9,65.9,63.5,64.3,99773000.0
2008/06/20,64.5,64.9,62.6,64.1,115904000.0
2008/06/24,65.0,66.5,64.2,66.2,152256000.0
2008/06/26,66.7,66.7,62.7,64.0,228501000.0
2008/06/30,63.9,65.1,63.5,64.2,119331000.0
2008/07/02,64.0,64.2,57.5,58.8,195514000.0
2008/07/04,59.3,60.5,58.4,60.1,96306000.0
2008/07/08,59.9,60.7,58.3,59.5,118863000.0
2008/07/10,58.9,63.0,58.7,62.4,101905000.0
2008/07/14,61.1,61.9,57.6,57.6,103053000.0
2008/07/16,54.6,57.5,53.2,57.5,154611000.0
2008/07/18,59.0,60.4,57.0,59.8,123841000.0
2008/07/22,59.3,59.3,57.1,57.6,136717000.0
2008/07/24,58.2,58.9,57.2,57.8,75278000.0
2008/07/29,56.0,57.0,54.3,57.0,123491000.0
2008/07/31,57.0,57.1,55.0,56.0,87768000.0
2008/08/04,55.6,56.2,55.0,55.4,83287000.0
2008/08/06,57.4,59.8,57.2,59.5,127102000.0
2008/08/08,59.5,61.8,59.5,60.6,101529000.0
2008/08/12,61.2,62.2,60.9,61.2,118730000.0
2008/08/14,61.0,61.4,60.0,60.6,91232000.0
2008/08/18,60.8,61.1,58.9,60.0,100010000.0
2008/08/20,59.2,60.7,59.1,59.4,83332000.0
2008/08/22,59.9,61.0,59.4,60.5,104439000.0
2008/08/26,60.0,61.1,59.4,60.4,118366000.0
2008/08/28,59.9,60.5,58.9,58.9,157830000.0
2008/09/01,57.6,57.6,54.1,54.3,234744000.0
2008/09/03,54.5,55.5,53.0,53.4,149963000.0
2008/09/05,52.2,56.7,51.8,56.7,145641000.0
2008/09/09,55.0,55.7,53.2,53.7,116188000.0
2008/09/11,53.6,53.6,51.7,52.7,109124000.0
2008/09/15,52.8,53.1,50.7,51.0,101479000.0
2008/09/17,54.0,54.5,51.5,52.0,208206000.0
2008/09/19,54.6,57.1,54.0,55.8,189669000.0
2008/09/23,54.7,55.9,53.3,53.3,95560000.0
2008/09/25,52.8,54.3,52.0,53.4,110643000.0
2008/09/30,50.0,54.0,49.8,52.5,121370000.0
2008/10/02,53.1,53.1,50.2,51.4,99259000.0
2008/10/06,50.2,50.5,47.95,49.7,107831000.0
2008/10/08,48.5,49.05,46.1,46.1,150017000.0
2008/10/13,46.15,49.9,45.2,49.9,183686000.0
2008/10/15,48.5,49.0,46.55,46.55,84411000.0
2008/10/17,44.95,45.45,43.4,44.2,126379000.0
2008/10/21,44.8,45.0,42.6,42.6,120889000.0
2008/10/23,41.15,41.15,39.75,39.75,87041000.0
2008/10/27,37.0,40.6,36.5,39.7,148409000.0
2008/10/29,42.45,44.9,41.7,44.9,174735000.0
2008/10/31,45.7,49.5,45.1,47.0,166671000.0
2008/11/04,47.5,49.4,46.7,48.0,132393000.0
2008/11/06,44.65,44.7,41.55,43.5,137742000.0
2008/11/10,43.3,44.0,41.9,43.1,101605000.0
2008/11/12,43.1,44.15,40.5,40.5,114959000.0
2008/11/14,42.0,42.0,40.0,40.8,88736000.0
2008/11/18,39.6,39.8,38.0,38.0,119560000.0
2008/11/20,36.5,39.3,36.4,38.5,98991000.0
2008/11/24,38.5,39.9,37.15,39.9,132265000.0
2008/11/26,39.9,41.25,39.0,40.9,120314000.0
2008/11/28,40.9,41.9,39.8,40.8,112980000.0
2008/12/02,37.95,38.4,36.5,37.15,156758000.0
2008/12/04,37.9,37.9,36.8,37.2,100038000.0
2008/12/08,37.85,40.8,37.85,40.8,180042000.0
2008/12/10,41.0,44.9,41.0,44.9,194725000.0
2008/12/12,42.85,44.5,41.8,43.45,136485000.0
2008/12/16,43.0,46.1,42.4,46.0,144855000.0
2008/12/18,45.75,46.0,44.0,44.95,88627000.0
2008/12/22,45.0,45.45,42.8,43.85,88775000.0
2008/12/24,43.85,43.85,42.8,43.1,36759000.0
2008/12/26,43.1,43.6,42.6,43.35,24940000.0
2008/12/30,43.85,45.5,43.5,44.4,50930000.0
2009/01/05,46.0,47.1,45.0,45.6,75035000.0
2009/01/07,45.95,46.45,41.5,41.55,158909000.0
2009/01/09,40.8,42.4,40.5,41.65,117317000.0
2009/01/13,42.8,44.0,41.7,43.0,116521000.0
2009/01/15,41.1,42.0,40.55,41.7,105743000.0
2009/01/19,41.0,41.4,39.6,39.6,117278000.0
2009/01/21,39.0,42.35,38.7,41.8,177578000.0
2009/02/03,43.05,43.05,42.3,42.9,170940000.0
2009/02/05,42.9,45.0,42.4,44.7,169298000.0
2009/02/09,46.4,46.6,44.8,44.85,148389000.0
2009/02/11,44.0,46.45,44.0,45.35,148596000.0
2009/02/13,45.8,46.95,45.75,45.85,100705000.0
2009/02/17,45.1,45.4,43.05,44.6,126379000.0
2009/02/19,45.2,46.2,43.85,43.9,128954000.0
2009/02/23,43.8,45.2,43.5,44.0,108360000.0
2009/02/25,45.0,45.3,44.3,45.0,104708000.0
2009/02/27,45.3,46.0,44.15,44.75,160096000.0
2009/03/03,44.8,46.0,44.25,46.0,141855000.0
2009/03/05,46.85,48.75,46.0,48.5,179235000.0
2009/03/09,48.0,48.6,46.5,47.15,145916000.0
2009/03/11,48.6,49.0,47.95,48.25,135135000.0
2009/03/13,49.0,50.1,48.8,50.0,188235000.0
2009/03/17,50.0,50.5,49.65,50.4,137971000.0
2009/03/19,50.5,50.6,47.7,47.7,112916000.0
2009/03/23,48.4,52.4,48.4,52.4,120721000.0
2009/03/25,52.0,53.0,51.1,51.7,136561265.0
2009/03/27,52.6,52.6,50.8,52.0,99619611.0
2009/03/31,51.6,52.8,50.7,50.7,121344816.0
2009/04/02,52.3,53.8,51.5,52.6,171618220.0
2009/04/06,53.5,53.5,51.0,52.1,161049699.0
2009/04/08,51.5,52.4,49.6,52.4,200119847.0
2009/04/10,53.0,53.5,52.0,52.7,100478857.0
2009/04/14,52.1,52.6,50.8,52.0,161412394.0
2009/04/16,52.2,52.4,50.0,50.4,246475317.0
2009/04/20,51.4,51.9,50.5,51.6,142343026.0
2009/04/22,51.6,51.6,50.1,51.3,147780514.0
2009/04/24,51.6,51.8,50.2,50.5,145427936.0
2009/04/28,50.9,51.8,50.6,51.6,114257377.0
2009/04/30,55.2,59.0,54.4,59.0,334624608.0
2009/05/05,60.5,60.9,56.6,57.5,307166535.0
2009/05/07,57.5,57.5,55.4,56.3,238400505.0
2009/05/11,56.5,57.0,55.0,55.4,160714622.0
2009/05/13,55.3,56.8,54.4,54.5,176036689.0
2009/05/15,55.8,56.0,54.2,56.0,127248831.0
2009/05/19,57.0,57.0,55.7,56.2,155841885.0
2009/05/21,56.2,56.8,55.8,56.2,121427964.0
2009/05/25,56.9,56.9,55.1,56.6,115436590.0
2009/05/27,57.0,60.6,56.7,59.0,292107140.0
2009/06/02,60.0,60.0,58.8,59.8,166531071.0
2009/06/04,58.5,59.0,57.0,57.4,130404052.0
2009/06/08,58.1,58.1,56.0,56.1,154697907.0
2009/06/10,57.5,58.3,56.5,58.3,125997937.0
2009/06/12,57.8,57.8,52.6,53.3,192660929.0
2009/06/16,53.2,54.3,51.8,52.0,161573457.0
2009/06/18,53.3,53.3,51.7,52.3,135321660.0
2009/06/22,51.0,53.1,51.0,51.3,110015724.0
2009/06/24,51.6,54.8,51.5,53.7,182849185.0
2009/06/26,53.8,54.5,53.1,53.4,133321880.0
2009/06/30,54.6,55.5,53.6,55.0,91838565.0
2009/07/02,54.9,55.3,54.1,55.0,61970983.0
2009/07/06,55.1,55.6,54.2,55.4,72934580.0
2009/07/08,54.7,56.1,54.1,55.3,125635183.0
2009/07/10,56.0,57.3,54.4,55.0,126461163.0
2009/07/14,55.5,56.2,53.1,53.6,163747860.0
2009/07/16,55.0,55.2,53.9,54.0,112220989.0
2009/07/20,54.9,55.5,54.5,55.5,146121998.0
2009/07/22,55.2,56.7,54.7,56.5,130394026.0
2009/07/24,57.0,57.9,56.8,57.6,143394564.0
2009/07/28,57.6,58.0,55.9,56.5,105285974.0
2009/07/30,56.1,59.2,55.2,58.9,260708554.0
2009/08/03,58.6,58.8,56.7,57.6,132328134.0
2009/08/05,57.9,58.0,56.5,56.8,108107604.0
2009/08/10,57.3,58.3,56.5,57.1,134370919.0
2009/08/12,57.1,58.6,56.5,58.6,123321767.0
2009/08/14,59.2,59.4,57.4,57.8,104654220.0
2009/08/18,57.1,57.9,56.6,57.4,53507699.0
2009/08/20,57.4,58.1,56.5,56.8,68601741.0
2009/08/24,57.8,59.0,57.6,58.7,94832177.0
2009/08/26,58.7,59.0,57.9,58.8,81128217.0
2009/08/28,59.0,59.8,58.3,59.2,97570191.0
2009/09/01,59.4,61.0,58.7,59.6,146894971.0
2009/09/03,60.2,60.2,59.3,60.0,88389024.0
2009/09/07,60.1,63.1,59.7,62.7,147797541.0
2009/09/09,62.8,65.0,62.0,63.5,152675514.0
2009/09/11,62.8,62.8,60.8,61.5,95189725.0
2009/09/15,61.0,63.4,61.0,62.7,73486648.0
2009/09/17,63.0,63.0,61.8,62.7,85439561.0
2009/09/21,62.5,62.8,61.5,62.5,58347216.0
2009/09/23,62.7,62.9,60.5,60.8,93882472.0
2009/09/25,61.0,61.4,60.4,60.7,72711651.0
2009/09/29,62.0,65.0,62.0,64.5,186058481.0
2009/10/01,65.0,65.2,62.5,62.7,134002029.0
2009/10/05,62.0,63.0,61.5,62.4,154191448.0
2009/10/07,63.0,63.0,60.9,60.9,153667919.0
2009/10/09,60.8,61.8,60.6,61.2,105352942.0
2009/10/13,60.6,63.5,60.3,63.5,138442697.0
2009/10/15,64.0,64.0,61.8,61.9,137804917.0
2009/10/19,61.7,62.3,61.0,62.0,178466850.0
2009/10/21,61.7,62.2,61.0,61.8,123168914.0
2009/10/23,62.0,62.3,61.5,61.5,82682461.0
2009/10/27,61.5,61.9,60.5,60.5,113735151.0
2009/10/29,60.0,61.4,59.0,60.0,170623889.0
2009/11/02,59.5,60.2,59.1,59.2,91688796.0
2009/11/04,59.2,60.0,59.0,59.7,109852089.0
2009/11/06,60.3,60.5,59.7,60.0,82771957.0
2009/11/10,60.4,62.5,60.0,62.2,138124432.0
2009/11/12,62.5,62.8,61.5,61.8,146683139.0
2009/11/16,62.4,63.2,62.1,62.6,119243005.0
2009/11/18,63.0,63.2,62.7,62.9,127461140.0
2009/11/20,62.8,62.8,61.4,62.0,77438109.0
2009/11/24,62.2,63.0,61.8,62.7,79464182.0
2009/11/26,62.8,63.0,60.0,60.0,128177175.0
2009/11/30,61.0,61.6,60.4,60.7,89522224.0
2009/12/02,61.4,61.8,60.5,61.5,98789825.0
2009/12/04,61.5,62.8,61.3,62.5,74350118.0
2009/12/08,62.9,62.9,61.9,62.4,78443909.0
2009/12/10,62.8,62.8,61.0,62.6,105422850.0
2009/12/14,62.1,62.8,61.5,61.8,89402862.0
2009/12/17,62.1,62.4,61.3,61.9,80176712.0
2009/12/21,62.4,62.9,62.2,62.9,96829629.0
2009/12/23,63.0,63.7,62.8,63.6,124659219.0
2009/12/25,63.9,64.0,63.1,63.7,62049053.0
2009/12/29,63.7,64.0,62.9,63.9,88405759.0
2010/01/04,65.0,65.1,63.9,64.5,77905222.0
2010/01/06,64.5,65.0,63.7,64.2,106028999.0
2010/01/08,63.5,64.9,63.5,64.5,85494183.0
2010/01/12,64.4,64.4,62.6,62.8,102251288.0
2010/01/14,63.6,63.6,62.8,63.5,89265373.0
2010/01/18,62.8,63.2,62.0,62.5,78127563.0
2010/01/20,62.9,63.2,62.1,62.6,77361107.0
2010/01/22,61.5,61.7,60.1,60.4,126231945.0
2010/01/26,60.6,61.2,59.5,59.6,133954474.0
2010/01/28,60.5,61.5,59.4,61.5,142158241.0
2010/02/01,60.7,60.7,59.0,59.0,154376217.0
2010/02/03,60.2,60.3,58.8,59.1,88660026.0
2010/02/05,57.6,58.2,57.0,57.4,112130449.0
2010/02/09,58.4,60.5,57.7,59.0,99236452.0
2010/02/23,59.6,59.9,58.4,58.5,112520466.0
2010/02/25,58.5,58.9,57.9,58.8,88878176.0
2010/03/01,59.5,60.5,58.2,59.9,120311913.0
2010/03/03,59.6,60.1,58.4,59.2,89456029.0
2010/03/05,59.8,61.2,59.6,61.2,104450839.0
2010/03/09,61.2,61.4,60.8,61.4,62064454.0
2010/03/11,61.6,61.8,60.6,60.8,99774001.0
2010/03/15,61.3,61.3,59.7,59.7,71495250.0
2010/03/17,60.5,60.9,59.9,60.4,139375121.0
2010/03/19,60.0,60.3,58.8,59.0,93102554.0
2010/03/23,59.5,60.8,59.5,60.6,100412539.0
2010/03/25,60.9,62.0,60.2,62.0,145328153.0
2010/03/29,62.0,62.4,61.7,62.2,67615154.0
2010/03/31,62.2,62.5,61.5,62.1,94028588.0
2010/04/06,62.8,63.5,62.8,63.5,102902393.0
2010/04/08,62.8,63.0,61.9,62.7,80256779.0
2010/04/12,63.3,63.4,62.1,62.9,79710071.0
2010/04/14,63.1,64.9,62.9,64.4,127739846.0
2010/04/16,63.6,63.7,62.4,62.6,120899637.0
2010/04/20,62.9,63.1,62.3,62.4,84147518.0
2010/04/22,61.8,62.4,60.8,61.7,141196588.0
2010/04/26,62.4,63.7,62.4,63.7,92968930.0
2010/04/28,62.1,62.6,61.6,61.6,114448032.0
2010/04/30,61.8,62.7,61.4,61.6,65890065.0
2010/05/04,61.9,62.0,59.8,59.8,132971756.0
2010/05/06,59.8,60.1,58.5,59.4,113688032.0
2010/05/10,59.4,60.6,59.0,60.1,125659131.0
2010/05/12,61.0,61.5,60.0,61.2,67640260.0
2010/05/14,60.7,61.5,59.1,59.2,108816675.0
2010/05/18,59.6,60.0,58.6,59.3,82082185.0
2010/05/20,59.5,59.7,57.9,58.8,77997648.0
2010/05/24,59.6,59.6,58.1,58.4,70599897.0
2010/05/26,58.9,59.3,57.7,58.7,98475207.0
2010/05/28,58.9,60.2,58.3,60.2,86549720.0
2010/06/01,59.9,60.4,59.2,59.8,63698898.0
2010/06/03,60.8,61.0,60.2,61.0,92250623.0
2010/06/07,59.7,59.7,58.4,58.5,111080122.0
2010/06/09,58.4,59.8,58.3,59.4,74922083.0
2010/06/11,60.2,61.4,60.0,61.1,87267543.0
2010/06/17,62.0,62.7,61.7,62.7,108348920.0
2010/06/21,63.1,63.7,62.6,62.6,101799754.0
2010/06/23,62.0,62.5,61.7,62.0,72557169.0
2010/06/25,61.5,61.9,61.1,61.7,51126233.0
2010/06/29,62.0,62.6,60.3,60.6,106273130.0
2010/07/01,60.6,60.7,59.9,60.3,132515632.0
2010/07/05,60.3,61.8,58.8,59.9,158341180.0
2010/07/07,59.8,60.4,59.2,60.4,109548597.0
2010/07/09,60.4,60.6,59.8,59.8,82271734.0
2010/07/13,59.9,60.7,59.5,60.4,97334375.0
2010/07/15,60.4,60.5,59.8,59.9,66779995.0
2010/07/19,59.5,61.8,59.4,61.5,117750587.0
2010/07/21,61.9,62.3,61.3,62.0,86606203.0
2010/07/23,62.6,63.1,62.3,62.6,93077702.0
2010/07/27,63.0,63.0,62.2,63.0,48086144.0
2010/07/29,63.0,63.0,61.4,62.4,82231478.0
2010/08/02,62.6,62.8,61.7,62.0,81137325.0
2010/08/04,62.0,62.2,61.6,61.9,50619685.0
2010/08/06,61.6,61.7,60.4,60.7,119528658.0
2010/08/10,60.9,61.4,60.7,61.0,92581582.0
2010/08/12,60.2,60.6,59.9,60.1,131920885.0
2010/08/16,60.0,60.5,59.6,59.8,77349112.0
2010/08/18,60.0,60.4,59.5,60.1,88719414.0
2010/08/20,59.8,60.9,59.6,60.1,58044727.0
2010/08/24,60.0,60.1,58.6,58.7,101894478.0
2010/08/26,58.6,59.1,58.5,58.8,82045433.0
2010/08/30,59.2,59.6,58.4,58.9,106001313.0
2010/09/01,59.3,60.1,58.7,59.5,65883131.0
2010/09/03,59.3,60.5,59.3,60.5,66460369.0
2010/09/07,60.5,60.6,58.9,59.3,87417442.0
2010/09/09,59.7,59.7,59.1,59.3,53887788.0
2010/09/13,59.6,61.2,59.4,61.0,120501177.0
2010/09/15,61.2,61.2,60.5,60.5,70294640.0
2010/09/17,61.0,62.0,60.6,62.0,115440420.0
2010/09/23,60.9,60.9,59.6,60.1,166725634.0
2010/09/27,60.8,61.2,60.4,61.0,109180910.0
2010/09/29,61.5,62.0,61.0,62.0,139489010.0
2010/10/01,62.2,62.3,61.6,61.9,64797720.0
2010/10/05,61.7,62.0,60.9,61.8,64572268.0
2010/10/07,61.4,61.8,61.0,61.8,97570885.0
2010/10/11,62.0,62.0,60.4,61.0,52741215.0
2010/10/13,61.3,62.0,60.4,61.8,79867820.0
2010/10/15,61.3,61.9,60.4,60.5,63022881.0
2010/10/19,60.6,61.1,60.1,61.0,70580859.0
2010/10/21,61.3,61.8,60.8,61.8,83208951.0
2010/10/25,62.0,62.3,61.8,62.3,76664388.0
2010/10/27,62.3,63.0,61.9,62.7,90258249.0
2010/10/29,63.0,63.5,62.5,63.5,144362769.0
2010/11/02,63.0,64.0,63.0,63.9,70367770.0
2010/11/04,63.9,64.6,63.6,64.2,77228745.0
2010/11/08,64.2,64.2,63.1,64.0,51853150.0
2010/11/10,64.0,64.3,63.7,63.7,72080873.0
2010/11/12,63.6,64.0,63.0,63.9,57372580.0
2010/11/16,64.3,64.7,63.6,63.8,108964575.0
2010/11/18,63.7,64.0,63.0,63.7,62926927.0
2010/11/22,63.6,64.3,63.2,63.4,56652415.0
2010/11/24,63.0,64.5,63.0,64.4,65078395.0
2010/11/26,63.9,64.7,63.8,64.3,70281524.0
2010/11/30,63.8,64.6,63.4,64.6,128686820.0
2010/12/02,65.0,70.0,64.9,68.3,218944467.0
2010/12/06,68.9,69.5,67.6,68.0,117881105.0
2010/12/08,68.6,70.1,67.8,70.0,138978231.0
2010/12/10,69.6,70.4,69.0,69.4,71121188.0
2010/12/14,69.9,70.1,68.5,70.0,116079344.0
2010/12/16,70.0,75.0,69.8,72.9,177708358.0
2010/12/20,73.0,73.0,70.8,71.3,156629821.0
2010/12/22,71.1,71.8,70.7,71.0,62688004.0
2010/12/24,71.0,71.0,70.0,70.7,101798274.0
2010/12/28,70.9,71.0,70.2,70.6,77025462.0
2010/12/30,70.6,72.3,70.1,71.0,199340844.0
2011/01/03,71.5,71.6,70.8,71.2,71795404.0
2011/01/05,70.9,71.1,69.6,71.0,101129420.0
2011/01/07,71.9,74.2,71.9,74.2,240032713.0
2011/01/11,74.1,75.0,73.8,74.9,136396493.0
2011/01/13,75.1,75.3,74.1,74.8,122922630.0
2011/01/17,75.4,77.4,75.2,76.8,124757462.0
2011/01/19,76.9,78.3,76.1,76.4,131015997.0
2011/01/21,74.0,75.4,74.0,75.3,127644650.0
2011/01/25,75.9,75.9,74.3,74.6,117625117.0
2011/01/27,74.9,77.0,74.8,75.5,180861827.0
2011/02/09,75.5,75.6,72.0,72.0,164879716.0
2011/02/11,72.2,72.9,70.9,72.5,179319620.0
2011/02/15,72.4,73.1,71.4,72.1,110918904.0
2011/02/17,72.4,73.9,71.6,73.0,123930558.0
2011/02/21,73.1,73.4,71.2,72.5,121731676.0
2011/02/23,71.5,71.9,70.5,70.5,143031003.0
2011/03/01,70.0,71.8,70.0,70.4,137665528.0
2011/03/03,70.1,72.0,70.1,71.8,120158419.0
2011/03/07,71.6,71.8,70.5,71.5,85990989.0
2011/03/09,72.2,72.2,70.1,70.5,110976616.0
2011/03/11,70.0,70.6,69.1,70.3,100641872.0
2011/03/15,70.0,70.1,66.2,68.5,179414807.0
2011/03/17,66.8,68.4,65.7,68.3,161163520.0
2011/03/21,68.3,69.5,68.0,68.6,71271813.0
2011/03/23,69.1,70.1,68.1,69.4,75986421.0
2011/03/25,70.4,71.2,70.0,71.0,82743178.0
2011/03/29,70.6,71.2,70.0,70.3,95846732.0
2011/03/31,71.0,72.9,70.0,72.9,160889748.0
2011/04/07,73.0,73.0,72.3,72.9,110979785.0
2011/04/11,73.0,73.0,70.1,70.1,108566748.0
2011/04/13,70.1,70.8,69.6,69.8,81648284.0
2011/04/15,70.0,70.0,68.8,69.0,79416848.0
2011/04/19,68.5,69.8,68.0,69.8,90978055.0
2011/04/21,70.7,71.3,70.3,70.9,76308941.0
2011/04/25,71.0,71.1,69.1,70.3,54034680.0
2011/04/27,71.5,73.7,71.5,73.0,142921639.0
2011/05/03,73.9,74.8,73.0,73.8,128347324.0
2011/05/05,74.0,75.6,73.6,75.0,99595707.0
2011/05/09,75.6,76.1,74.4,74.4,108063970.0
2011/05/11,75.3,76.0,74.1,75.7,102312053.0
2011/05/13,76.0,76.1,74.7,74.9,74224310.0
2011/05/17,74.6,76.0,74.6,75.3,69665552.0
2011/05/19,74.9,76.3,74.9,75.5,91823731.0
2011/05/23,74.7,75.5,74.2,74.8,73821474.0
2011/05/25,74.2,75.0,73.3,74.2,92821049.0
2011/05/27,73.8,75.3,73.8,75.1,83662822.0
2011/05/31,75.5,77.3,75.4,77.0,108240148.0
2011/06/02,76.3,78.2,76.3,77.5,103306796.0
2011/06/08,77.1,78.0,76.8,76.9,95217794.0
2011/06/10,77.0,77.5,73.9,74.7,127896552.0
2011/06/14,74.5,77.4,74.5,77.0,144815796.0
2011/06/16,76.0,76.2,74.1,74.2,154866911.0
2011/06/20,74.6,76.2,74.1,75.9,74450197.0
2011/06/22,76.3,76.3,73.8,74.2,116936009.0
2011/06/24,73.6,73.6,71.6,72.0,151945303.0
2011/06/28,72.1,72.6,70.4,71.4,194821945.0
2011/06/30,71.4,73.0,71.3,72.8,90838038.0
2011/07/04,73.9,73.9,72.4,73.2,83339539.0
2011/07/06,73.2,73.4,71.5,71.6,91187234.0
2011/07/08,72.1,72.8,70.2,71.3,105074436.0
2011/07/12,70.6,72.5,70.1,72.2,109117684.0
2011/07/14,70.5,71.4,69.5,69.9,143533258.0
2011/07/18,69.7,70.2,68.5,68.5,95425424.0
2011/07/20,69.7,71.7,69.4,71.6,91549277.0
2011/07/22,72.4,72.5,71.4,72.0,73206992.0
2011/07/26,72.3,73.9,72.3,73.4,98795497.0
2011/07/28,72.8,73.4,71.3,72.0,94413504.0
2011/08/01,72.0,72.8,71.2,71.4,74659913.0
2011/08/03,70.1,70.7,69.6,70.0,91129384.0
2011/08/05,66.0,68.0,64.0,65.2,187226636.0
2011/08/09,62.5,67.0,62.2,65.8,225840711.0
2011/08/11,64.6,67.6,64.0,65.1,118726617.0
2011/08/15,66.9,66.9,65.9,66.0,79269374.0
2011/08/17,66.0,66.2,63.3,64.4,109201301.0
2011/08/19,63.1,65.5,63.0,65.0,95640926.0
2011/08/23,65.0,67.7,65.0,67.5,97028586.0
2011/08/25,67.4,68.3,66.4,67.9,71396544.0
2011/08/29,68.6,70.3,68.1,69.0,72392548.0
2011/08/31,69.1,69.8,67.8,68.6,95784438.0
2011/09/02,69.5,69.5,65.9,66.6,94876284.0
2011/09/06,66.5,68.6,66.1,68.6,80967826.0
2011/09/08,69.6,70.0,68.4,68.4,77997520.0
2011/09/14,69.5,69.8,66.9,69.1,105082558.0
2011/09/16,70.4,72.0,70.3,71.2,107407720.0
2011/09/20,71.0,72.1,69.7,72.0,101325421.0
2011/09/22,70.2,70.5,67.4,67.5,154330410.0
2011/09/26,67.7,70.2,66.9,69.9,118406271.0
2011/09/28,70.8,70.9,69.3,70.3,86739806.0
2011/09/30,70.3,70.8,68.1,68.6,94486928.0
2011/10/04,70.0,70.0,68.2,69.1,72918177.0
2011/10/06,69.7,70.4,68.7,70.0,112990432.0
2011/10/12,70.5,70.5,68.8,70.4,100116007.0
2011/10/14,70.8,71.1,69.9,71.1,77844110.0
2011/10/18,70.1,71.1,70.0,71.1,58140973.0
2011/10/20,70.5,70.7,69.6,70.3,45253352.0
2011/10/24,71.2,72.0,71.0,71.5,93325064.0
2011/10/26,71.4,72.2,71.1,71.9,65165346.0
2011/10/28,73.5,74.0,72.1,73.6,140174861.0
2011/11/01,73.5,74.0,72.4,73.9,72057112.0
2011/11/03,74.2,74.9,72.3,74.6,100756853.0
2011/11/07,75.0,75.2,74.0,74.5,51167662.0
2011/11/09,74.9,74.9,72.5,72.6,70024534.0
2011/11/11,73.5,76.0,72.6,75.9,91252896.0
2011/11/15,75.5,76.0,74.9,75.4,77153060.0
2011/11/17,75.2,76.0,73.7,74.2,91403983.0
2011/11/21,73.2,75.2,73.0,74.0,70898488.0
2011/11/23,74.0,74.5,72.6,72.8,91593730.0
2011/11/25,73.0,74.4,71.3,73.6,73271119.0
2011/11/29,73.8,74.6,72.9,74.6,94174367.0
2011/12/01,75.5,76.8,75.4,76.0,113936519.0
2011/12/05,76.0,76.3,75.3,75.4,73290995.0
2011/12/07,76.5,76.7,75.3,76.3,72623360.0
2011/12/09,76.0,76.0,73.5,75.0,70617353.0
2011/12/13,73.7,75.2,73.7,74.5,60594969.0
2011/12/15,74.1,74.1,72.5,72.7,58606463.0
2011/12/19,73.5,73.5,72.0,72.8,51901188.0
2011/12/21,74.9,76.0,74.1,75.0,80862404.0
2011/12/23,75.8,75.8,74.6,75.0,41611668.0
2011/12/27,74.8,75.7,74.7,75.7,34688630.0
2011/12/29,75.4,75.9,74.9,75.8,57074722.0
2012/01/02,75.0,75.9,74.7,75.7,36168859.0
2012/01/04,76.1,76.1,75.3,76.0,62203142.0
2012/01/06,75.9,75.9,74.6,75.6,57778974.0
2012/01/10,76.0,77.0,75.8,76.5,106359660.0
2012/01/12,76.7,78.0,76.5,77.5,113278324.0
2012/01/16,76.1,76.9,74.6,75.6,81706498.0
2012/01/30,78.0,79.5,76.3,78.5,235465020.0
2012/02/01,77.5,77.7,76.1,76.8,101287801.0
2012/02/03,76.3,77.5,75.6,77.4,96957700.0
2012/02/07,77.5,77.5,76.8,77.5,65609187.0
2012/02/09,77.0,78.0,76.5,76.9,118258361.0
2012/02/13,76.4,77.4,76.2,77.3,78375000.0
2012/02/15,77.6,78.9,77.6,78.5,128922000.0
2012/02/17,79.5,81.1,79.4,80.0,94972000.0
2012/02/21,80.0,80.0,79.0,79.7,68533000.0
2012/02/23,79.0,79.4,77.2,79.1,99322000.0
2012/02/29,80.2,81.1,79.4,80.1,99117000.0
2012/03/02,80.0,80.1,79.1,79.3,31089000.0
2012/03/05,78.7,79.6,78.3,79.5,50485000.0
2012/03/07,79.0,80.2,78.7,79.7,66474000.0
2012/03/09,79.5,80.5,78.8,80.0,51615000.0
2012/03/13,80.6,83.2,80.1,83.2,107839000.0
2012/03/15,83.2,83.8,81.1,81.1,59151000.0
2012/03/19,83.7,84.2,82.4,83.2,66553000.0
2012/03/21,84.8,85.7,83.8,85.2,99274000.0
2012/03/23,85.0,85.4,82.5,83.6,88171000.0
2012/03/27,85.0,86.5,84.3,85.5,62482000.0
2012/03/29,84.5,84.9,82.9,84.9,93121000.0
2012/04/02,84.8,85.2,83.8,85.0,54865000.0
2012/04/05,83.3,84.0,83.1,83.8,76717000.0
2012/04/09,82.0,83.6,81.8,82.0,56541000.0
2012/04/11,82.0,83.5,81.5,82.6,77384000.0
2012/04/13,83.4,85.0,82.7,84.9,64146000.0
2012/04/17,84.9,85.0,83.4,85.0,61748000.0
2012/04/19,84.5,85.8,84.1,84.3,59031000.0
2012/04/23,84.2,84.6,83.4,84.6,45169000.0
2012/04/25,84.9,84.9,83.5,84.0,52084000.0
2012/04/27,87.0,89.8,85.7,86.8,164222000.0
2012/05/02,87.0,89.0,86.8,88.9,75065000.0
2012/05/04,86.7,88.0,85.0,85.6,84097000.0
2012/05/08,86.0,86.0,83.5,84.6,86358000.0
2012/05/10,85.0,85.7,84.3,85.5,61946000.0
2012/05/14,84.8,85.7,84.1,85.5,44578000.0
2012/05/16,84.2,85.1,83.4,85.1,98489000.0
2012/05/18,83.9,83.9,81.0,82.5,89910000.0
2012/05/22,82.7,82.9,79.0,79.1,96788000.0
2012/05/24,78.9,80.6,78.1,80.0,69036000.0
2012/05/28,80.0,83.2,79.8,82.3,69429000.0
2012/05/30,81.6,85.1,79.7,85.1,156415000.0
2012/06/01,81.7,81.7,76.1,76.5,132740000.0
2012/06/05,77.5,78.6,77.2,77.8,71111000.0
2012/06/07,79.4,79.8,77.0,77.9,82264000.0
2012/06/11,79.9,80.5,78.5,79.4,75285000.0
2012/06/13,80.8,80.8,79.1,79.2,62623000.0
2012/06/15,79.2,81.0,78.1,80.8,116951000.0
2012/06/19,80.9,81.6,80.0,81.6,57809000.0
2012/06/21,80.5,81.0,79.9,80.1,57166000.0
2012/06/25,80.8,80.8,78.3,78.7,76353000.0
2012/06/27,78.3,80.3,78.2,79.9,64956000.0
2012/06/29,79.6,83.7,79.3,83.3,108992000.0
2012/07/03,83.6,84.9,81.2,81.2,98827000.0
2012/07/05,82.0,82.0,80.1,80.9,64953000.0
2012/07/09,79.9,80.3,78.6,79.1,78455000.0
2012/07/11,78.1,78.3,75.7,75.7,126792000.0
2012/07/13,74.9,76.3,74.5,75.5,86867000.0
2012/07/17,74.5,75.3,74.5,74.8,88829000.0
2012/07/19,76.8,78.0,76.2,76.7,110313000.0
2012/07/23,75.1,75.1,73.8,74.8,97308000.0
2012/07/25,75.0,76.7,74.4,76.3,98903000.0
2012/07/27,77.9,80.4,77.2,79.0,110224000.0
2012/07/31,78.5,81.0,78.5,80.0,103417000.0
2012/08/03,79.5,81.5,79.2,80.9,104970000.0
2012/08/07,81.3,81.9,80.1,80.5,79905000.0
2012/08/09,81.3,82.4,81.2,82.0,84070000.0
2012/08/13,83.8,83.8,82.5,83.2,63502000.0
2012/08/15,83.7,83.7,82.5,82.9,55259000.0
2012/08/17,83.0,83.2,81.9,82.4,48046000.0
2012/08/21,82.7,83.9,81.9,82.4,70362000.0
2012/08/23,82.4,82.8,81.7,82.0,47796000.0
2012/08/27,82.9,83.5,82.0,82.4,57451000.0
2012/08/29,82.6,83.2,82.1,82.7,63866000.0
2012/08/31,82.4,83.9,82.4,83.9,34215000.0
2012/09/04,84.0,84.0,81.9,82.0,64906000.0
2012/09/06,82.8,83.9,81.0,83.8,70196000.0
2012/09/10,83.3,84.7,83.2,84.4,48441000.0
2012/09/12,84.5,85.0,84.5,85.0,66993000.0
2012/09/14,85.6,87.0,85.5,86.5,76501000.0
2012/09/18,86.5,86.5,85.1,86.0,77398000.0
2012/09/20,86.0,86.5,85.1,85.7,75797000.0
2012/09/24,85.7,86.4,85.1,85.9,66184000.0
2012/09/26,85.4,87.8,85.0,87.6,90720000.0
2012/09/28,88.6,89.8,88.3,88.9,96654000.0
2012/10/02,89.2,89.9,88.9,89.8,49905000.0
2012/10/04,89.9,91.3,89.5,91.0,71659000.0
2012/10/08,91.0,91.0,87.1,87.1,98033000.0
2012/10/11,85.1,86.3,84.8,86.3,97827000.0
2012/10/15,86.1,87.5,85.4,87.5,48280000.0
2012/10/17,87.8,88.2,86.5,88.1,55139000.0
2012/10/19,86.2,87.3,85.6,86.0,47612000.0
2012/10/23,85.9,86.4,85.1,85.4,44380000.0
2012/10/25,85.4,88.3,84.5,87.3,101555000.0
2012/10/29,88.3,89.1,87.6,88.0,66296000.0
2012/10/31,88.0,89.2,87.7,89.2,61884000.0
2012/11/02,90.0,90.3,88.8,90.3,70293000.0
2012/11/06,90.6,91.0,89.7,91.0,48358000.0
2012/11/08,90.8,90.9,89.5,90.8,76205000.0
2012/11/12,91.0,91.8,89.3,90.3,66882000.0
2012/11/14,90.0,90.9,89.0,90.2,55233000.0
2012/11/16,89.2,90.5,89.2,90.0,55509000.0
2012/11/20,90.0,90.9,89.2,90.5,51456000.0
2012/11/22,90.3,95.5,90.3,95.5,84618000.0
2012/11/26,95.5,96.3,94.3,96.3,83013000.0
2012/11/28,95.8,97.3,95.3,96.5,103329000.0
2012/11/30,96.0,98.8,95.9,97.9,116575000.0
2012/12/04,96.9,97.2,94.6,96.9,101866000.0
2012/12/06,96.6,98.5,96.1,98.1,70079000.0
2012/12/10,97.9,98.3,96.5,98.3,69560000.0
2012/12/12,98.3,99.4,97.2,99.2,72313000.0
2012/12/14,98.2,98.6,96.2,97.0,79550000.0
2012/12/18,95.0,97.3,95.0,97.3,63122000.0
2012/12/20,96.1,96.9,94.6,94.8,69688000.0
2012/12/22,95.7,96.4,95.0,95.2,24322000.0
2012/12/25,96.0,97.3,95.6,96.0,27913000.0
2012/12/27,96.2,97.0,95.5,97.0,49766000.0
2013/01/02,97.6,102.0,97.1,101.0,84634000.0
2013/01/04,100.5,101.5,99.1,100.5,79566000.0
2013/01/08,99.6,100.5,98.9,100.0,57227000.0
2013/01/10,99.9,101.5,99.5,101.0,58156000.0
2013/01/14,101.0,102.0,99.8,100.5,59065000.0
2013/01/16,100.5,101.0,98.5,99.3,68324000.0
2013/01/18,101.5,101.5,100.0,100.5,66994000.0
2013/01/22,101.0,101.5,99.9,101.0,44981000.0
2013/01/24,100.0,100.5,98.0,99.0,87450000.0
2013/01/28,98.7,101.5,98.6,101.0,64463000.0
2013/01/30,102.0,102.0,100.0,101.5,67551000.0
2013/02/01,101.5,103.0,100.5,103.0,55996000.0
2013/02/05,103.0,105.0,101.5,105.0,47775000.0
2013/02/18,107.0,108.5,106.5,107.0,85503000.0
2013/02/20,108.5,109.5,107.0,107.0,70792000.0
2013/02/22,106.0,107.0,105.0,105.0,75257000.0
2013/02/26,103.5,105.0,101.0,104.5,119291000.0
2013/03/01,103.0,105.0,101.5,102.0,81441000.0
2013/03/05,103.5,104.5,102.5,104.0,89890000.0
2013/03/07,103.5,104.5,102.0,103.5,65089000.0
2013/03/11,102.0,104.0,101.5,102.5,65701000.0
2013/03/13,102.5,105.0,102.0,104.0,89728000.0
2013/03/15,105.0,105.0,100.5,100.5,78326000.0
2013/03/19,101.0,101.5,98.8,98.8,108820000.0
2013/03/21,98.8,100.5,98.0,98.0,101237000.0
2013/03/25,99.9,100.5,98.8,99.0,51386000.0
2013/03/27,99.0,100.5,98.8,100.0,53546000.0
2013/03/29,100.0,102.0,99.8,101.0,34907000.0
2013/04/02,100.5,101.5,99.8,100.5,48603000.0
2013/04/08,99.0,99.5,97.5,97.5,94491000.0
2013/04/10,98.8,101.5,97.7,101.5,88949000.0
2013/04/12,101.5,101.5,99.1,99.4,42187000.0
2013/04/16,98.2,101.5,98.2,100.0,68699000.0
2013/04/18,100.0,106.5,99.4,106.5,98965000.0
2013/04/22,108.5,109.5,105.5,106.0,118005000.0
2013/04/24,106.5,107.0,104.5,107.0,61528000.0
2013/04/26,107.0,109.0,107.0,108.0,57428000.0
2013/04/30,108.5,111.0,108.5,110.5,71627000.0
2013/05/03,111.5,112.5,110.0,111.5,55770000.0
2013/05/07,112.0,115.0,111.0,114.5,60187000.0
2013/05/09,116.0,116.0,114.0,114.5,45348000.0
2013/05/14,115.5,116.5,113.5,115.0,53684000.0
2013/05/16,115.0,116.0,111.5,113.5,63378000.0
2013/05/20,112.5,114.0,112.0,112.5,31656000.0
2013/05/22,112.5,113.5,108.0,108.0,77570000.0
2013/05/24,109.5,112.0,108.5,112.0,45699000.0
2013/05/28,112.0,112.5,109.5,111.0,37945000.0
2013/05/30,111.0,111.5,109.0,109.5,73250000.0
2013/06/03,108.0,110.0,106.5,109.0,63185000.0
2013/06/05,109.5,110.5,107.0,107.5,54975000.0
2013/06/07,108.0,110.0,108.0,108.5,54032000.0
2013/06/11,110.0,110.0,104.0,104.5,95060000.0
2013/06/14,105.0,106.0,104.5,106.0,64068000.0
2013/06/18,105.0,106.5,104.5,105.5,51960000.0
2013/06/20,105.0,105.5,101.5,103.5,68738000.0
2013/06/24,102.5,103.0,100.0,101.0,85840000.0
2013/06/26,103.0,105.0,101.5,104.5,100360000.0
2013/06/28,106.0,111.0,105.0,108.0,125737000.0
2013/07/02,109.0,110.0,105.5,107.0,88913000.0
2013/07/04,106.5,109.5,106.0,109.0,52482000.0
2013/07/08,107.0,108.0,103.5,106.0,66990000.0
2013/07/10,104.5,109.5,104.5,109.5,78020000.0
2013/07/12,109.5,110.0,108.0,109.5,64145000.0
2013/07/16,108.5,109.0,107.0,109.0,72249000.0
2013/07/18,107.5,108.0,98.2,98.2,161373000.0
2013/07/22,98.0,101.5,96.9,100.0,172453000.0
2013/07/24,100.5,103.5,100.0,102.5,94659000.0
2013/07/26,103.0,103.0,100.0,100.0,70046000.0
2013/07/30,100.5,103.0,100.5,102.5,70763000.0
2013/08/01,102.0,103.0,100.0,100.5,55796000.0
2013/08/05,100.0,101.5,98.6,98.8,66091000.0
2013/08/07,98.5,98.5,95.3,96.4,101018000.0
2013/08/09,100.0,100.0,95.6,96.0,80435000.0
2013/08/13,96.0,97.4,95.8,96.8,75979000.0
2013/08/15,96.4,97.5,95.2,96.5,80156000.0
2013/08/19,95.5,96.1,94.4,94.4,90716000.0
2013/08/22,93.0,97.3,92.9,97.0,104461000.0
2013/08/26,97.6,97.6,95.6,95.6,41098000.0
2013/08/28,95.6,98.9,95.1,98.7,71427000.0
2013/08/30,99.6,102.0,98.8,102.0,68026000.0
2013/09/03,103.0,103.0,100.0,100.5,56257000.0
2013/09/05,100.5,102.0,100.0,102.0,54633000.0
2013/09/09,102.5,104.5,101.0,104.5,69819000.0
2013/09/11,103.0,104.5,102.5,103.5,73104000.0
2013/09/13,102.5,105.5,102.0,105.5,62863000.0
2013/09/17,105.5,105.5,103.0,103.0,53515000.0
2013/09/23,103.0,106.0,102.5,105.0,80036000.0
2013/09/25,104.5,104.5,101.5,101.5,54720000.0
2013/09/27,103.5,103.5,100.0,100.5,71454000.0
2013/10/01,100.5,103.5,100.5,103.0,36743000.0
2013/10/03,103.5,106.0,103.0,104.0,70494000.0
2013/10/07,103.5,105.5,102.0,105.0,41929000.0
2013/10/09,104.0,107.5,103.0,106.5,78550000.0
2013/10/14,106.5,107.0,105.0,107.0,39951000.0
2013/10/16,108.0,108.0,106.0,107.0,46577000.0
2013/10/18,108.5,111.5,108.5,110.0,98930000.0
2013/10/22,110.0,111.5,109.5,111.0,60122000.0
2013/10/24,109.0,110.0,106.5,107.0,57220000.0
2013/10/28,108.0,109.5,107.5,109.5,42668000.0
2013/10/30,109.0,110.0,108.0,109.5,39054000.0
2013/11/01,110.5,110.5,108.0,109.0,20438000.0
2013/11/05,108.5,109.0,106.5,107.0,36741000.0
2013/11/07,107.0,107.5,105.0,106.0,46443000.0
2013/11/11,105.0,106.0,104.5,105.0,53051000.0
2013/11/13,105.0,105.0,103.0,103.5,56554000.0
2013/11/15,103.5,105.0,103.5,104.0,44443000.0
2013/11/19,104.5,105.5,102.5,103.0,79850000.0
2013/11/21,102.0,103.0,100.0,100.0,113430000.0
2013/11/25,101.0,105.0,101.0,103.5,75809000.0
2013/11/27,105.0,105.5,104.5,105.0,44508000.0
2013/11/29,104.5,105.5,104.0,104.5,53285000.0
2013/12/03,104.0,105.5,103.5,105.0,45235000.0
2013/12/05,105.0,105.0,103.0,103.0,50301000.0
2013/12/09,104.0,105.0,104.0,104.0,46128000.0
2013/12/11,103.5,105.0,103.0,103.0,42835000.0
2013/12/13,102.5,103.5,102.0,102.0,46913000.0
2013/12/17,103.0,104.5,101.0,101.0,81558000.0
2013/12/19,102.0,103.5,101.5,102.0,65252000.0
2013/12/23,103.0,104.5,103.0,103.0,42258000.0
2013/12/25,102.5,104.0,102.5,104.0,16500000.0
2013/12/27,103.5,106.0,103.0,106.0,68268000.0
2013/12/31,105.5,106.0,103.5,104.5,39471000.0
2014/01/03,103.0,103.0,102.0,102.5,62305000.0
2014/01/07,102.5,104.5,102.0,104.0,46054000.0
2014/01/09,102.5,103.0,100.5,102.0,97264000.0
2014/01/13,103.0,103.5,102.0,103.5,41184000.0
2014/01/15,104.0,107.5,104.0,107.0,103736000.0
2014/01/17,108.0,108.5,107.0,107.5,77691000.0
2014/01/21,108.5,108.5,106.0,107.5,53266000.0
2014/01/23,108.5,108.5,107.0,108.0,61909000.0
2014/01/27,106.0,106.5,100.5,100.5,210344000.0
2014/02/06,101.0,104.5,101.0,104.0,125999000.0
2014/02/10,104.0,105.0,103.0,104.5,47251000.0
2014/02/12,105.0,106.0,104.5,105.0,42253000.0
2014/02/14,106.5,108.5,106.5,108.5,76061000.0
2014/02/18,108.5,108.5,107.0,108.0,49063000.0
2014/02/20,106.5,107.5,106.0,107.5,59877000.0
2014/02/24,107.5,108.0,106.0,108.0,63532000.0
2014/02/26,107.5,108.0,107.0,108.0,83491000.0
2014/03/03,108.0,108.0,106.5,107.5,99346000.0
2014/03/05,108.5,113.5,108.5,113.0,124583000.0
2014/03/07,114.0,115.0,112.5,113.0,103497000.0
2014/03/11,113.5,114.5,112.0,113.0,46791000.0
2014/03/13,116.5,117.5,114.0,115.0,101642000.0
2014/03/17,114.5,115.0,113.0,114.5,71309000.0
2014/03/19,114.5,115.0,112.0,112.0,77463000.0
2014/03/21,114.0,114.0,111.5,112.5,88551000.0
2014/03/25,111.5,116.0,111.5,115.5,81343000.0
2014/03/27,114.5,117.5,114.0,117.5,74399000.0
2014/03/31,118.0,119.5,116.5,119.5,86936000.0
2014/04/02,120.5,121.0,117.5,118.5,80088000.0
2014/04/07,117.5,119.5,116.5,119.0,84888000.0
2014/04/09,119.5,120.0,118.5,119.5,54190000.0
2014/04/11,118.5,121.0,118.0,120.5,64746000.0
2014/04/15,121.5,122.5,121.0,121.0,78496000.0
2014/04/17,120.5,123.0,119.0,123.0,68524000.0
2014/04/21,122.0,122.5,120.5,121.5,44410000.0
2014/04/23,123.0,123.0,120.0,121.0,55443000.0
2014/04/25,121.0,121.0,117.5,119.0,77378000.0
2014/04/29,120.5,121.0,117.0,118.5,65423000.0
2014/05/02,119.0,119.5,116.0,117.0,71233000.0
2014/05/06,117.0,119.0,116.5,118.5,60725000.0
2014/05/08,119.5,120.0,119.0,120.0,49537000.0
2014/05/12,119.5,121.0,117.5,120.5,59479000.0
2014/05/14,121.0,122.0,120.5,122.0,49542000.0
2014/05/16,122.0,123.0,121.0,121.0,46763000.0
2014/05/20,122.0,122.0,120.5,120.5,49370000.0
2014/05/22,121.5,122.5,121.0,122.0,58016000.0
2014/05/26,123.0,124.0,122.0,123.5,37804000.0
2014/05/28,124.0,124.0,121.5,122.0,79698000.0
2014/05/30,122.0,122.5,119.5,122.5,106598000.0
2014/06/04,123.5,124.0,121.5,123.0,52931000.0
2014/06/06,123.5,123.5,122.0,123.0,38914000.0
2014/06/10,123.0,125.0,122.5,125.0,52820000.0
2014/06/12,124.0,124.0,122.5,123.0,39298000.0
2014/06/16,122.5,125.0,122.5,125.0,33345000.0
2014/06/18,125.0,126.5,124.0,126.0,55111000.0
2014/06/20,126.5,127.0,123.0,123.0,55190000.0
2014/06/24,123.0,124.5,122.0,123.5,63982000.0
2014/06/26,124.5,126.5,123.5,125.5,74675000.0
2014/06/30,126.0,128.5,125.0,128.0,66202000.0
2014/07/02,129.5,135.0,129.0,134.5,91633000.0
2014/07/04,133.5,136.0,132.0,136.0,76129000.0
2014/07/08,135.5,136.0,133.5,134.0,75262000.0
2014/07/10,134.5,138.0,134.5,136.5,90242000.0
2014/07/14,134.5,134.5,132.5,133.0,83310000.0
2014/07/16,133.0,133.5,123.0,124.5,175263000.0
2014/07/18,121.5,124.5,121.5,123.5,152323000.0
2014/07/22,123.5,125.0,122.5,125.0,118822000.0
2014/07/25,124.5,125.0,121.0,121.5,74724000.0
2014/07/29,122.5,125.0,122.0,124.5,70375000.0
2014/07/31,124.0,124.0,119.5,120.0,97203000.0
2014/08/04,120.0,123.5,119.5,119.5,100817000.0
2014/08/06,119.0,121.5,119.0,121.5,64054000.0
2014/08/08,120.5,121.0,119.5,120.5,77965000.0
2014/08/12,121.0,123.5,120.5,122.5,71993000.0
2014/08/14,123.5,125.0,123.0,124.0,52058000.0
2014/08/18,124.0,125.0,122.5,124.0,46153000.0
2014/08/20,125.0,126.0,124.0,124.5,51438000.0
2014/08/22,124.5,126.0,123.5,125.0,62792000.0
2014/08/26,125.0,126.0,124.0,125.5,65580000.0
2014/08/28,126.0,126.0,124.0,124.0,49911000.0
2014/09/01,125.0,128.5,125.0,126.0,55486000.0
2014/09/03,127.0,128.0,125.5,127.5,46202000.0
2014/09/05,128.5,128.5,125.5,127.0,42186000.0
2014/09/10,126.0,126.0,124.0,125.0,52121000.0
2014/09/12,124.5,125.0,122.0,123.5,39316000.0
2014/09/16,123.0,125.0,122.0,124.5,42691000.0
2014/09/18,124.5,126.0,123.5,125.0,45329000.0
2014/09/22,124.0,124.0,122.0,122.5,54651000.0
2014/09/24,122.0,124.0,121.5,122.0,50826000.0
2014/09/26,121.0,122.0,120.0,120.5,78328000.0
2014/09/30,120.0,122.0,119.0,121.5,86281000.0
2014/10/02,121.0,125.0,120.5,124.5,82764000.0
2014/10/06,125.0,126.0,123.5,125.0,77172000.0
2014/10/08,123.5,125.0,122.5,125.0,64568000.0
2014/10/13,119.0,121.5,118.0,121.0,101045000.0
2014/10/15,121.5,124.0,120.0,121.5,89449000.0
2014/10/17,125.0,126.0,123.5,126.0,129873000.0
2014/10/21,126.0,129.0,124.5,129.0,89749000.0
2014/10/23,128.0,128.5,125.0,125.5,68456000.0
2014/10/27,126.5,129.5,126.5,128.0,60103000.0
2014/10/29,129.0,129.5,127.0,128.5,70271000.0
2014/10/31,128.0,132.5,127.5,131.0,86895000.0
2014/11/04,132.0,132.0,131.0,132.0,54611000.0
2014/11/06,132.5,132.5,130.5,131.0,45083000.0
2014/11/10,132.5,135.0,132.0,134.0,63020000.0
2014/11/12,134.5,134.5,131.5,134.0,52255000.0
2014/11/14,134.0,135.5,132.5,133.0,47217000.0
2014/11/18,134.0,136.5,131.0,136.0,113608000.0
2014/11/20,137.5,139.5,137.0,138.5,74480000.0
2014/11/24,140.0,140.5,138.0,139.0,75940000.0
2014/11/26,138.5,142.0,138.0,140.0,49260000.0
2014/11/28,139.0,142.0,138.5,140.0,76931000.0
2014/12/02,139.5,139.5,136.5,138.0,84853000.0
2014/12/04,139.0,140.0,137.0,137.5,55276000.0
2014/12/08,138.0,139.0,137.0,138.0,51365000.0
2014/12/10,138.0,139.0,134.5,134.5,72009000.0
2014/12/12,135.0,136.5,134.5,136.0,75814000.0
2014/12/16,134.5,135.5,130.0,130.5,111696000.0
2014/12/18,132.0,138.0,131.0,138.0,94772000.0
2014/12/22,137.5,140.0,137.0,137.5,53699000.0
2014/12/24,136.0,138.0,136.0,137.5,24037000.0
2014/12/26,138.0,139.0,137.0,138.5,4836314000.0
2014/12/29,138.0,141.5,138.0,140.0,56782000.0
2014/12/31,139.0,141.0,137.5,139.5,50352000.0
2015/01/06,137.5,137.5,133.0,134.0,110481000.0
2015/01/08,136.5,138.0,133.0,134.0,104049000.0
2015/01/12,132.5,133.5,130.5,132.5,68156000.0
2015/01/14,132.5,133.0,130.0,131.5,89347000.0
2015/01/16,140.0,140.0,136.0,139.0,174028000.0
2015/01/20,139.0,141.0,137.5,141.0,103203000.0
2015/01/22,141.5,145.0,139.5,145.0,125935000.0
2015/01/26,145.5,147.0,143.5,147.0,99521000.0
2015/01/28,146.5,147.0,143.0,143.5,80357000.0
2015/01/30,145.0,145.5,140.5,142.5,72847000.0
2015/02/03,143.0,146.5,142.0,146.0,67576000.0
2015/02/05,145.5,146.0,143.0,143.0,50664000.0
2015/02/09,143.0,143.5,141.5,142.5,59609000.0
2015/02/11,146.0,149.5,146.0,148.5,104836000.0
2015/02/13,148.5,152.0,148.0,151.0,110346000.0
2015/02/25,152.5,154.5,150.5,150.5,103757000.0
2015/03/02,151.5,153.0,148.5,150.5,70522000.0
2015/03/04,150.0,151.5,148.5,150.0,61499000.0
2015/03/06,149.0,149.5,145.0,145.5,98479000.0
2015/03/10,145.0,148.0,143.0,146.0,98604000.0
2015/03/12,147.0,149.5,146.5,149.0,77634000.0
2015/03/16,149.0,150.0,146.0,149.0,92630000.0
2015/03/18,151.0,155.0,150.0,154.0,113878000.0
2015/03/20,151.5,154.0,151.5,153.5,63821000.0
2015/03/24,153.5,153.5,150.5,151.0,80510000.0
2015/03/26,145.5,147.0,142.5,142.5,263691000.0
2015/03/30,142.5,145.5,142.0,145.5,116371000.0
2015/04/01,145.0,148.0,143.5,147.0,87910000.0
2015/04/07,146.5,147.5,143.0,143.0,80862000.0
2015/04/09,144.0,147.0,143.0,147.0,80312000.0
2015/04/13,146.5,147.5,143.5,144.0,65349000.0
2015/04/15,143.5,147.0,141.5,147.0,125835000.0
2015/04/17,143.0,144.0,141.5,143.0,111049000.0
2015/04/21,142.0,143.5,141.5,142.5,36209000.0
